timestamp,speed,rpm,coolant_temp,battery_voltage,brake_pressure
2026-09-06 10:00:00,47,2383,89.7,13.46,76.4
2026-09-06 10:00:01,85,2654,91.3,13.57,76.6
2026-09-06 10:00:02,101,1287,89.7,14.03,17.4
2026-09-06 10:00:03,44,3153,78.5,13.78,82.1
2026-09-06 10:00:04,57,1330,79.6,14.38,85.1
2026-09-06 10:00:05,92,3010,85.1,13.73,74.0
2026-09-06 10:00:06,56,1836,84.5,13.8,93.2
2026-09-06 10:00:07,81,1714,85.4,13.61,28.6
2026-09-06 10:00:08,100,1714,89.8,14.07,67.1
2026-09-06 10:00:09,22,1502,75.9,13.71,87.5
2026-09-06 10:00:10,98,2949,82.9,13.33,55.2
2026-09-06 10:00:11,17,2437,79.5,13.38,47.7
2026-09-06 10:00:12,7,1193,89.0,13.22,47.9
2026-09-06 10:00:13,39,1035,77.0,13.77,42.1
2026-09-06 10:00:14,51,2859,91.4,13.73,18.9
2026-09-06 10:00:15,64,2849,94.3,14.21,28.0
2026-09-06 10:00:16,21,1488,77.9,14.33,6.6
2026-09-06 10:00:17,113,2990,78.3,13.23,88.1
2026-09-06 10:00:18,41,2778,79.9,13.88,94.7
2026-09-06 10:00:19,81,816,88.2,14.31,57.7
2026-09-06 10:00:20,5,1833,85.1,14.39,4.4
2026-09-06 10:00:21,47,1580,81.3,13.83,74.5
2026-09-06 10:00:22,20,2099,93.6,13.51,12.1
2026-09-06 10:00:23,60,3459,92.0,13.43,56.9
2026-09-06 10:00:24,34,1658,90.6,14.22,47.5
2026-09-06 10:00:25,107,2167,89.0,13.37,97.3
2026-09-06 10:00:26,3,2010,78.8,13.36,56.6
2026-09-06 10:00:27,10,1301,87.3,13.79,72.6
2026-09-06 10:00:28,93,936,76.7,14.25,22.8
2026-09-06 10:00:29,119,1722,76.3,14.27,91.8
2026-09-06 10:00:30,38,2341,83.6,13.28,0.3
2026-09-06 10:00:31,92,3343,90.4,13.63,40.8
2026-09-06 10:00:32,35,3267,81.5,13.5,12.3
2026-09-06 10:00:33,11,980,82.7,13.25,82.0
2026-09-06 10:00:34,21,1007,84.3,13.66,7.9
2026-09-06 10:00:35,69,1557,88.3,14.03,97.7
2026-09-06 10:00:36,21,1447,77.4,14.19,86.5
2026-09-06 10:00:37,45,2427,92.9,13.96,29.1
2026-09-06 10:00:38,87,1412,90.5,13.74,10.1
2026-09-06 10:00:39,108,917,80.9,13.75,62.4
2026-09-06 10:00:40,32,2487,78.8,13.36,36.0
2026-09-06 10:00:41,57,1756,83.8,14.15,5.9
2026-09-06 10:00:42,118,3216,92.4,13.24,84.0
2026-09-06 10:00:43,17,2162,77.1,13.56,9.8
2026-09-06 10:00:44,82,3003,93.0,13.89,1.3
2026-09-06 10:00:45,32,1431,92.6,14.08,17.5
2026-09-06 10:00:46,81,2625,79.2,13.44,45.9
2026-09-06 10:00:47,27,3480,83.1,14.02,49.1
2026-09-06 10:00:48,90,2946,87.8,13.7,72.0
2026-09-06 10:00:49,80,2568,76.7,14.4,65.1
2026-09-06 10:00:50,27,2437,85.2,13.87,36.3
2026-09-06 10:00:51,35,2302,84.6,13.73,92.6
2026-09-06 10:00:52,55,2079,87.6,13.57,71.3
2026-09-06 10:00:53,46,2372,84.0,13.94,97.8
2026-09-06 10:00:54,91,1706,80.4,13.55,76.2
2026-09-06 10:00:55,98,1740,80.1,13.26,58.0
2026-09-06 10:00:56,5,830,87.5,14.01,1.0
2026-09-06 10:00:57,62,1551,91.1,13.95,97.4
2026-09-06 10:00:58,17,2489,91.2,13.59,93.5
2026-09-06 10:00:59,50,862,90.0,13.71,73.7
2026-09-06 10:01:00,13,2117,91.3,13.37,17.2
2026-09-06 10:01:01,21,1302,92.9,13.59,26.9
2026-09-06 10:01:02,62,1674,85.0,14.4,95.7
2026-09-06 10:01:03,82,3056,82.3,14.02,72.6
2026-09-06 10:01:04,0,2229,89.1,13.47,31.5
2026-09-06 10:01:05,95,1421,81.3,14.28,91.6
2026-09-06 10:01:06,116,1371,87.6,13.44,19.8
2026-09-06 10:01:07,58,2156,91.4,13.7,55.7
2026-09-06 10:01:08,47,1852,85.0,13.33,85.0
2026-09-06 10:01:09,39,2129,79.5,13.82,42.3
2026-09-06 10:01:10,50,1885,86.7,13.58,13.6
2026-09-06 10:01:11,62,2541,88.4,13.32,65.7
2026-09-06 10:01:12,45,1633,89.9,14.08,73.8
2026-09-06 10:01:13,54,3001,80.4,13.93,28.7
2026-09-06 10:01:14,5,841,79.7,13.63,80.6
2026-09-06 10:01:15,109,1428,77.0,13.58,19.4
2026-09-06 10:01:16,3,2712,82.6,14.12,96.6
2026-09-06 10:01:17,43,3377,94.1,14.23,53.7
2026-09-06 10:01:18,99,991,94.7,13.81,77.3
2026-09-06 10:01:19,35,2323,82.0,13.44,76.0
2026-09-06 10:01:20,112,981,85.8,14.39,66.7
2026-09-06 10:01:21,116,2874,79.6,14.16,21.2
2026-09-06 10:01:22,116,844,88.7,14.28,92.0
2026-09-06 10:01:23,45,3126,83.5,14.32,20.4
2026-09-06 10:01:24,62,1731,75.3,14.18,29.7
2026-09-06 10:01:25,67,831,82.0,13.25,50.4
2026-09-06 10:01:26,107,2615,92.1,13.31,10.9
2026-09-06 10:01:27,21,3342,90.0,13.69,30.0
2026-09-06 10:01:28,55,1844,79.5,13.56,68.7
2026-09-06 10:01:29,114,2587,88.2,14.29,28.7
2026-09-06 10:01:30,55,2420,90.8,14.09,0.2
2026-09-06 10:01:31,112,3135,93.6,14.04,94.8
2026-09-06 10:01:32,81,1474,79.9,13.47,31.9
2026-09-06 10:01:33,82,1857,84.4,13.85,93.0
2026-09-06 10:01:34,23,2244,89.9,13.74,50.1
2026-09-06 10:01:35,68,1521,91.8,14.15,95.2
2026-09-06 10:01:36,9,2079,88.2,14.27,14.5
2026-09-06 10:01:37,64,3417,89.4,13.36,43.0
2026-09-06 10:01:38,88,2609,94.0,14.18,70.5
2026-09-06 10:01:39,5,1294,90.3,13.42,9.0
2026-09-06 10:01:40,74,2095,78.5,13.88,59.1
2026-09-06 10:01:41,29,2651,94.9,13.7,3.9
2026-09-06 10:01:42,103,3001,82.8,13.67,45.3
2026-09-06 10:01:43,120,2855,93.8,13.5,62.8
2026-09-06 10:01:44,63,1334,93.6,13.99,97.5
2026-09-06 10:01:45,28,1417,86.0,14.08,31.1
2026-09-06 10:01:46,94,1248,90.6,13.31,59.7
2026-09-06 10:01:47,65,1729,90.9,13.59,74.5
2026-09-06 10:01:48,104,1802,75.1,14.03,50.7
2026-09-06 10:01:49,115,3107,92.4,13.85,72.8
2026-09-06 10:01:50,48,1372,88.0,14.39,23.2
2026-09-06 10:01:51,95,2373,77.1,14.29,19.7
2026-09-06 10:01:52,9,1099,90.2,13.52,19.6
2026-09-06 10:01:53,96,3258,92.6,13.79,9.3
2026-09-06 10:01:54,100,3285,92.3,14.22,10.9
2026-09-06 10:01:55,25,1018,86.3,14.39,18.8
2026-09-06 10:01:56,68,2852,91.1,13.95,60.4
2026-09-06 10:01:57,30,1057,79.7,14.31,38.6
2026-09-06 10:01:58,68,1092,78.3,13.88,0.3
2026-09-06 10:01:59,21,2872,85.3,13.78,94.1
2026-09-06 10:02:00,27,2541,77.2,14.26,44.7
2026-09-06 10:02:01,101,1096,80.3,14.0,59.2
2026-09-06 10:02:02,84,1327,89.5,13.84,52.3
2026-09-06 10:02:03,2,913,80.7,13.89,60.7
2026-09-06 10:02:04,29,2249,91.1,13.66,93.8
2026-09-06 10:02:05,111,3438,82.0,13.33,78.0
2026-09-06 10:02:06,26,2939,84.3,13.36,64.3
2026-09-06 10:02:07,29,957,85.3,13.78,64.7
2026-09-06 10:02:08,39,1328,75.0,14.08,27.1
2026-09-06 10:02:09,112,1087,90.7,14.28,73.3
2026-09-06 10:02:10,26,1751,83.2,13.37,81.6
2026-09-06 10:02:11,120,1259,83.0,13.92,90.6
2026-09-06 10:02:12,26,2162,81.1,14.25,22.1
2026-09-06 10:02:13,57,2094,80.2,13.99,33.6
2026-09-06 10:02:14,3,1453,87.1,13.62,90.3
2026-09-06 10:02:15,102,1891,90.0,13.85,63.2
2026-09-06 10:02:16,94,1688,85.9,14.03,83.2
2026-09-06 10:02:17,55,2769,94.4,14.19,39.7
2026-09-06 10:02:18,89,2981,91.2,13.58,77.6
2026-09-06 10:02:19,27,2347,77.3,14.3,46.3
2026-09-06 10:02:20,3,2169,75.2,13.27,63.7
2026-09-06 10:02:21,82,2166,88.1,13.98,60.9
2026-09-06 10:02:22,56,1339,81.7,14.34,4.0
2026-09-06 10:02:23,31,1408,92.4,13.36,52.2
2026-09-06 10:02:24,42,1068,89.9,13.9,61.8
2026-09-06 10:02:25,40,2210,76.3,13.33,74.3
2026-09-06 10:02:26,93,2876,79.3,13.96,47.8
2026-09-06 10:02:27,6,813,86.2,13.34,31.8
2026-09-06 10:02:28,96,2204,85.6,13.5,70.3
2026-09-06 10:02:29,103,1848,81.3,13.58,48.4
2026-09-06 10:02:30,111,3460,75.8,14.14,90.7
2026-09-06 10:02:31,3,3406,94.8,13.42,61.4
2026-09-06 10:02:32,48,1983,78.0,13.66,63.7
2026-09-06 10:02:33,91,1266,78.9,13.32,30.6
2026-09-06 10:02:34,27,897,87.0,14.07,38.3
2026-09-06 10:02:35,17,1632,90.6,14.32,16.7
2026-09-06 10:02:36,52,1633,88.6,14.18,9.7
2026-09-06 10:02:37,29,1366,94.8,13.26,81.4
2026-09-06 10:02:38,3,2078,89.2,14.36,81.2
2026-09-06 10:02:39,14,3303,93.4,13.43,16.5
2026-09-06 10:02:40,55,1868,77.3,14.31,7.0
2026-09-06 10:02:41,16,3258,81.6,13.62,86.1
2026-09-06 10:02:42,40,807,82.5,13.71,5.7
2026-09-06 10:02:43,7,3315,80.9,13.65,24.7
2026-09-06 10:02:44,29,1154,84.7,13.49,90.5
2026-09-06 10:02:45,30,1486,84.2,14.35,80.7
2026-09-06 10:02:46,49,1452,86.8,13.4,84.5
2026-09-06 10:02:47,103,2674,88.7,14.03,3.2
2026-09-06 10:02:48,70,923,78.9,13.43,72.0
2026-09-06 10:02:49,9,1200,78.1,13.72,51.4
2026-09-06 10:02:50,21,1792,78.2,14.02,59.9
2026-09-06 10:02:51,38,2787,87.6,13.51,89.4
2026-09-06 10:02:52,96,1984,86.0,13.9,34.6
2026-09-06 10:02:53,72,2327,82.4,14.29,23.9
2026-09-06 10:02:54,108,1663,76.1,13.99,98.4
2026-09-06 10:02:55,31,1190,84.6,14.35,99.0
2026-09-06 10:02:56,65,1907,92.7,13.6,56.4
2026-09-06 10:02:57,116,2970,80.5,14.12,44.9
2026-09-06 10:02:58,50,2472,83.8,13.27,46.1
2026-09-06 10:02:59,69,2405,90.0,13.66,95.2
2026-09-06 10:03:00,38,3047,92.0,13.59,93.9
2026-09-06 10:03:01,4,1712,84.8,13.28,52.0
2026-09-06 10:03:02,55,3375,91.7,13.92,43.6
2026-09-06 10:03:03,52,1215,87.1,13.84,32.4
2026-09-06 10:03:04,41,1469,90.4,13.79,41.6
2026-09-06 10:03:05,84,2722,88.9,14.07,57.7
2026-09-06 10:03:06,28,3290,82.6,13.55,67.6
2026-09-06 10:03:07,84,2237,93.8,13.27,12.6
2026-09-06 10:03:08,98,3368,94.4,14.26,24.2
2026-09-06 10:03:09,64,1632,76.8,13.28,65.6
2026-09-06 10:03:10,49,1066,75.4,13.81,36.3
2026-09-06 10:03:11,91,1306,91.4,13.36,93.7
2026-09-06 10:03:12,111,1084,82.9,13.48,66.2
2026-09-06 10:03:13,115,2707,79.7,13.24,12.7
2026-09-06 10:03:14,19,1743,78.1,13.89,38.8
2026-09-06 10:03:15,59,2976,90.0,14.06,79.6
2026-09-06 10:03:16,69,1033,77.7,14.33,12.4
2026-09-06 10:03:17,34,1760,92.9,13.69,29.0
2026-09-06 10:03:18,78,2721,88.2,13.77,11.4
2026-09-06 10:03:19,60,3198,91.4,14.31,71.9
2026-09-06 10:03:20,22,2354,94.2,14.11,68.4
2026-09-06 10:03:21,19,1531,82.9,13.38,26.9
2026-09-06 10:03:22,27,1427,93.8,13.22,67.3
2026-09-06 10:03:23,108,2156,90.5,14.04,42.0
2026-09-06 10:03:24,116,3082,93.9,13.36,28.0
2026-09-06 10:03:25,93,2259,94.3,14.13,82.2
2026-09-06 10:03:26,65,1981,85.6,14.13,36.2
2026-09-06 10:03:27,99,1646,94.7,13.94,65.9
2026-09-06 10:03:28,91,2319,92.8,13.21,54.3
2026-09-06 10:03:29,113,1280,90.3,13.69,97.3
2026-09-06 10:03:30,63,1368,78.6,13.51,39.3
2026-09-06 10:03:31,66,3111,84.0,14.17,85.6
2026-09-06 10:03:32,94,1764,75.6,13.61,42.1
2026-09-06 10:03:33,8,1663,93.7,13.3,96.1
2026-09-06 10:03:34,117,1580,76.5,13.69,5.2
2026-09-06 10:03:35,17,3185,89.3,13.44,94.6
2026-09-06 10:03:36,23,1537,86.7,13.71,79.7
2026-09-06 10:03:37,76,1020,81.0,13.72,68.2
2026-09-06 10:03:38,19,1989,89.8,13.98,76.1
2026-09-06 10:03:39,94,2228,79.0,13.72,86.7
2026-09-06 10:03:40,87,1342,91.5,13.4,40.1
2026-09-06 10:03:41,77,2727,79.3,13.48,55.3
2026-09-06 10:03:42,0,3191,79.5,14.38,13.8
2026-09-06 10:03:43,21,1621,75.1,14.23,29.6
2026-09-06 10:03:44,120,2198,84.2,13.98,78.3
2026-09-06 10:03:45,63,1527,77.1,13.88,39.2
2026-09-06 10:03:46,52,1883,85.0,14.1,73.6
2026-09-06 10:03:47,41,1586,84.0,13.34,95.7
2026-09-06 10:03:48,78,1939,89.2,13.28,78.8
2026-09-06 10:03:49,35,3038,91.1,14.22,26.1
2026-09-06 10:03:50,19,1034,82.8,13.38,91.3
2026-09-06 10:03:51,73,2108,83.0,13.9,51.6
2026-09-06 10:03:52,116,3422,81.0,13.53,63.3
2026-09-06 10:03:53,11,2072,88.0,13.94,33.3
2026-09-06 10:03:54,52,1638,85.3,13.67,41.9
2026-09-06 10:03:55,3,3248,93.9,13.34,99.0
2026-09-06 10:03:56,118,1610,75.4,13.52,93.7
2026-09-06 10:03:57,11,2410,76.5,14.2,12.3
2026-09-06 10:03:58,2,2265,88.1,13.27,62.2
2026-09-06 10:03:59,52,1732,88.4,13.91,93.5
2026-09-06 10:04:00,57,2026,82.4,14.07,2.6
2026-09-06 10:04:01,30,1205,77.0,14.15,97.5
2026-09-06 10:04:02,22,1886,92.3,14.05,71.4
2026-09-06 10:04:03,101,3455,87.6,13.92,33.7
2026-09-06 10:04:04,8,1848,88.1,14.24,79.7
2026-09-06 10:04:05,91,1815,76.2,14.13,25.6
2026-09-06 10:04:06,39,989,91.8,13.85,86.8
2026-09-06 10:04:07,94,988,78.2,13.6,29.9
2026-09-06 10:04:08,78,2701,75.8,13.7,11.2
2026-09-06 10:04:09,10,2275,92.7,13.55,95.8
2026-09-06 10:04:10,28,1860,84.1,14.23,89.1
2026-09-06 10:04:11,39,3389,84.4,14.13,8.6
2026-09-06 10:04:12,96,3089,95.0,13.56,31.7
2026-09-06 10:04:13,6,1600,80.3,13.42,73.0
2026-09-06 10:04:14,60,2538,78.9,13.46,25.9
2026-09-06 10:04:15,103,2187,75.4,14.1,75.0
2026-09-06 10:04:16,95,2368,92.5,14.03,88.5
2026-09-06 10:04:17,118,1723,87.3,13.52,80.6
2026-09-06 10:04:18,2,1474,90.3,13.64,57.7
2026-09-06 10:04:19,2,2337,84.9,14.31,37.9
2026-09-06 10:04:20,26,1793,93.2,14.32,59.7
2026-09-06 10:04:21,50,2682,92.5,14.21,86.1
2026-09-06 10:04:22,63,2501,86.5,13.73,28.1
2026-09-06 10:04:23,56,3326,82.8,14.31,46.3
2026-09-06 10:04:24,63,2693,78.8,13.46,57.1
2026-09-06 10:04:25,108,1978,75.4,14.03,82.1
2026-09-06 10:04:26,11,3001,76.8,13.39,9.5
2026-09-06 10:04:27,106,3022,86.5,13.98,79.5
2026-09-06 10:04:28,119,1245,89.6,14.16,43.8
2026-09-06 10:04:29,59,877,81.8,13.84,76.6
2026-09-06 10:04:30,106,2199,82.5,13.77,93.6
2026-09-06 10:04:31,26,2560,92.5,13.99,22.0
2026-09-06 10:04:32,23,1950,86.4,14.4,11.8
2026-09-06 10:04:33,1,978,81.0,13.41,66.2
2026-09-06 10:04:34,36,3302,90.6,14.06,46.7
2026-09-06 10:04:35,86,1254,88.8,14.06,68.1
2026-09-06 10:04:36,88,926,82.6,14.27,7.1
2026-09-06 10:04:37,3,2078,76.5,13.58,56.7
2026-09-06 10:04:38,15,1122,92.6,13.24,83.0
2026-09-06 10:04:39,4,3459,79.2,13.43,17.2
2026-09-06 10:04:40,11,2526,84.8,13.67,53.5
2026-09-06 10:04:41,6,1587,88.1,13.21,5.0
2026-09-06 10:04:42,30,1724,78.1,13.39,19.7
2026-09-06 10:04:43,25,1787,90.5,13.38,20.4
2026-09-06 10:04:44,60,3483,89.0,14.11,11.0
2026-09-06 10:04:45,106,1233,86.9,13.92,93.7
2026-09-06 10:04:46,26,859,87.2,14.15,84.6
2026-09-06 10:04:47,17,1153,87.4,13.3,21.2
2026-09-06 10:04:48,85,1001,88.9,14.25,11.4
2026-09-06 10:04:49,57,3064,82.0,13.84,28.0
2026-09-06 10:04:50,115,1915,93.9,13.84,77.6
2026-09-06 10:04:51,116,1985,90.7,14.31,3.6
2026-09-06 10:04:52,72,2698,86.6,13.58,75.1
2026-09-06 10:04:53,34,2248,82.6,13.66,93.5
2026-09-06 10:04:54,51,1476,86.8,13.42,42.8
2026-09-06 10:04:55,75,893,91.2,13.23,98.7
2026-09-06 10:04:56,65,3213,79.7,13.92,43.5
2026-09-06 10:04:57,15,2086,93.3,13.55,36.1
2026-09-06 10:04:58,96,1833,92.9,13.73,94.0
2026-09-06 10:04:59,22,1846,94.3,13.88,5.7
2026-09-06 10:05:00,9,2844,91.7,13.31,18.1
2026-09-06 10:05:01,24,1102,83.9,13.49,76.7
2026-09-06 10:05:02,10,1487,82.3,14.15,80.2
2026-09-06 10:05:03,85,3418,79.4,13.81,37.5
2026-09-06 10:05:04,1,3287,84.6,13.52,80.8
2026-09-06 10:05:05,9,1149,87.4,14.37,90.9
2026-09-06 10:05:06,79,1428,94.0,13.97,96.4
2026-09-06 10:05:07,82,2315,78.9,14.13,57.7
2026-09-06 10:05:08,56,1401,83.6,14.12,89.1
2026-09-06 10:05:09,115,3105,89.4,14.12,70.6
2026-09-06 10:05:10,116,854,76.9,13.5,7.4
2026-09-06 10:05:11,72,1179,91.0,13.88,58.1
2026-09-06 10:05:12,59,1716,91.3,13.96,74.0
2026-09-06 10:05:13,93,3277,94.1,13.81,80.8
2026-09-06 10:05:14,81,1377,82.1,13.4,21.8
2026-09-06 10:05:15,41,3446,76.0,14.03,53.1
2026-09-06 10:05:16,30,2065,85.6,13.52,4.2
2026-09-06 10:05:17,78,2148,91.3,13.3,67.0
2026-09-06 10:05:18,31,3098,85.2,13.9,98.5
2026-09-06 10:05:19,3,869,88.3,14.11,30.9
2026-09-06 10:05:20,99,1004,89.1,13.54,1.7
2026-09-06 10:05:21,112,2646,91.6,13.8,87.1
2026-09-06 10:05:22,18,2082,88.8,13.57,18.1
2026-09-06 10:05:23,118,3479,83.6,14.3,22.0
2026-09-06 10:05:24,56,2516,86.5,13.81,19.1
2026-09-06 10:05:25,28,839,79.2,14.28,39.9
2026-09-06 10:05:26,65,3125,91.5,13.76,23.8
2026-09-06 10:05:27,60,2335,94.1,14.24,30.1
2026-09-06 10:05:28,85,955,91.9,14.31,6.0
2026-09-06 10:05:29,43,1317,85.6,13.22,21.0
2026-09-06 10:05:30,59,2995,94.5,13.49,15.9
2026-09-06 10:05:31,1,1606,86.9,13.34,73.5
2026-09-06 10:05:32,113,1550,78.5,13.69,49.8
2026-09-06 10:05:33,69,1112,93.6,13.91,3.1
2026-09-06 10:05:34,92,1719,89.6,14.25,46.7
2026-09-06 10:05:35,58,1885,76.4,13.61,99.6
2026-09-06 10:05:36,86,827,87.9,13.57,41.5
2026-09-06 10:05:37,36,3365,88.6,14.33,45.7
2026-09-06 10:05:38,77,1230,82.1,13.53,51.5
2026-09-06 10:05:39,28,2454,80.1,14.39,8.6
2026-09-06 10:05:40,55,2796,77.5,13.61,81.5
2026-09-06 10:05:41,54,2263,86.2,13.24,39.6
2026-09-06 10:05:42,116,974,79.5,14.38,6.9
2026-09-06 10:05:43,6,1723,85.8,13.98,30.9
2026-09-06 10:05:44,52,2368,84.9,13.72,2.3
2026-09-06 10:05:45,112,1061,81.6,13.23,76.5
2026-09-06 10:05:46,118,2037,77.0,13.28,0.4
2026-09-06 10:05:47,112,3253,85.1,14.06,93.1
2026-09-06 10:05:48,83,2704,88.0,13.77,46.9
2026-09-06 10:05:49,21,1068,80.6,14.1,80.4
2026-09-06 10:05:50,22,868,93.7,13.82,91.1
2026-09-06 10:05:51,8,1988,91.8,13.26,24.5
2026-09-06 10:05:52,2,2589,89.8,13.93,44.1
2026-09-06 10:05:53,74,1040,87.5,13.77,45.4
2026-09-06 10:05:54,119,1760,78.9,13.4,79.5
2026-09-06 10:05:55,43,3232,80.3,13.27,74.9
2026-09-06 10:05:56,86,3175,80.6,13.68,91.8
2026-09-06 10:05:57,69,3187,81.9,14.05,99.8
2026-09-06 10:05:58,91,2923,76.9,13.93,47.4
2026-09-06 10:05:59,56,886,89.7,13.62,18.3
2026-09-06 10:06:00,88,1919,84.3,13.78,22.6
2026-09-06 10:06:01,96,1115,85.8,14.09,62.3
2026-09-06 10:06:02,69,1882,79.1,14.06,97.3
2026-09-06 10:06:03,7,3112,90.9,13.96,74.4
2026-09-06 10:06:04,114,3321,78.5,13.49,69.0
2026-09-06 10:06:05,82,855,93.9,14.3,87.5
2026-09-06 10:06:06,73,1213,78.4,13.98,31.0
2026-09-06 10:06:07,21,3440,87.9,13.7,87.8
2026-09-06 10:06:08,82,907,76.5,14.11,68.6
2026-09-06 10:06:09,62,865,92.0,13.89,24.4
2026-09-06 10:06:10,18,1767,78.2,13.89,18.5
2026-09-06 10:06:11,115,3439,78.9,13.75,93.8
2026-09-06 10:06:12,97,1576,77.2,14.11,87.9
2026-09-06 10:06:13,49,1849,92.0,13.74,18.7
2026-09-06 10:06:14,9,913,76.5,13.47,33.1
2026-09-06 10:06:15,15,1533,92.3,14.07,69.0
2026-09-06 10:06:16,24,2526,86.9,14.29,83.8
2026-09-06 10:06:17,94,1211,82.9,14.16,65.7
2026-09-06 10:06:18,19,2270,76.6,13.33,0.9
2026-09-06 10:06:19,67,1686,84.6,13.84,7.1
2026-09-06 10:06:20,47,2215,95.0,13.32,23.9
2026-09-06 10:06:21,22,942,90.1,13.7,50.7
2026-09-06 10:06:22,31,962,82.7,13.81,49.5
2026-09-06 10:06:23,17,1221,83.6,13.25,17.8
2026-09-06 10:06:24,72,2736,92.1,13.41,31.9
2026-09-06 10:06:25,89,2536,85.9,14.09,52.6
2026-09-06 10:06:26,78,1371,85.7,13.74,46.9
2026-09-06 10:06:27,42,1545,77.6,14.12,5.9
2026-09-06 10:06:28,72,2003,81.8,13.86,44.8
2026-09-06 10:06:29,92,2296,85.2,13.21,98.9
2026-09-06 10:06:30,65,1286,81.9,13.48,44.0
2026-09-06 10:06:31,12,3322,87.7,13.84,76.1
2026-09-06 10:06:32,84,3004,94.3,13.74,85.4
2026-09-06 10:06:33,32,807,82.4,14.12,78.8
2026-09-06 10:06:34,53,1169,85.8,13.39,40.4
2026-09-06 10:06:35,55,1240,76.0,13.57,42.8
2026-09-06 10:06:36,108,1384,80.6,13.25,97.5
2026-09-06 10:06:37,48,1950,77.9,13.56,38.0
2026-09-06 10:06:38,67,1102,77.8,13.39,72.3
2026-09-06 10:06:39,70,2637,75.4,14.06,35.6
2026-09-06 10:06:40,16,1054,81.9,13.49,55.7
2026-09-06 10:06:41,67,2265,84.3,13.36,68.9
2026-09-06 10:06:42,102,2849,93.4,14.32,44.0
2026-09-06 10:06:43,87,2407,88.8,14.32,67.5
2026-09-06 10:06:44,70,3360,86.2,14.17,38.4
2026-09-06 10:06:45,97,1188,80.8,13.56,98.6
2026-09-06 10:06:46,14,1617,78.1,13.41,0.3
2026-09-06 10:06:47,64,1010,91.9,14.26,22.4
2026-09-06 10:06:48,98,1162,76.9,13.44,27.6
2026-09-06 10:06:49,52,1494,91.3,14.07,32.8
2026-09-06 10:06:50,54,3073,93.0,13.44,69.0
2026-09-06 10:06:51,69,1911,82.0,14.13,99.2
2026-09-06 10:06:52,1,2540,81.5,14.34,84.7
2026-09-06 10:06:53,85,3420,77.5,13.68,15.6
2026-09-06 10:06:54,50,3445,76.0,13.23,29.1
2026-09-06 10:06:55,95,1902,94.2,13.73,29.3
2026-09-06 10:06:56,94,2179,77.3,13.47,34.0
2026-09-06 10:06:57,96,2581,83.6,13.92,36.8
2026-09-06 10:06:58,19,2509,85.4,14.04,46.8
2026-09-06 10:06:59,35,1769,78.9,13.72,44.3
2026-09-06 10:07:00,20,1309,90.7,14.28,8.2
2026-09-06 10:07:01,105,3385,91.3,13.3,33.6
2026-09-06 10:07:02,23,1479,78.7,13.6,72.6
2026-09-06 10:07:03,27,1531,78.6,14.15,41.3
2026-09-06 10:07:04,52,1570,88.5,13.73,31.7
2026-09-06 10:07:05,91,1935,78.2,14.18,79.3
2026-09-06 10:07:06,12,1340,79.5,13.36,16.1
2026-09-06 10:07:07,7,1964,88.8,14.13,92.3
2026-09-06 10:07:08,104,977,87.1,13.41,77.9
2026-09-06 10:07:09,91,2397,77.1,13.53,38.5
2026-09-06 10:07:10,95,1010,85.8,13.35,48.1
2026-09-06 10:07:11,95,2952,90.0,13.87,1.6
2026-09-06 10:07:12,80,2297,88.5,13.33,71.6
2026-09-06 10:07:13,4,2763,81.2,14.29,31.3
2026-09-06 10:07:14,69,3236,77.5,13.65,78.1
2026-09-06 10:07:15,118,2335,84.0,14.31,39.6
2026-09-06 10:07:16,69,1096,93.3,13.25,59.1
2026-09-06 10:07:17,14,2902,92.9,13.61,48.1
2026-09-06 10:07:18,61,2655,90.0,13.97,39.7
2026-09-06 10:07:19,56,2661,88.1,13.89,49.4
2026-09-06 10:07:20,67,1334,80.6,14.09,54.0
2026-09-06 10:07:21,47,3195,84.5,13.92,24.3
2026-09-06 10:07:22,15,1724,84.1,13.35,54.8
2026-09-06 10:07:23,84,3307,90.8,13.76,83.7
2026-09-06 10:07:24,75,2626,77.9,13.79,6.8
2026-09-06 10:07:25,64,941,89.6,14.02,5.0
2026-09-06 10:07:26,66,2188,86.2,13.81,50.1
2026-09-06 10:07:27,66,1119,87.8,14.12,39.6
2026-09-06 10:07:28,27,1700,84.7,14.28,80.6
2026-09-06 10:07:29,109,1592,79.6,13.79,14.0
2026-09-06 10:07:30,35,895,93.9,13.57,33.3
2026-09-06 10:07:31,9,2884,82.1,13.6,4.0
2026-09-06 10:07:32,76,2524,85.4,13.48,96.4
2026-09-06 10:07:33,69,2477,92.2,13.69,98.0
2026-09-06 10:07:34,114,1354,75.3,13.27,35.2
2026-09-06 10:07:35,11,2155,89.7,13.31,67.0
2026-09-06 10:07:36,7,1852,92.7,14.09,21.3
2026-09-06 10:07:37,11,803,77.9,13.42,56.2
2026-09-06 10:07:38,115,1118,84.8,14.2,99.8
2026-09-06 10:07:39,119,1553,77.2,13.78,85.3
2026-09-06 10:07:40,31,2871,79.7,14.08,97.3
2026-09-06 10:07:41,88,2940,92.3,14.29,67.1
2026-09-06 10:07:42,88,1694,86.8,13.25,26.4
2026-09-06 10:07:43,98,2476,90.0,13.66,75.6
2026-09-06 10:07:44,11,2686,93.3,13.22,87.1
2026-09-06 10:07:45,82,2857,76.2,14.01,22.9
2026-09-06 10:07:46,56,1150,94.9,13.36,88.7
2026-09-06 10:07:47,40,2921,91.8,13.25,98.9
2026-09-06 10:07:48,27,1541,84.5,13.75,46.1
2026-09-06 10:07:49,50,1800,93.4,13.58,40.7
2026-09-06 10:07:50,104,873,87.0,13.27,60.5
2026-09-06 10:07:51,52,1967,89.1,14.05,21.7
2026-09-06 10:07:52,20,2565,76.2,13.31,91.8
2026-09-06 10:07:53,102,1648,82.4,13.48,72.2
2026-09-06 10:07:54,1,1635,79.9,14.32,48.0
2026-09-06 10:07:55,44,1544,90.6,13.93,8.7
2026-09-06 10:07:56,46,1069,86.5,14.0,60.6
2026-09-06 10:07:57,19,1641,93.8,13.81,67.9
2026-09-06 10:07:58,84,2378,86.1,13.92,8.8
2026-09-06 10:07:59,18,1751,82.2,13.76,12.6
2026-09-06 10:08:00,1,3246,95.0,13.44,98.5
2026-09-06 10:08:01,46,2232,89.4,13.45,36.2
2026-09-06 10:08:02,48,1482,82.8,13.8,96.0
2026-09-06 10:08:03,15,2362,87.8,13.99,0.7
2026-09-06 10:08:04,112,2417,91.6,13.78,45.9
2026-09-06 10:08:05,40,1715,78.2,13.5,1.2
2026-09-06 10:08:06,17,3085,89.8,13.87,7.3
2026-09-06 10:08:07,6,1697,80.1,13.91,83.0
2026-09-06 10:08:08,72,1902,92.2,13.31,2.7
2026-09-06 10:08:09,28,3240,78.2,14.14,35.4
2026-09-06 10:08:10,78,2303,86.7,13.98,13.5
2026-09-06 10:08:11,113,857,86.3,13.3,10.6
2026-09-06 10:08:12,104,1995,91.9,13.56,57.0
2026-09-06 10:08:13,80,1456,82.9,13.97,26.9
2026-09-06 10:08:14,73,2335,84.5,14.05,58.0
2026-09-06 10:08:15,18,2640,81.9,13.3,97.4
2026-09-06 10:08:16,111,3380,79.4,13.88,28.7
2026-09-06 10:08:17,38,2624,90.1,13.74,17.9
2026-09-06 10:08:18,95,1213,83.5,14.13,7.3
2026-09-06 10:08:19,37,2586,81.4,13.58,58.9
2026-09-06 10:08:20,95,1217,85.2,13.37,36.1
2026-09-06 10:08:21,59,2811,86.0,13.63,99.4
2026-09-06 10:08:22,59,2532,88.7,13.26,7.4
2026-09-06 10:08:23,29,931,84.3,13.78,93.0
2026-09-06 10:08:24,87,951,78.4,13.55,46.3
2026-09-06 10:08:25,65,3046,89.4,13.62,51.0
2026-09-06 10:08:26,80,827,75.7,14.02,96.7
2026-09-06 10:08:27,40,2790,80.6,14.01,43.2
2026-09-06 10:08:28,17,1197,86.7,13.8,16.2
2026-09-06 10:08:29,117,3498,79.3,13.41,38.6
2026-09-06 10:08:30,19,3379,78.0,13.98,94.7
2026-09-06 10:08:31,97,2448,90.3,13.73,6.0
2026-09-06 10:08:32,111,1781,78.5,13.61,19.3
2026-09-06 10:08:33,84,2908,91.7,13.36,14.2
2026-09-06 10:08:34,52,2786,87.3,13.96,29.2
2026-09-06 10:08:35,30,2699,93.2,13.77,55.4
2026-09-06 10:08:36,37,2511,79.6,14.04,93.2
2026-09-06 10:08:37,106,1788,78.8,13.8,90.0
2026-09-06 10:08:38,120,2024,78.7,13.28,79.4
2026-09-06 10:08:39,61,985,90.1,14.08,95.4
2026-09-06 10:08:40,100,2953,86.2,13.34,93.9
2026-09-06 10:08:41,82,3423,75.6,14.36,88.8
2026-09-06 10:08:42,51,2462,83.7,13.73,1.0
2026-09-06 10:08:43,1,885,93.3,13.92,22.6
2026-09-06 10:08:44,110,2640,92.7,14.32,88.7
2026-09-06 10:08:45,76,2834,86.9,13.35,0.6
2026-09-06 10:08:46,55,2830,85.2,14.22,44.8
2026-09-06 10:08:47,24,2742,77.2,13.23,87.5
2026-09-06 10:08:48,26,1439,75.4,13.2,37.3
2026-09-06 10:08:49,52,2497,89.8,13.95,62.3
2026-09-06 10:08:50,43,2642,93.5,13.49,47.3
2026-09-06 10:08:51,77,2303,81.6,13.57,98.1
2026-09-06 10:08:52,99,1701,88.2,13.3,87.8
2026-09-06 10:08:53,90,1955,76.8,13.95,33.0
2026-09-06 10:08:54,8,2296,94.6,14.07,9.2
2026-09-06 10:08:55,96,2449,79.3,13.6,13.3
2026-09-06 10:08:56,32,954,89.6,13.79,7.7
2026-09-06 10:08:57,101,2883,89.1,13.59,68.5
2026-09-06 10:08:58,70,2232,75.8,14.2,64.2
2026-09-06 10:08:59,19,3327,93.9,13.44,6.2
2026-09-06 10:09:00,91,1050,85.4,14.02,40.3
2026-09-06 10:09:01,110,821,85.3,14.28,39.5
2026-09-06 10:09:02,117,2589,83.0,13.59,33.9
2026-09-06 10:09:03,62,838,78.0,13.2,82.3
2026-09-06 10:09:04,88,1741,81.2,13.72,2.1
2026-09-06 10:09:05,74,2547,87.1,13.72,84.6
2026-09-06 10:09:06,57,1720,92.5,13.23,77.6
2026-09-06 10:09:07,95,1226,76.0,13.92,38.9
2026-09-06 10:09:08,67,3324,86.1,13.91,74.1
2026-09-06 10:09:09,0,3372,75.5,13.6,26.6
2026-09-06 10:09:10,32,1576,94.4,14.32,54.4
2026-09-06 10:09:11,110,2297,88.3,13.96,84.5
2026-09-06 10:09:12,21,2475,83.8,13.87,70.9
2026-09-06 10:09:13,41,1822,93.2,13.96,85.1
2026-09-06 10:09:14,15,2522,90.2,13.61,57.1
2026-09-06 10:09:15,109,3206,92.0,13.35,7.6
2026-09-06 10:09:16,49,1141,84.9,13.47,75.9
2026-09-06 10:09:17,106,1114,93.0,13.59,84.9
2026-09-06 10:09:18,68,851,84.8,13.44,73.1
2026-09-06 10:09:19,78,1861,80.0,14.21,63.3
2026-09-06 10:09:20,113,1072,88.4,13.98,53.2
2026-09-06 10:09:21,49,3043,78.2,13.91,86.4
2026-09-06 10:09:22,111,2732,81.0,14.08,68.5
2026-09-06 10:09:23,113,1556,91.7,14.06,78.2
2026-09-06 10:09:24,115,1994,81.0,13.63,52.1
2026-09-06 10:09:25,25,1698,88.4,14.12,65.2
2026-09-06 10:09:26,64,2368,78.0,13.81,93.1
2026-09-06 10:09:27,88,1757,81.6,13.27,62.8
2026-09-06 10:09:28,3,3291,79.2,13.76,10.2
2026-09-06 10:09:29,54,1202,75.8,14.25,94.0
2026-09-06 10:09:30,120,3031,88.3,13.91,38.1
2026-09-06 10:09:31,113,3424,93.4,13.76,62.9
2026-09-06 10:09:32,30,2686,90.0,13.65,60.1
2026-09-06 10:09:33,66,846,92.0,13.51,83.7
2026-09-06 10:09:34,11,2832,80.9,13.98,39.3
2026-09-06 10:09:35,89,2726,94.1,13.73,46.2
2026-09-06 10:09:36,30,973,75.1,13.3,77.8
2026-09-06 10:09:37,26,2410,91.9,14.03,46.5
2026-09-06 10:09:38,20,2379,84.6,13.52,42.0
2026-09-06 10:09:39,53,1372,78.4,13.88,79.9
2026-09-06 10:09:40,6,2778,93.5,13.6,33.8
2026-09-06 10:09:41,78,2978,82.6,13.75,56.6
2026-09-06 10:09:42,37,2736,84.7,14.19,52.8
2026-09-06 10:09:43,63,1838,84.1,13.22,11.8
2026-09-06 10:09:44,107,2204,89.0,14.03,18.8
2026-09-06 10:09:45,55,3309,88.2,13.86,22.4
2026-09-06 10:09:46,51,3310,83.1,13.45,50.4
2026-09-06 10:09:47,4,3179,79.6,14.29,62.0
2026-09-06 10:09:48,100,2032,88.1,14.31,17.6
2026-09-06 10:09:49,9,2195,75.7,13.89,37.5
2026-09-06 10:09:50,39,900,81.1,14.19,55.4
2026-09-06 10:09:51,102,3135,78.2,13.56,73.1
2026-09-06 10:09:52,118,2105,90.0,13.64,3.9
2026-09-06 10:09:53,1,2202,82.1,14.14,96.3
2026-09-06 10:09:54,104,1606,85.3,13.28,17.1
2026-09-06 10:09:55,71,1733,80.6,13.4,1.0
2026-09-06 10:09:56,88,809,82.7,13.24,21.0
2026-09-06 10:09:57,74,1500,77.1,13.5,74.7
2026-09-06 10:09:58,13,1274,76.4,13.75,86.9
2026-09-06 10:09:59,110,3499,85.7,13.78,41.9
2026-09-06 10:10:00,8,2392,86.8,14.21,91.4
2026-09-06 10:10:01,97,2176,84.2,13.45,9.8
2026-09-06 10:10:02,117,1158,81.5,13.72,66.9
2026-09-06 10:10:03,2,2366,94.4,13.5,83.2
2026-09-06 10:10:04,12,3283,75.7,14.38,75.5
2026-09-06 10:10:05,114,2302,87.8,13.96,30.9
2026-09-06 10:10:06,77,2035,94.0,14.21,16.1
2026-09-06 10:10:07,52,1339,76.9,14.17,8.0
2026-09-06 10:10:08,9,2622,89.4,13.4,69.2
2026-09-06 10:10:09,7,1871,81.7,13.86,82.1
2026-09-06 10:10:10,67,1749,82.4,14.13,65.0
2026-09-06 10:10:11,112,3269,90.5,14.28,93.8
2026-09-06 10:10:12,43,1333,87.2,14.06,84.8
2026-09-06 10:10:13,26,1632,81.9,13.43,52.9
2026-09-06 10:10:14,11,1948,89.0,14.08,75.4
2026-09-06 10:10:15,16,1680,82.5,13.23,16.5
2026-09-06 10:10:16,117,950,75.4,14.0,57.4
2026-09-06 10:10:17,103,2339,77.9,14.2,7.0
2026-09-06 10:10:18,94,2629,89.0,14.37,84.4
2026-09-06 10:10:19,69,1000,91.1,13.87,13.3
2026-09-06 10:10:20,4,2877,81.7,13.82,44.8
2026-09-06 10:10:21,86,1080,86.9,14.04,76.0
2026-09-06 10:10:22,75,2097,75.5,13.39,30.4
2026-09-06 10:10:23,75,2812,87.7,14.07,34.8
2026-09-06 10:10:24,98,1946,93.0,13.24,81.3
2026-09-06 10:10:25,58,2276,76.9,13.93,70.6
2026-09-06 10:10:26,13,1284,78.1,14.1,91.2
2026-09-06 10:10:27,120,2997,75.7,14.14,95.8
2026-09-06 10:10:28,33,3008,75.4,14.37,31.6
2026-09-06 10:10:29,29,1979,76.2,14.07,26.3
2026-09-06 10:10:30,17,3480,87.7,14.18,23.1
2026-09-06 10:10:31,55,1461,91.3,13.25,86.6
2026-09-06 10:10:32,27,3186,75.6,13.27,72.1
2026-09-06 10:10:33,104,1028,93.3,14.01,54.3
2026-09-06 10:10:34,108,1171,87.4,13.61,41.5
2026-09-06 10:10:35,15,2935,94.3,13.31,26.1
2026-09-06 10:10:36,52,2944,82.9,14.3,52.3
2026-09-06 10:10:37,47,2053,88.8,13.79,28.5
2026-09-06 10:10:38,105,2951,77.6,14.06,28.6
2026-09-06 10:10:39,21,1358,93.4,14.13,76.0
2026-09-06 10:10:40,30,1819,85.6,13.46,0.9
2026-09-06 10:10:41,64,2061,84.9,13.68,48.7
2026-09-06 10:10:42,115,1225,82.3,13.83,43.4
2026-09-06 10:10:43,30,2102,78.5,13.65,76.4
2026-09-06 10:10:44,82,2994,88.8,13.83,69.5
2026-09-06 10:10:45,89,2485,86.0,13.91,1.0
2026-09-06 10:10:46,98,3047,90.6,13.28,24.6
2026-09-06 10:10:47,102,2566,84.3,14.01,9.7
2026-09-06 10:10:48,57,2996,86.9,13.8,90.2
2026-09-06 10:10:49,1,1583,76.1,14.21,58.0
2026-09-06 10:10:50,111,1586,77.3,13.85,15.5
2026-09-06 10:10:51,82,1627,84.5,14.12,34.7
2026-09-06 10:10:52,14,2035,93.9,13.74,88.0
2026-09-06 10:10:53,71,2824,91.8,13.82,36.0
2026-09-06 10:10:54,106,846,90.0,13.96,21.0
2026-09-06 10:10:55,101,3210,94.2,13.95,71.1
2026-09-06 10:10:56,110,3031,78.4,14.27,16.6
2026-09-06 10:10:57,38,2292,88.0,13.47,28.1
2026-09-06 10:10:58,61,3214,78.9,14.35,85.4
2026-09-06 10:10:59,70,2416,93.9,13.5,25.4
2026-09-06 10:11:00,75,2401,88.5,13.53,81.8
2026-09-06 10:11:01,88,2423,85.3,13.85,42.8
2026-09-06 10:11:02,91,956,87.6,14.28,28.0
2026-09-06 10:11:03,77,936,91.7,13.93,1.4
2026-09-06 10:11:04,61,2024,75.1,13.47,86.9
2026-09-06 10:11:05,31,1503,93.5,13.42,77.1
2026-09-06 10:11:06,100,2517,79.5,13.52,36.8
2026-09-06 10:11:07,71,1919,84.2,13.28,70.9
2026-09-06 10:11:08,26,3461,88.2,13.75,45.3
2026-09-06 10:11:09,72,2400,90.0,14.16,91.9
2026-09-06 10:11:10,49,1704,85.7,14.1,82.3
2026-09-06 10:11:11,47,1914,80.2,13.9,22.0
2026-09-06 10:11:12,61,2326,83.0,13.52,78.7
2026-09-06 10:11:13,46,2689,92.7,13.27,56.1
2026-09-06 10:11:14,58,2357,88.5,14.35,72.7
2026-09-06 10:11:15,58,3319,88.1,13.91,81.1
2026-09-06 10:11:16,115,2229,78.9,13.86,98.8
2026-09-06 10:11:17,13,2939,94.1,13.42,84.2
2026-09-06 10:11:18,53,3002,79.3,13.62,42.3
2026-09-06 10:11:19,112,3213,87.1,14.03,51.0
2026-09-06 10:11:20,80,1056,93.2,13.6,60.7
2026-09-06 10:11:21,21,2485,88.3,14.05,18.0
2026-09-06 10:11:22,54,2817,91.5,14.08,96.4
2026-09-06 10:11:23,83,3417,92.8,14.14,46.3
2026-09-06 10:11:24,78,3142,80.9,13.76,30.2
2026-09-06 10:11:25,36,2618,83.1,14.04,46.8
2026-09-06 10:11:26,106,2053,88.1,13.53,52.7
2026-09-06 10:11:27,54,1848,91.3,14.19,51.2
2026-09-06 10:11:28,119,997,85.0,13.78,13.7
2026-09-06 10:11:29,63,2940,92.0,13.98,16.5
2026-09-06 10:11:30,97,1896,87.4,14.05,44.9
2026-09-06 10:11:31,105,1226,86.7,13.24,60.9
2026-09-06 10:11:32,54,3194,83.6,13.66,100.0
2026-09-06 10:11:33,56,1020,83.5,13.69,42.8
2026-09-06 10:11:34,60,1096,93.3,13.28,90.7
2026-09-06 10:11:35,35,875,84.8,13.71,26.8
2026-09-06 10:11:36,91,1806,84.1,13.21,19.1
2026-09-06 10:11:37,88,1559,84.2,13.97,6.6
2026-09-06 10:11:38,86,3199,78.5,13.45,76.3
2026-09-06 10:11:39,3,2524,92.3,14.11,58.2
2026-09-06 10:11:40,24,3487,88.6,14.37,77.2
2026-09-06 10:11:41,58,970,76.0,14.34,26.4
2026-09-06 10:11:42,20,1822,82.5,14.14,35.7
2026-09-06 10:11:43,97,1597,90.3,13.65,66.6
2026-09-06 10:11:44,70,1761,80.3,13.54,54.6
2026-09-06 10:11:45,97,2919,91.9,13.74,21.4
2026-09-06 10:11:46,104,2341,93.4,14.36,65.2
2026-09-06 10:11:47,17,2998,91.2,13.64,33.2
2026-09-06 10:11:48,73,924,92.6,13.25,73.8
2026-09-06 10:11:49,113,2862,88.5,13.41,98.2
2026-09-06 10:11:50,116,3235,77.8,14.38,69.4
2026-09-06 10:11:51,52,1560,94.1,13.92,90.1
2026-09-06 10:11:52,72,2661,81.8,14.32,44.8
2026-09-06 10:11:53,3,2502,84.7,13.27,19.7
2026-09-06 10:11:54,15,1749,93.7,13.41,54.1
2026-09-06 10:11:55,84,3193,93.7,13.84,85.2
2026-09-06 10:11:56,77,2572,75.6,13.34,81.3
2026-09-06 10:11:57,96,841,85.8,13.44,59.1
2026-09-06 10:11:58,78,1084,94.6,13.4,71.2
2026-09-06 10:11:59,45,3264,89.8,14.36,24.7
2026-09-06 10:12:00,12,2723,89.6,13.28,55.0
2026-09-06 10:12:01,94,1302,82.6,14.09,58.1
2026-09-06 10:12:02,81,1071,92.4,13.58,36.5
2026-09-06 10:12:03,47,1448,84.3,14.25,55.1
2026-09-06 10:12:04,87,1845,87.2,13.33,6.2
2026-09-06 10:12:05,58,2797,78.6,13.61,30.4
2026-09-06 10:12:06,35,1139,75.4,13.79,99.9
2026-09-06 10:12:07,69,2975,93.9,14.04,18.3
2026-09-06 10:12:08,88,3338,91.8,13.36,96.3
2026-09-06 10:12:09,40,2810,78.2,13.55,17.4
2026-09-06 10:12:10,97,3386,90.7,14.08,19.9
2026-09-06 10:12:11,37,921,80.1,14.07,64.1
2026-09-06 10:12:12,7,1921,90.6,13.99,48.6
2026-09-06 10:12:13,51,3403,93.9,13.47,74.8
2026-09-06 10:12:14,44,3325,84.4,13.97,75.3
2026-09-06 10:12:15,1,2002,82.2,13.91,98.0
2026-09-06 10:12:16,77,1963,78.7,13.53,23.6
2026-09-06 10:12:17,55,2174,94.4,13.99,25.8
2026-09-06 10:12:18,25,3340,86.6,13.22,93.3
2026-09-06 10:12:19,101,1391,88.3,14.15,90.9
2026-09-06 10:12:20,4,3067,91.7,13.94,8.6
2026-09-06 10:12:21,71,1960,76.4,14.19,89.6
2026-09-06 10:12:22,70,960,94.7,14.0,50.6
2026-09-06 10:12:23,43,3455,87.2,13.91,71.7
2026-09-06 10:12:24,104,875,75.2,13.84,7.1
2026-09-06 10:12:25,113,2817,93.0,13.84,60.2
2026-09-06 10:12:26,61,1737,82.0,13.82,72.3
2026-09-06 10:12:27,68,1956,87.1,13.65,50.9
2026-09-06 10:12:28,81,3089,81.8,13.69,90.2
2026-09-06 10:12:29,105,1130,86.5,13.82,74.8
2026-09-06 10:12:30,61,2086,79.5,14.04,14.2
2026-09-06 10:12:31,1,3329,86.5,13.51,28.9
2026-09-06 10:12:32,19,1666,86.1,13.51,7.4
2026-09-06 10:12:33,78,1214,92.4,13.47,34.6
2026-09-06 10:12:34,3,897,79.0,14.03,30.9
2026-09-06 10:12:35,50,1488,75.6,13.89,43.2
2026-09-06 10:12:36,72,1476,91.3,14.23,44.2
2026-09-06 10:12:37,40,1365,84.9,14.09,38.5
2026-09-06 10:12:38,43,3151,85.0,14.04,88.1
2026-09-06 10:12:39,11,3206,82.9,13.99,0.2
2026-09-06 10:12:40,78,3379,92.1,13.4,19.4
2026-09-06 10:12:41,0,2904,79.6,13.45,43.1
2026-09-06 10:12:42,105,3263,81.7,14.04,47.7
2026-09-06 10:12:43,114,2497,85.6,13.66,17.3
2026-09-06 10:12:44,66,2411,83.6,13.46,75.3
2026-09-06 10:12:45,33,1521,86.3,13.94,95.4
2026-09-06 10:12:46,17,2695,94.5,14.33,15.3
2026-09-06 10:12:47,108,3353,90.1,13.21,89.9
2026-09-06 10:12:48,114,2561,89.9,13.29,71.7
2026-09-06 10:12:49,109,1451,90.4,14.02,60.9
2026-09-06 10:12:50,104,2384,94.2,14.31,42.2
2026-09-06 10:12:51,104,1900,92.7,13.79,28.3
2026-09-06 10:12:52,17,1902,79.3,14.32,14.3
2026-09-06 10:12:53,66,2600,92.4,13.94,22.7
2026-09-06 10:12:54,43,3500,93.5,13.75,94.3
2026-09-06 10:12:55,85,2584,80.4,13.69,2.6
2026-09-06 10:12:56,62,2133,83.0,13.37,75.5
2026-09-06 10:12:57,50,3467,75.7,13.27,80.2
2026-09-06 10:12:58,63,1999,84.4,13.4,83.6
2026-09-06 10:12:59,16,1575,91.9,14.36,88.3
2026-09-06 10:13:00,106,2213,83.7,13.77,22.4
2026-09-06 10:13:01,53,2517,77.9,13.92,1.5
2026-09-06 10:13:02,11,3356,79.7,13.22,99.3
2026-09-06 10:13:03,38,3141,78.7,13.55,89.3
2026-09-06 10:13:04,53,2380,90.3,13.97,38.5
2026-09-06 10:13:05,89,3040,81.4,13.25,71.3
2026-09-06 10:13:06,63,2701,79.9,13.6,39.9
2026-09-06 10:13:07,36,814,88.5,13.94,34.4
2026-09-06 10:13:08,104,2618,80.5,14.19,51.5
2026-09-06 10:13:09,116,1653,94.4,13.59,98.2
2026-09-06 10:13:10,54,2329,85.0,14.12,5.8
2026-09-06 10:13:11,77,2233,83.1,13.23,30.8
2026-09-06 10:13:12,50,2764,87.1,13.48,63.7
2026-09-06 10:13:13,23,2866,94.2,13.99,53.5
2026-09-06 10:13:14,101,2443,80.5,13.23,41.9
2026-09-06 10:13:15,68,1643,86.8,13.98,97.5
2026-09-06 10:13:16,43,1372,92.8,13.47,14.1
2026-09-06 10:13:17,79,3310,88.1,14.23,34.1
2026-09-06 10:13:18,48,2163,90.2,14.24,11.1
2026-09-06 10:13:19,48,2832,80.9,14.07,60.9
2026-09-06 10:13:20,68,3164,92.6,13.82,66.2
2026-09-06 10:13:21,83,1258,76.0,13.74,94.1
2026-09-06 10:13:22,73,2787,90.9,13.3,69.7
2026-09-06 10:13:23,94,1308,80.6,13.99,17.8
2026-09-06 10:13:24,104,3440,75.3,13.71,97.7
2026-09-06 10:13:25,39,2190,82.8,13.26,84.2
2026-09-06 10:13:26,116,3427,89.3,13.63,11.3
2026-09-06 10:13:27,43,1216,86.8,14.35,1.2
2026-09-06 10:13:28,15,2510,87.7,13.7,28.5
2026-09-06 10:13:29,19,2241,76.9,13.66,38.1
2026-09-06 10:13:30,71,1109,83.4,14.14,54.3
2026-09-06 10:13:31,23,1530,91.0,13.43,18.4
2026-09-06 10:13:32,6,2781,92.6,13.29,67.2
2026-09-06 10:13:33,57,1252,88.5,13.52,83.7
2026-09-06 10:13:34,7,2996,83.9,13.76,38.0
2026-09-06 10:13:35,96,3164,77.2,14.31,72.8
2026-09-06 10:13:36,50,1953,83.0,13.23,91.2
2026-09-06 10:13:37,61,810,89.3,14.33,63.0
2026-09-06 10:13:38,65,2614,89.7,14.34,82.8
2026-09-06 10:13:39,16,2438,84.4,14.25,20.2
2026-09-06 10:13:40,30,2173,76.3,14.34,58.7
2026-09-06 10:13:41,117,1886,93.3,13.28,25.5
2026-09-06 10:13:42,107,1301,81.4,14.01,28.6
2026-09-06 10:13:43,37,1182,76.5,13.72,84.1
2026-09-06 10:13:44,80,1813,76.2,13.35,88.0
2026-09-06 10:13:45,84,2325,80.7,14.2,78.1
2026-09-06 10:13:46,48,1623,93.4,13.52,81.6
2026-09-06 10:13:47,24,3015,76.2,13.79,98.1
2026-09-06 10:13:48,2,1835,79.1,14.03,1.0
2026-09-06 10:13:49,10,2698,88.9,14.22,13.8
2026-09-06 10:13:50,81,3153,94.5,13.2,41.2
2026-09-06 10:13:51,83,1653,91.6,13.54,61.9
2026-09-06 10:13:52,20,2855,83.4,14.13,40.5
2026-09-06 10:13:53,12,1123,94.1,14.17,90.7
2026-09-06 10:13:54,98,2217,79.2,14.37,54.0
2026-09-06 10:13:55,82,2260,92.8,13.46,40.8
2026-09-06 10:13:56,63,1939,81.8,13.54,68.4
2026-09-06 10:13:57,18,1323,86.6,14.12,86.0
2026-09-06 10:13:58,116,3084,77.7,13.65,67.0
2026-09-06 10:13:59,7,2659,81.6,14.05,23.3
2026-09-06 10:14:00,21,2671,78.2,14.04,52.2
2026-09-06 10:14:01,92,2529,88.6,14.38,79.7
2026-09-06 10:14:02,89,2382,82.4,13.73,23.2
2026-09-06 10:14:03,63,1527,83.5,13.44,62.3
2026-09-06 10:14:04,110,929,92.4,14.01,6.7
2026-09-06 10:14:05,17,2380,82.4,13.86,48.6
2026-09-06 10:14:06,97,1879,92.3,13.44,90.6
2026-09-06 10:14:07,69,2777,81.5,13.27,15.2
2026-09-06 10:14:08,39,3479,82.4,13.34,32.2
2026-09-06 10:14:09,20,2513,81.2,13.52,90.4
2026-09-06 10:14:10,55,3019,78.2,14.36,84.0
2026-09-06 10:14:11,57,1110,88.8,13.25,79.2
2026-09-06 10:14:12,88,953,91.8,13.77,87.7
2026-09-06 10:14:13,93,1023,82.7,14.26,97.4
2026-09-06 10:14:14,63,2635,76.0,14.09,35.5
2026-09-06 10:14:15,95,1305,76.4,14.12,61.7
2026-09-06 10:14:16,73,3217,76.1,13.93,4.3
2026-09-06 10:14:17,118,1694,75.3,13.91,76.0
2026-09-06 10:14:18,83,2042,76.4,14.09,52.7
2026-09-06 10:14:19,50,1807,82.7,14.36,72.0
2026-09-06 10:14:20,120,843,86.5,14.35,61.9
2026-09-06 10:14:21,6,3213,89.1,13.51,47.1
2026-09-06 10:14:22,47,3188,79.7,14.08,70.2
2026-09-06 10:14:23,79,1347,93.3,13.21,24.6
2026-09-06 10:14:24,106,963,79.5,14.24,28.0
2026-09-06 10:14:25,58,2965,94.1,13.67,16.4
2026-09-06 10:14:26,68,3213,86.0,14.27,8.6
2026-09-06 10:14:27,97,1821,75.7,13.81,26.7
2026-09-06 10:14:28,5,1193,86.1,13.61,38.4
2026-09-06 10:14:29,28,1731,81.9,13.35,0.7
2026-09-06 10:14:30,25,2555,75.9,14.24,1.9
2026-09-06 10:14:31,35,3423,84.7,13.27,73.4
2026-09-06 10:14:32,13,1134,91.9,14.12,39.9
2026-09-06 10:14:33,23,3154,84.7,13.63,63.1
2026-09-06 10:14:34,97,2916,87.6,13.71,36.8
2026-09-06 10:14:35,86,2412,76.7,13.75,56.9
2026-09-06 10:14:36,95,2775,80.1,14.25,64.0
2026-09-06 10:14:37,110,2114,94.8,13.57,24.0
2026-09-06 10:14:38,3,1861,86.0,13.27,96.5
2026-09-06 10:14:39,91,2506,75.5,14.26,38.7
2026-09-06 10:14:40,112,1833,89.8,14.01,68.4
2026-09-06 10:14:41,10,2503,84.2,13.24,98.7
2026-09-06 10:14:42,96,2895,93.8,13.4,37.7
2026-09-06 10:14:43,10,932,78.8,13.79,92.5
2026-09-06 10:14:44,10,2548,76.8,13.79,75.0
2026-09-06 10:14:45,36,3163,80.4,14.28,17.1
2026-09-06 10:14:46,120,2760,91.7,13.75,71.7
2026-09-06 10:14:47,104,2434,86.6,13.46,40.3
2026-09-06 10:14:48,22,2529,88.7,13.42,19.0
2026-09-06 10:14:49,47,1530,85.8,13.33,22.2
2026-09-06 10:14:50,30,1009,90.9,14.4,72.9
2026-09-06 10:14:51,10,2646,82.7,13.21,43.2
2026-09-06 10:14:52,9,1689,76.2,13.62,58.2
2026-09-06 10:14:53,87,3131,83.0,14.36,53.8
2026-09-06 10:14:54,37,2023,88.9,13.37,50.5
2026-09-06 10:14:55,43,2782,90.5,13.75,1.5
2026-09-06 10:14:56,103,2323,75.3,14.11,95.5
2026-09-06 10:14:57,106,3100,88.5,13.87,4.1
2026-09-06 10:14:58,9,1897,88.6,13.45,93.9
2026-09-06 10:14:59,45,2002,93.1,13.53,29.7
2026-09-06 10:15:00,71,1415,78.5,13.31,83.1
2026-09-06 10:15:01,32,2648,84.5,13.79,80.9
2026-09-06 10:15:02,35,3393,90.2,13.46,92.7
2026-09-06 10:15:03,19,2386,78.2,14.28,87.7
2026-09-06 10:15:04,67,2934,91.9,13.21,82.5
2026-09-06 10:15:05,29,2758,86.8,13.93,15.6
2026-09-06 10:15:06,100,3013,94.2,13.86,91.2
2026-09-06 10:15:07,53,2617,79.6,14.29,45.2
2026-09-06 10:15:08,106,1026,82.5,14.14,53.9
2026-09-06 10:15:09,87,2489,94.0,13.5,37.3
2026-09-06 10:15:10,79,3134,82.6,13.34,59.3
2026-09-06 10:15:11,103,2386,87.0,13.31,48.7
2026-09-06 10:15:12,111,1762,76.8,13.75,88.8
2026-09-06 10:15:13,52,2235,92.0,13.51,48.8
2026-09-06 10:15:14,28,2713,85.5,13.7,62.4
2026-09-06 10:15:15,10,2907,92.5,13.42,59.9
2026-09-06 10:15:16,62,1376,85.1,13.26,70.2
2026-09-06 10:15:17,38,2656,89.8,13.8,10.2
2026-09-06 10:15:18,14,3324,90.4,13.53,38.6
2026-09-06 10:15:19,32,2052,84.1,14.15,71.1
2026-09-06 10:15:20,56,1602,87.3,13.7,50.5
2026-09-06 10:15:21,10,1730,94.7,13.92,74.0
2026-09-06 10:15:22,100,1027,90.2,13.93,21.3
2026-09-06 10:15:23,60,3112,95.0,13.95,37.6
2026-09-06 10:15:24,85,1986,87.5,14.2,4.9
2026-09-06 10:15:25,7,1914,89.2,13.32,24.6
2026-09-06 10:15:26,73,2633,92.5,14.08,82.4
2026-09-06 10:15:27,7,2901,82.3,14.19,69.1
2026-09-06 10:15:28,103,2075,94.1,13.96,69.7
2026-09-06 10:15:29,110,870,89.2,14.28,18.3
2026-09-06 10:15:30,112,1264,93.2,14.18,30.4
2026-09-06 10:15:31,64,1522,77.7,14.08,70.2
2026-09-06 10:15:32,14,2076,90.8,13.74,65.9
2026-09-06 10:15:33,101,3420,89.5,13.25,18.7
2026-09-06 10:15:34,71,3029,92.2,13.61,76.0
2026-09-06 10:15:35,18,1860,93.6,14.24,36.1
2026-09-06 10:15:36,106,3335,84.6,14.29,0.7
2026-09-06 10:15:37,82,2828,78.3,13.65,39.3
2026-09-06 10:15:38,33,2410,75.5,13.2,57.5
2026-09-06 10:15:39,43,2355,76.8,13.58,9.9
2026-09-06 10:15:40,97,3227,76.7,14.16,15.0
2026-09-06 10:15:41,86,2348,86.1,13.91,58.9
2026-09-06 10:15:42,1,1968,86.0,14.2,21.3
2026-09-06 10:15:43,57,2761,81.0,13.58,35.8
2026-09-06 10:15:44,70,3164,87.6,14.04,96.7
2026-09-06 10:15:45,72,1148,77.6,13.21,99.7
2026-09-06 10:15:46,61,1098,80.5,13.8,50.9
2026-09-06 10:15:47,91,3083,94.0,13.63,8.6
2026-09-06 10:15:48,71,2825,91.0,13.95,21.2
2026-09-06 10:15:49,57,1162,76.0,13.32,79.2
2026-09-06 10:15:50,102,2236,90.0,14.07,68.3
2026-09-06 10:15:51,98,2997,88.8,13.47,45.9
2026-09-06 10:15:52,101,2321,78.5,13.58,99.7
2026-09-06 10:15:53,89,3242,90.8,13.45,95.4
2026-09-06 10:15:54,69,3498,83.2,13.66,26.7
2026-09-06 10:15:55,117,1808,80.7,13.5,81.7
2026-09-06 10:15:56,100,1610,79.8,14.0,51.7
2026-09-06 10:15:57,10,3418,79.3,14.29,23.5
2026-09-06 10:15:58,76,2110,79.9,13.49,85.2
2026-09-06 10:15:59,87,2103,83.1,14.34,27.0
2026-09-06 10:16:00,82,3214,92.9,14.25,15.1
2026-09-06 10:16:01,13,2214,93.5,13.48,90.6
2026-09-06 10:16:02,113,2230,78.5,13.25,0.8
2026-09-06 10:16:03,45,2301,86.1,13.5,11.2
2026-09-06 10:16:04,37,1483,88.6,14.3,77.2
2026-09-06 10:16:05,43,2506,78.8,13.46,83.1
2026-09-06 10:16:06,65,2014,89.3,13.95,88.1
2026-09-06 10:16:07,106,1881,88.4,13.32,13.5
2026-09-06 10:16:08,111,2479,91.8,13.83,87.6
2026-09-06 10:16:09,69,1300,88.3,13.86,53.0
2026-09-06 10:16:10,16,2865,77.5,14.09,59.3
2026-09-06 10:16:11,8,1052,90.7,13.2,66.7
2026-09-06 10:16:12,111,1146,81.6,14.25,10.1
2026-09-06 10:16:13,70,2097,93.2,13.49,46.7
2026-09-06 10:16:14,22,2282,93.5,13.86,67.6
2026-09-06 10:16:15,52,3142,94.8,13.8,5.0
2026-09-06 10:16:16,117,2582,89.9,13.98,54.8
2026-09-06 10:16:17,103,2131,82.5,13.74,87.8
2026-09-06 10:16:18,10,2914,75.7,13.69,81.4
2026-09-06 10:16:19,24,852,80.5,13.6,62.7
2026-09-06 10:16:20,73,3274,82.1,14.28,83.7
2026-09-06 10:16:21,81,2054,88.9,13.86,12.3
2026-09-06 10:16:22,75,1457,93.4,14.1,53.0
2026-09-06 10:16:23,51,2048,78.0,14.3,43.4
2026-09-06 10:16:24,118,1014,84.4,13.57,73.4
2026-09-06 10:16:25,114,3177,81.5,13.54,24.3
2026-09-06 10:16:26,55,1140,80.8,13.47,69.5
2026-09-06 10:16:27,40,3186,90.0,14.21,67.0
2026-09-06 10:16:28,27,3105,78.9,13.78,18.7
2026-09-06 10:16:29,49,2925,76.6,13.64,96.9
2026-09-06 10:16:30,111,1005,83.5,13.66,3.2
2026-09-06 10:16:31,70,2751,87.3,13.95,79.8
2026-09-06 10:16:32,53,807,85.1,13.84,30.2
2026-09-06 10:16:33,95,2777,75.9,13.82,33.5
2026-09-06 10:16:34,119,3303,93.8,14.13,94.5
2026-09-06 10:16:35,39,1904,84.6,14.12,35.4
2026-09-06 10:16:36,11,3191,84.8,13.5,10.9
2026-09-06 10:16:37,100,2485,90.5,14.16,81.7
2026-09-06 10:16:38,19,1948,94.0,13.42,26.6
2026-09-06 10:16:39,87,1775,92.3,13.21,69.9
2026-09-06 10:16:40,70,2129,77.3,13.66,20.4
2026-09-06 10:16:41,81,1224,82.0,13.71,94.7
2026-09-06 10:16:42,94,2838,90.5,13.56,59.6
2026-09-06 10:16:43,92,3423,84.2,13.52,29.7
2026-09-06 10:16:44,96,2877,88.9,13.26,91.2
2026-09-06 10:16:45,4,2291,83.4,13.23,68.1
2026-09-06 10:16:46,76,2407,89.8,14.33,49.6
2026-09-06 10:16:47,46,3491,81.0,13.32,83.5
2026-09-06 10:16:48,41,1198,91.3,13.33,0.5
2026-09-06 10:16:49,62,2345,89.2,14.18,52.9
2026-09-06 10:16:50,52,3196,80.7,14.28,61.7
2026-09-06 10:16:51,67,917,76.2,13.37,17.0
2026-09-06 10:16:52,34,1904,77.6,13.73,65.4
2026-09-06 10:16:53,81,2191,76.7,14.33,95.4
2026-09-06 10:16:54,21,1079,91.5,14.07,33.2
2026-09-06 10:16:55,40,2644,81.0,13.89,36.8
2026-09-06 10:16:56,34,2310,84.2,14.19,98.1
2026-09-06 10:16:57,16,2739,86.9,13.84,66.8
2026-09-06 10:16:58,61,2951,75.5,13.63,13.8
2026-09-06 10:16:59,60,2131,79.5,13.49,51.4
2026-09-06 10:17:00,106,1074,81.7,14.29,35.4
2026-09-06 10:17:01,91,3297,84.1,13.49,26.4
2026-09-06 10:17:02,110,3459,92.6,14.35,9.8
2026-09-06 10:17:03,108,1747,83.6,13.27,77.3
2026-09-06 10:17:04,52,2505,80.7,13.73,71.7
2026-09-06 10:17:05,87,2170,86.6,13.49,1.1
2026-09-06 10:17:06,70,2827,75.7,13.25,95.4
2026-09-06 10:17:07,112,1760,90.9,13.42,48.2
2026-09-06 10:17:08,32,1389,92.9,14.26,95.7
2026-09-06 10:17:09,21,903,77.8,13.75,67.9
2026-09-06 10:17:10,68,3200,78.8,13.76,97.0
2026-09-06 10:17:11,62,2762,81.9,14.04,67.5
2026-09-06 10:17:12,25,959,92.6,13.9,78.8
2026-09-06 10:17:13,100,1893,84.1,13.97,12.6
2026-09-06 10:17:14,71,1035,77.5,13.69,48.7
2026-09-06 10:17:15,27,2145,76.4,14.15,95.0
2026-09-06 10:17:16,10,1759,86.1,14.29,41.4
2026-09-06 10:17:17,62,2523,94.4,13.95,71.4
2026-09-06 10:17:18,88,2837,83.0,13.92,41.3
2026-09-06 10:17:19,65,981,93.8,14.01,65.6
2026-09-06 10:17:20,112,2512,89.3,13.36,29.7
2026-09-06 10:17:21,69,1154,82.3,14.05,5.8
2026-09-06 10:17:22,92,1516,87.9,14.17,61.9
2026-09-06 10:17:23,48,1376,92.4,13.53,71.3
2026-09-06 10:17:24,61,2804,84.5,13.99,79.2
2026-09-06 10:17:25,118,2846,76.8,13.22,61.8
2026-09-06 10:17:26,80,2428,91.4,13.92,28.3
2026-09-06 10:17:27,83,1032,78.9,14.01,70.5
2026-09-06 10:17:28,112,2518,89.3,13.66,53.7
2026-09-06 10:17:29,8,2130,91.5,13.49,83.0
2026-09-06 10:17:30,62,1545,95.0,14.02,45.8
2026-09-06 10:17:31,70,1767,90.5,14.3,89.6
2026-09-06 10:17:32,27,2354,84.9,13.56,52.0
2026-09-06 10:17:33,70,3411,81.2,13.85,25.4
2026-09-06 10:17:34,5,942,87.4,14.12,37.9
2026-09-06 10:17:35,35,809,84.2,14.18,61.5
2026-09-06 10:17:36,44,2150,78.3,14.3,50.0
2026-09-06 10:17:37,66,1477,83.7,14.31,37.6
2026-09-06 10:17:38,89,2354,94.7,13.66,44.6
2026-09-06 10:17:39,48,3452,88.0,13.98,45.0
2026-09-06 10:17:40,72,995,94.7,13.2,23.5
2026-09-06 10:17:41,114,2571,93.9,14.27,42.2
2026-09-06 10:17:42,58,1274,76.1,14.34,16.6
2026-09-06 10:17:43,101,2614,79.1,14.17,44.0
2026-09-06 10:17:44,73,3051,81.6,14.22,17.0
2026-09-06 10:17:45,53,1481,79.1,14.08,33.5
2026-09-06 10:17:46,62,2794,94.8,13.96,75.0
2026-09-06 10:17:47,18,3349,81.7,14.28,47.6
2026-09-06 10:17:48,67,3007,94.2,14.08,41.7
2026-09-06 10:17:49,21,1096,91.9,14.02,23.4
2026-09-06 10:17:50,74,1385,82.6,14.38,22.0
2026-09-06 10:17:51,77,2775,76.5,13.93,8.6
2026-09-06 10:17:52,111,1621,87.0,13.62,31.4
2026-09-06 10:17:53,52,2554,79.1,13.63,47.5
2026-09-06 10:17:54,77,1472,89.6,13.35,98.6
2026-09-06 10:17:55,19,2206,93.0,13.62,22.9
2026-09-06 10:17:56,17,1248,76.3,14.19,41.4
2026-09-06 10:17:57,1,2796,75.0,14.33,13.6
2026-09-06 10:17:58,21,2554,89.1,14.27,75.6
2026-09-06 10:17:59,78,2279,94.1,14.29,77.6
2026-09-06 10:18:00,92,1131,88.0,14.3,90.9
2026-09-06 10:18:01,113,1926,76.9,13.98,93.1
2026-09-06 10:18:02,55,2257,82.4,14.04,1.1
2026-09-06 10:18:03,1,3500,80.8,13.45,65.0
2026-09-06 10:18:04,18,1438,77.2,13.22,1.7
2026-09-06 10:18:05,100,2834,77.6,14.26,93.5
2026-09-06 10:18:06,95,1055,81.1,13.81,25.6
2026-09-06 10:18:07,26,1758,80.1,13.84,57.0
2026-09-06 10:18:08,53,1483,86.8,13.21,29.2
2026-09-06 10:18:09,103,1161,90.7,14.0,46.6
2026-09-06 10:18:10,112,2551,75.7,14.1,69.8
2026-09-06 10:18:11,43,2328,95.0,14.15,50.4
2026-09-06 10:18:12,5,2695,84.3,13.26,83.0
2026-09-06 10:18:13,83,1176,92.5,13.67,14.8
2026-09-06 10:18:14,75,1165,87.2,13.9,69.4
2026-09-06 10:18:15,61,919,93.9,14.22,74.7
2026-09-06 10:18:16,76,2805,78.5,14.28,16.3
2026-09-06 10:18:17,78,854,79.2,14.04,27.7
2026-09-06 10:18:18,6,3061,78.6,13.61,55.6
2026-09-06 10:18:19,111,1870,76.2,13.98,72.0
2026-09-06 10:18:20,108,1221,79.5,14.32,58.2
2026-09-06 10:18:21,53,1307,79.8,14.21,21.1
2026-09-06 10:18:22,77,2061,89.5,13.56,58.8
2026-09-06 10:18:23,85,1090,89.2,13.55,93.1
2026-09-06 10:18:24,32,903,94.9,13.94,20.2
2026-09-06 10:18:25,49,1248,92.7,13.87,37.3
2026-09-06 10:18:26,90,2819,89.5,14.32,96.8
2026-09-06 10:18:27,109,2984,83.8,14.12,17.2
2026-09-06 10:18:28,80,1593,78.0,14.09,11.7
2026-09-06 10:18:29,35,843,90.9,14.3,28.6
2026-09-06 10:18:30,41,1384,79.5,14.14,61.2
2026-09-06 10:18:31,95,2340,88.8,13.71,77.1
2026-09-06 10:18:32,68,1554,75.3,13.71,90.8
2026-09-06 10:18:33,16,2150,82.8,14.34,26.2
2026-09-06 10:18:34,70,2837,91.7,13.96,20.9
2026-09-06 10:18:35,11,2269,81.5,13.51,56.6
2026-09-06 10:18:36,52,1491,88.2,13.27,3.9
2026-09-06 10:18:37,5,2225,94.3,13.37,69.5
2026-09-06 10:18:38,48,2175,81.7,13.62,65.0
2026-09-06 10:18:39,103,1047,82.1,13.34,1.4
2026-09-06 10:18:40,115,2467,89.4,13.21,87.1
2026-09-06 10:18:41,7,2073,75.7,13.5,67.6
2026-09-06 10:18:42,33,1422,84.7,14.35,31.3
2026-09-06 10:18:43,106,2880,83.4,14.34,26.1
2026-09-06 10:18:44,71,2040,91.6,14.23,94.0
2026-09-06 10:18:45,120,3127,84.3,13.66,35.0
2026-09-06 10:18:46,11,2187,86.0,13.36,92.8
2026-09-06 10:18:47,85,1291,76.0,13.52,15.9
2026-09-06 10:18:48,42,2939,83.1,14.0,14.0
2026-09-06 10:18:49,16,1936,91.6,14.2,8.5
2026-09-06 10:18:50,53,1272,87.4,13.28,3.2
2026-09-06 10:18:51,43,841,89.6,13.23,27.5
2026-09-06 10:18:52,74,2400,76.2,13.49,31.0
2026-09-06 10:18:53,72,2881,82.6,13.86,39.8
2026-09-06 10:18:54,74,2922,77.6,13.5,60.1
2026-09-06 10:18:55,77,1892,82.8,13.96,54.6
2026-09-06 10:18:56,7,2089,85.3,13.68,82.8
2026-09-06 10:18:57,107,2965,81.3,13.5,30.4
2026-09-06 10:18:58,89,916,77.0,14.3,75.1
2026-09-06 10:18:59,109,859,79.7,14.04,51.5
2026-09-06 10:19:00,11,3449,90.0,13.22,89.1
2026-09-06 10:19:01,94,1205,76.6,13.87,86.7
2026-09-06 10:19:02,98,2137,76.2,13.66,56.3
2026-09-06 10:19:03,116,1761,92.9,13.57,17.6
2026-09-06 10:19:04,71,2543,82.4,13.35,62.8
2026-09-06 10:19:05,67,3074,90.7,14.33,31.2
2026-09-06 10:19:06,36,1794,88.7,14.01,66.4
2026-09-06 10:19:07,95,3085,91.7,13.29,96.9
2026-09-06 10:19:08,106,2977,93.7,13.83,78.0
2026-09-06 10:19:09,14,3121,79.9,13.51,84.5
2026-09-06 10:19:10,102,1673,80.5,13.92,23.1
2026-09-06 10:19:11,73,1030,89.7,14.19,75.3
2026-09-06 10:19:12,57,2758,84.0,13.62,10.9
2026-09-06 10:19:13,37,1310,84.4,13.21,20.9
2026-09-06 10:19:14,63,1656,77.7,13.95,37.8
2026-09-06 10:19:15,24,1156,81.7,13.39,48.0
2026-09-06 10:19:16,52,1136,85.7,13.9,27.7
2026-09-06 10:19:17,117,857,86.0,13.58,96.8
2026-09-06 10:19:18,81,2830,77.3,13.47,39.3
2026-09-06 10:19:19,84,2181,86.6,13.57,54.7
2026-09-06 10:19:20,101,3463,86.7,13.71,12.9
2026-09-06 10:19:21,81,2850,81.4,13.29,36.0
2026-09-06 10:19:22,85,3103,84.0,13.87,47.1
2026-09-06 10:19:23,32,3187,87.2,13.53,88.9
2026-09-06 10:19:24,51,1862,85.8,13.32,20.9
2026-09-06 10:19:25,116,1444,91.6,13.57,93.7
2026-09-06 10:19:26,100,2413,81.7,14.01,48.6
2026-09-06 10:19:27,107,3153,94.5,13.27,43.7
2026-09-06 10:19:28,18,1117,94.8,14.17,98.2
2026-09-06 10:19:29,69,1803,89.8,13.99,77.8
2026-09-06 10:19:30,120,2445,76.1,13.49,55.0
2026-09-06 10:19:31,57,2255,78.7,13.71,21.2
2026-09-06 10:19:32,83,1637,94.2,13.31,77.1
2026-09-06 10:19:33,58,1288,94.5,13.89,51.9
2026-09-06 10:19:34,57,841,85.2,13.61,25.0
2026-09-06 10:19:35,84,914,80.6,13.3,94.0
2026-09-06 10:19:36,80,1517,93.6,14.13,52.5
2026-09-06 10:19:37,82,2845,83.2,14.25,77.3
2026-09-06 10:19:38,117,1325,92.8,13.45,21.4
2026-09-06 10:19:39,35,2569,89.5,13.43,93.7
2026-09-06 10:19:40,115,3358,80.3,13.65,74.7
2026-09-06 10:19:41,118,889,93.3,13.45,79.0
2026-09-06 10:19:42,96,1425,83.9,13.43,17.2
2026-09-06 10:19:43,29,2741,83.5,14.38,24.9
2026-09-06 10:19:44,30,1403,76.2,14.04,58.8
2026-09-06 10:19:45,98,2171,92.0,13.44,13.4
2026-09-06 10:19:46,37,3136,77.6,14.29,52.5
2026-09-06 10:19:47,96,3195,81.3,13.73,74.7
2026-09-06 10:19:48,9,3239,89.5,14.08,20.9
2026-09-06 10:19:49,90,2080,85.7,13.66,97.0
2026-09-06 10:19:50,57,2293,78.7,13.68,47.3
2026-09-06 10:19:51,84,2228,94.1,13.78,66.2
2026-09-06 10:19:52,73,2585,78.4,14.36,17.2
2026-09-06 10:19:53,63,2448,94.6,13.58,91.6
2026-09-06 10:19:54,85,1689,76.0,13.22,12.2
2026-09-06 10:19:55,44,2481,84.4,13.26,70.3
2026-09-06 10:19:56,70,2039,76.5,13.58,97.8
2026-09-06 10:19:57,23,2220,94.6,13.34,78.5
2026-09-06 10:19:58,93,2500,79.8,13.3,66.4
2026-09-06 10:19:59,15,1558,83.1,13.84,19.9
2026-09-06 10:20:00,94,2126,91.3,13.8,36.9
2026-09-06 10:20:01,104,818,81.2,13.42,38.3
2026-09-06 10:20:02,16,2007,77.2,13.88,46.9
2026-09-06 10:20:03,77,2459,94.7,14.4,5.3
2026-09-06 10:20:04,115,2896,83.5,14.17,44.1
2026-09-06 10:20:05,49,1021,92.7,13.62,2.5
2026-09-06 10:20:06,4,2166,84.0,14.12,2.1
2026-09-06 10:20:07,87,2645,82.3,13.73,72.8
2026-09-06 10:20:08,30,3263,85.3,14.37,88.9
2026-09-06 10:20:09,33,3133,86.2,13.21,51.8
2026-09-06 10:20:10,71,2949,91.7,14.24,85.6
2026-09-06 10:20:11,40,1218,85.7,14.34,61.7
2026-09-06 10:20:12,65,3495,83.6,14.05,9.4
2026-09-06 10:20:13,115,2993,79.0,13.98,30.4
2026-09-06 10:20:14,97,2681,93.8,14.04,2.2
2026-09-06 10:20:15,5,835,76.1,14.37,59.1
2026-09-06 10:20:16,65,2933,91.7,13.99,22.2
2026-09-06 10:20:17,27,1085,82.8,13.29,26.5
2026-09-06 10:20:18,18,3086,94.6,14.1,5.4
2026-09-06 10:20:19,8,1741,80.9,13.44,46.5
2026-09-06 10:20:20,47,2815,80.4,14.13,51.8
2026-09-06 10:20:21,89,1004,88.0,14.19,86.5
2026-09-06 10:20:22,40,2916,78.2,13.8,85.7
2026-09-06 10:20:23,67,1337,80.5,13.24,57.5
2026-09-06 10:20:24,80,1968,94.1,14.33,38.7
2026-09-06 10:20:25,35,3360,84.2,13.43,37.8
2026-09-06 10:20:26,69,2620,87.4,13.74,71.5
2026-09-06 10:20:27,42,2698,94.7,13.68,62.0
2026-09-06 10:20:28,28,2870,85.1,13.37,16.6
2026-09-06 10:20:29,15,1587,75.6,13.43,27.5
2026-09-06 10:20:30,11,3136,88.6,14.2,86.1
2026-09-06 10:20:31,51,2216,81.0,14.05,77.6
2026-09-06 10:20:32,92,2392,77.8,14.25,67.0
2026-09-06 10:20:33,87,3263,83.1,13.7,65.4
2026-09-06 10:20:34,57,3109,92.6,14.03,19.5
2026-09-06 10:20:35,68,3015,79.0,13.94,69.1
2026-09-06 10:20:36,96,1488,89.1,13.35,3.6
2026-09-06 10:20:37,34,833,93.0,13.94,26.4
2026-09-06 10:20:38,86,1855,88.5,14.3,83.3
2026-09-06 10:20:39,107,2803,83.2,14.01,7.6
2026-09-06 10:20:40,77,1731,76.6,13.35,6.8
2026-09-06 10:20:41,109,1499,92.0,13.98,17.3
2026-09-06 10:20:42,32,1581,80.8,13.78,33.3
2026-09-06 10:20:43,59,1065,77.7,14.1,73.8
2026-09-06 10:20:44,33,3249,80.2,13.41,84.0
2026-09-06 10:20:45,62,1309,87.4,14.31,92.8
2026-09-06 10:20:46,116,2048,78.7,14.34,39.6
2026-09-06 10:20:47,105,2533,81.9,14.35,3.2
2026-09-06 10:20:48,17,2603,94.5,14.14,28.4
2026-09-06 10:20:49,71,1892,82.1,13.38,60.3
2026-09-06 10:20:50,37,2831,85.4,14.25,50.4
2026-09-06 10:20:51,41,3427,78.6,13.58,43.5
2026-09-06 10:20:52,106,2848,92.3,13.88,91.2
2026-09-06 10:20:53,50,2491,83.2,14.08,36.6
2026-09-06 10:20:54,5,2154,88.8,13.32,30.9
2026-09-06 10:20:55,119,2770,77.0,13.43,21.2
2026-09-06 10:20:56,76,1420,84.9,13.68,75.9
2026-09-06 10:20:57,67,2341,92.0,13.9,70.8
2026-09-06 10:20:58,5,3068,76.1,13.88,0.8
2026-09-06 10:20:59,96,2461,85.2,13.23,8.3
2026-09-06 10:21:00,29,806,94.0,13.5,70.4
2026-09-06 10:21:01,40,1126,90.8,13.98,89.1
2026-09-06 10:21:02,110,2740,79.3,13.64,92.2
2026-09-06 10:21:03,98,846,90.5,14.12,97.4
2026-09-06 10:21:04,113,1981,87.0,13.23,92.5
2026-09-06 10:21:05,107,843,75.1,13.34,59.2
2026-09-06 10:21:06,26,2248,83.8,13.36,98.2
2026-09-06 10:21:07,15,3004,80.9,13.44,94.4
2026-09-06 10:21:08,29,1789,94.2,13.33,47.6
2026-09-06 10:21:09,7,1439,90.0,13.27,85.3
2026-09-06 10:21:10,63,2569,78.0,14.02,68.9
2026-09-06 10:21:11,84,1310,77.7,13.46,29.5
2026-09-06 10:21:12,32,3292,77.8,14.13,56.4
2026-09-06 10:21:13,70,1936,93.3,13.89,26.8
2026-09-06 10:21:14,112,1054,90.3,14.28,35.3
2026-09-06 10:21:15,63,1574,89.6,13.74,16.3
2026-09-06 10:21:16,41,3005,75.1,13.3,92.0
2026-09-06 10:21:17,109,1398,88.8,13.64,70.4
2026-09-06 10:21:18,36,2170,85.5,14.24,2.3
2026-09-06 10:21:19,43,2947,84.1,14.35,91.1
2026-09-06 10:21:20,3,2448,87.0,13.71,41.6
2026-09-06 10:21:21,79,3480,80.9,14.09,19.8
2026-09-06 10:21:22,51,2982,86.0,13.21,4.1
2026-09-06 10:21:23,36,2823,79.4,13.21,12.8
2026-09-06 10:21:24,44,1179,87.1,13.9,70.2
2026-09-06 10:21:25,68,1771,88.1,13.2,13.9
2026-09-06 10:21:26,50,1539,91.7,14.0,91.0
2026-09-06 10:21:27,7,1858,89.7,13.69,81.4
2026-09-06 10:21:28,118,3492,85.7,14.01,15.3
2026-09-06 10:21:29,48,1865,93.5,14.19,38.9
2026-09-06 10:21:30,87,2469,83.9,14.2,80.2
2026-09-06 10:21:31,67,3378,87.5,14.2,13.2
2026-09-06 10:21:32,97,875,90.5,13.2,40.2
2026-09-06 10:21:33,91,1429,90.1,13.51,6.8
2026-09-06 10:21:34,105,2561,79.7,13.52,23.6
2026-09-06 10:21:35,39,2963,91.4,13.22,17.5
2026-09-06 10:21:36,109,2186,81.5,13.92,33.1
2026-09-06 10:21:37,106,1000,93.9,13.35,45.8
2026-09-06 10:21:38,117,1763,80.3,14.27,77.8
2026-09-06 10:21:39,97,2493,85.6,13.73,82.6
2026-09-06 10:21:40,59,2199,94.8,13.27,79.6
2026-09-06 10:21:41,13,1209,83.0,14.28,56.0
2026-09-06 10:21:42,12,1426,76.8,13.74,39.9
2026-09-06 10:21:43,2,3241,87.2,13.96,38.4
2026-09-06 10:21:44,34,1737,81.0,13.93,41.8
2026-09-06 10:21:45,68,1470,76.7,14.09,30.8
2026-09-06 10:21:46,27,3214,94.6,13.92,8.3
2026-09-06 10:21:47,109,3198,85.3,13.76,99.6
2026-09-06 10:21:48,47,3369,91.7,14.02,6.2
2026-09-06 10:21:49,50,999,79.2,13.57,4.1
2026-09-06 10:21:50,15,2127,81.2,14.31,65.2
2026-09-06 10:21:51,5,1044,91.9,13.67,27.6
2026-09-06 10:21:52,94,2150,82.6,13.71,35.0
2026-09-06 10:21:53,101,2886,81.5,13.2,34.6
2026-09-06 10:21:54,73,2679,94.5,13.66,86.8
2026-09-06 10:21:55,63,3251,88.8,13.66,76.3
2026-09-06 10:21:56,91,1540,77.7,13.28,100.0
2026-09-06 10:21:57,25,2326,76.0,13.63,20.1
2026-09-06 10:21:58,2,2557,77.2,13.4,98.4
2026-09-06 10:21:59,64,1741,82.0,13.28,29.3
2026-09-06 10:22:00,42,1028,89.2,13.58,86.4
2026-09-06 10:22:01,34,2837,82.6,13.77,93.2
2026-09-06 10:22:02,74,1499,83.3,14.1,12.3
2026-09-06 10:22:03,81,2865,86.1,14.35,59.8
2026-09-06 10:22:04,27,2821,83.5,13.46,48.5
2026-09-06 10:22:05,114,1950,79.2,14.12,21.2
2026-09-06 10:22:06,30,1782,76.8,14.19,92.1
2026-09-06 10:22:07,89,834,80.8,13.44,84.3
2026-09-06 10:22:08,119,3254,93.7,14.02,84.9
2026-09-06 10:22:09,75,2961,87.9,14.18,61.0
2026-09-06 10:22:10,10,2243,89.5,13.79,37.5
2026-09-06 10:22:11,66,1560,84.8,13.61,96.3
2026-09-06 10:22:12,24,1340,87.0,13.8,54.0
2026-09-06 10:22:13,99,3374,82.0,13.3,28.2
2026-09-06 10:22:14,11,1250,79.7,14.17,8.3
2026-09-06 10:22:15,73,3260,78.5,13.76,31.1
2026-09-06 10:22:16,82,3463,76.3,14.1,55.0
2026-09-06 10:22:17,74,1430,82.0,13.48,34.0
2026-09-06 10:22:18,59,1113,91.8,14.09,0.8
2026-09-06 10:22:19,91,3168,85.1,13.41,55.8
2026-09-06 10:22:20,101,3491,91.6,14.1,72.0
2026-09-06 10:22:21,61,1177,94.8,13.88,29.1
2026-09-06 10:22:22,2,3404,88.9,14.11,57.8
2026-09-06 10:22:23,96,3351,85.3,13.35,46.5
2026-09-06 10:22:24,10,1189,75.8,13.64,37.1
2026-09-06 10:22:25,108,1447,78.1,13.83,83.8
2026-09-06 10:22:26,71,3172,80.5,14.31,80.4
2026-09-06 10:22:27,62,1212,94.0,13.33,0.2
2026-09-06 10:22:28,27,2905,90.0,13.49,6.7
2026-09-06 10:22:29,23,2555,93.6,13.44,29.4
2026-09-06 10:22:30,81,3451,92.7,13.56,69.1
2026-09-06 10:22:31,119,1928,87.1,14.32,92.1
2026-09-06 10:22:32,23,878,77.4,13.57,25.3
2026-09-06 10:22:33,89,831,86.2,13.76,16.1
2026-09-06 10:22:34,86,1369,75.0,13.6,90.4
2026-09-06 10:22:35,87,892,92.9,13.76,84.6
2026-09-06 10:22:36,52,1778,84.2,13.56,8.6
2026-09-06 10:22:37,60,3455,81.5,13.45,1.1
2026-09-06 10:22:38,98,2123,87.6,13.29,50.0
2026-09-06 10:22:39,47,2501,76.7,13.72,90.0
2026-09-06 10:22:40,48,1025,94.9,14.21,51.5
2026-09-06 10:22:41,82,3122,94.6,14.13,82.9
2026-09-06 10:22:42,75,2377,81.1,13.57,78.8
2026-09-06 10:22:43,104,3139,84.9,13.79,59.3
2026-09-06 10:22:44,3,965,78.4,13.57,75.4
2026-09-06 10:22:45,31,1141,93.1,13.9,7.6
2026-09-06 10:22:46,86,3417,91.5,13.49,14.0
2026-09-06 10:22:47,91,1786,85.1,13.31,76.3
2026-09-06 10:22:48,103,3055,76.8,13.84,37.9
2026-09-06 10:22:49,81,1920,83.4,13.72,99.2
2026-09-06 10:22:50,64,2422,80.5,13.95,3.6
2026-09-06 10:22:51,40,1754,85.0,13.61,70.6
2026-09-06 10:22:52,5,3476,79.4,13.95,61.1
2026-09-06 10:22:53,96,3158,86.4,14.3,95.7
2026-09-06 10:22:54,32,3486,75.7,13.97,49.1
2026-09-06 10:22:55,34,3295,82.0,13.61,95.2
2026-09-06 10:22:56,40,1090,76.9,13.65,59.2
2026-09-06 10:22:57,30,2748,90.5,13.62,31.7
2026-09-06 10:22:58,21,2378,80.7,14.25,64.9
2026-09-06 10:22:59,84,2551,77.8,13.69,82.5
2026-09-06 10:23:00,54,1414,75.3,14.33,29.5
2026-09-06 10:23:01,95,2875,75.0,13.59,76.0
2026-09-06 10:23:02,49,2997,92.6,13.25,62.8
2026-09-06 10:23:03,81,983,82.3,13.37,28.0
2026-09-06 10:23:04,114,3078,84.2,13.5,50.4
2026-09-06 10:23:05,33,2243,83.5,13.7,14.3
2026-09-06 10:23:06,107,2450,89.7,13.87,29.3
2026-09-06 10:23:07,84,3229,78.4,14.36,77.7
2026-09-06 10:23:08,79,2433,78.2,14.25,67.6
2026-09-06 10:23:09,7,2466,75.5,13.36,70.6
2026-09-06 10:23:10,41,2793,84.0,13.86,49.0
2026-09-06 10:23:11,7,2504,91.7,13.39,12.0
2026-09-06 10:23:12,40,1426,81.9,14.01,52.1
2026-09-06 10:23:13,26,2879,93.7,14.21,5.9
2026-09-06 10:23:14,60,1484,78.9,13.49,80.4
2026-09-06 10:23:15,37,3296,78.3,13.91,12.0
2026-09-06 10:23:16,8,2633,85.9,14.34,49.8
2026-09-06 10:23:17,58,2499,94.7,13.78,24.1
2026-09-06 10:23:18,61,1371,88.9,13.38,10.7
2026-09-06 10:23:19,13,3394,76.3,13.91,36.0
2026-09-06 10:23:20,44,1258,89.8,13.6,66.5
2026-09-06 10:23:21,29,2117,89.0,13.84,81.5
2026-09-06 10:23:22,34,3304,79.5,13.62,42.9
2026-09-06 10:23:23,109,3420,80.9,14.21,17.0
2026-09-06 10:23:24,24,3221,76.6,14.0,11.7
2026-09-06 10:23:25,79,2470,75.8,13.78,74.0
2026-09-06 10:23:26,16,3489,82.3,13.63,55.5
2026-09-06 10:23:27,54,1029,85.4,13.35,74.8
2026-09-06 10:23:28,114,2216,85.5,13.34,60.6
2026-09-06 10:23:29,93,1389,76.4,13.6,99.0
2026-09-06 10:23:30,19,1046,85.6,14.24,47.0
2026-09-06 10:23:31,119,1341,90.7,13.69,63.7
2026-09-06 10:23:32,37,3069,86.2,13.93,8.1
2026-09-06 10:23:33,89,3154,76.9,13.48,42.9
2026-09-06 10:23:34,101,3273,88.5,13.92,29.4
2026-09-06 10:23:35,101,1188,82.0,13.95,18.7
2026-09-06 10:23:36,22,2620,90.5,13.65,29.4
2026-09-06 10:23:37,12,1596,75.3,13.56,62.6
2026-09-06 10:23:38,107,1758,87.9,13.6,65.7
2026-09-06 10:23:39,107,2799,78.3,14.29,60.1
2026-09-06 10:23:40,87,1165,92.8,13.34,77.0
2026-09-06 10:23:41,39,3471,81.7,13.55,67.4
2026-09-06 10:23:42,69,984,89.2,13.79,48.5
2026-09-06 10:23:43,116,2798,76.2,13.55,27.6
2026-09-06 10:23:44,81,2903,93.3,13.54,42.1
2026-09-06 10:23:45,95,905,79.8,13.73,56.7
2026-09-06 10:23:46,101,1215,92.6,14.38,6.0
2026-09-06 10:23:47,112,1361,90.4,14.33,50.2
2026-09-06 10:23:48,61,3235,94.8,14.25,81.2
2026-09-06 10:23:49,29,1894,93.4,13.47,66.0
2026-09-06 10:23:50,75,1783,94.9,13.46,5.6
2026-09-06 10:23:51,29,1637,85.8,14.15,77.8
2026-09-06 10:23:52,30,1662,94.9,14.37,18.3
2026-09-06 10:23:53,10,1252,81.7,14.25,50.2
2026-09-06 10:23:54,61,2260,94.6,13.38,19.4
2026-09-06 10:23:55,37,1470,86.3,14.05,83.1
2026-09-06 10:23:56,47,1473,80.3,14.05,91.2
2026-09-06 10:23:57,77,1717,76.4,13.88,84.8
2026-09-06 10:23:58,90,2695,81.8,14.08,8.6
2026-09-06 10:23:59,32,2838,90.3,14.1,9.6
2026-09-06 10:24:00,44,3239,76.3,13.65,35.1
2026-09-06 10:24:01,67,2576,90.0,14.06,50.7
2026-09-06 10:24:02,68,2711,86.4,13.37,32.3
2026-09-06 10:24:03,83,3355,75.0,13.9,20.3
2026-09-06 10:24:04,63,1858,76.1,13.31,6.6
2026-09-06 10:24:05,12,3105,84.2,13.45,63.7
2026-09-06 10:24:06,8,2084,80.5,13.57,87.0
2026-09-06 10:24:07,102,2207,81.2,13.22,40.8
2026-09-06 10:24:08,108,1270,88.0,13.24,62.9
2026-09-06 10:24:09,71,2062,85.4,13.69,56.8
2026-09-06 10:24:10,12,2558,91.5,13.48,32.6
2026-09-06 10:24:11,59,2889,78.5,14.27,27.5
2026-09-06 10:24:12,43,2404,90.2,13.58,34.4
2026-09-06 10:24:13,28,1818,84.0,14.14,3.3
2026-09-06 10:24:14,20,1007,87.6,13.97,23.5
2026-09-06 10:24:15,70,3297,92.1,14.32,87.8
2026-09-06 10:24:16,6,1136,92.0,13.74,26.1
2026-09-06 10:24:17,25,970,82.3,13.74,65.2
2026-09-06 10:24:18,3,3080,75.8,14.05,12.1
2026-09-06 10:24:19,64,1192,83.3,13.57,31.5
2026-09-06 10:24:20,48,3434,89.1,13.6,21.7
2026-09-06 10:24:21,64,2951,86.2,14.17,90.8
2026-09-06 10:24:22,78,1082,76.6,13.65,48.4
2026-09-06 10:24:23,66,1600,76.5,13.93,45.3
2026-09-06 10:24:24,63,3447,81.5,14.03,8.8
2026-09-06 10:24:25,113,865,79.2,14.17,68.7
2026-09-06 10:24:26,68,2025,80.6,14.13,37.8
2026-09-06 10:24:27,62,975,79.9,14.32,10.2
2026-09-06 10:24:28,21,2460,87.6,13.77,87.0
2026-09-06 10:24:29,63,806,79.7,14.19,48.8
2026-09-06 10:24:30,8,1362,91.9,13.63,88.5
2026-09-06 10:24:31,104,1467,83.9,13.39,45.1
2026-09-06 10:24:32,14,1893,75.9,14.27,20.9
2026-09-06 10:24:33,98,1910,86.8,13.33,4.8
2026-09-06 10:24:34,94,2619,89.5,13.65,54.3
2026-09-06 10:24:35,11,1982,78.1,13.68,66.3
2026-09-06 10:24:36,11,2553,90.7,13.94,25.1
2026-09-06 10:24:37,63,1110,77.5,13.93,32.2
2026-09-06 10:24:38,52,3473,91.5,13.86,10.9
2026-09-06 10:24:39,87,2096,86.5,14.12,3.5
2026-09-06 10:24:40,15,2463,80.5,14.31,10.1
2026-09-06 10:24:41,108,956,83.1,13.31,5.9
2026-09-06 10:24:42,0,1470,81.0,13.94,5.5
2026-09-06 10:24:43,91,2041,91.8,13.85,80.6
2026-09-06 10:24:44,90,3093,77.9,13.64,20.5
2026-09-06 10:24:45,28,2636,88.9,13.49,65.5
2026-09-06 10:24:46,64,1422,84.0,14.34,71.7
2026-09-06 10:24:47,40,2328,84.3,14.13,53.3
2026-09-06 10:24:48,85,3093,85.8,13.48,83.4
2026-09-06 10:24:49,17,1929,87.6,13.83,7.0
2026-09-06 10:24:50,86,2893,84.5,14.23,6.8
2026-09-06 10:24:51,16,1602,77.5,14.37,11.7
2026-09-06 10:24:52,97,3344,85.6,14.01,66.7
2026-09-06 10:24:53,38,1610,78.5,14.1,40.9
2026-09-06 10:24:54,87,1522,77.8,13.78,7.9
2026-09-06 10:24:55,110,2364,80.7,13.44,54.9
2026-09-06 10:24:56,107,1987,80.7,13.64,13.9
2026-09-06 10:24:57,30,3464,87.4,14.2,78.3
2026-09-06 10:24:58,43,1819,86.2,13.22,51.2
2026-09-06 10:24:59,104,989,76.5,13.65,85.4
2026-09-06 10:25:00,104,1654,84.4,13.59,72.0
2026-09-06 10:25:01,105,2922,84.3,14.03,90.0
2026-09-06 10:25:02,32,1588,83.9,14.19,16.0
2026-09-06 10:25:03,108,1776,75.4,14.25,12.3
2026-09-06 10:25:04,16,1705,86.6,13.49,36.9
2026-09-06 10:25:05,1,2326,82.2,14.08,6.1
2026-09-06 10:25:06,84,1998,81.8,13.57,36.5
2026-09-06 10:25:07,0,1400,90.7,14.07,93.0
2026-09-06 10:25:08,112,2568,94.9,14.19,32.5
2026-09-06 10:25:09,35,3042,91.9,13.25,18.4
2026-09-06 10:25:10,28,1153,86.2,14.33,2.0
2026-09-06 10:25:11,86,3373,85.0,13.8,80.6
2026-09-06 10:25:12,111,1328,89.7,13.83,39.5
2026-09-06 10:25:13,107,1818,82.6,13.72,97.2
2026-09-06 10:25:14,65,1535,81.1,13.51,2.5
2026-09-06 10:25:15,55,1543,87.2,14.37,18.8
2026-09-06 10:25:16,76,3043,78.3,14.37,26.9
2026-09-06 10:25:17,17,1664,90.9,13.79,20.1
2026-09-06 10:25:18,101,1985,87.4,14.22,29.7
2026-09-06 10:25:19,112,934,81.0,13.21,26.7
2026-09-06 10:25:20,29,2719,86.0,13.97,34.6
2026-09-06 10:25:21,21,2292,76.7,13.33,22.6
2026-09-06 10:25:22,92,1129,81.7,13.27,62.4
2026-09-06 10:25:23,89,2979,93.3,14.25,1.8
2026-09-06 10:25:24,61,1575,80.1,14.16,10.2
2026-09-06 10:25:25,62,3205,82.8,14.26,35.3
2026-09-06 10:25:26,106,1776,89.3,13.31,70.5
2026-09-06 10:25:27,9,3098,80.4,14.05,48.3
2026-09-06 10:25:28,61,1803,83.3,13.52,80.8
2026-09-06 10:25:29,58,1968,77.5,13.22,72.3
2026-09-06 10:25:30,79,2791,83.2,13.21,93.6
2026-09-06 10:25:31,58,2283,78.5,14.32,42.5
2026-09-06 10:25:32,96,1150,90.8,13.41,70.7
2026-09-06 10:25:33,28,3106,88.6,14.16,87.3
2026-09-06 10:25:34,114,2382,80.5,13.2,94.0
2026-09-06 10:25:35,0,950,90.4,14.33,36.1
2026-09-06 10:25:36,56,1140,76.7,13.72,74.6
2026-09-06 10:25:37,99,2547,77.9,13.56,6.2
2026-09-06 10:25:38,28,1611,76.7,13.92,75.0
2026-09-06 10:25:39,103,1439,83.4,13.28,68.5
2026-09-06 10:25:40,116,1720,82.4,13.41,80.2
2026-09-06 10:25:41,15,1941,88.9,13.34,9.7
2026-09-06 10:25:42,81,2231,80.7,14.32,46.6
2026-09-06 10:25:43,101,2739,82.2,14.28,71.1
2026-09-06 10:25:44,52,2459,85.8,14.37,87.0
2026-09-06 10:25:45,103,1860,85.1,13.27,46.3
2026-09-06 10:25:46,15,2747,78.9,14.0,87.0
2026-09-06 10:25:47,61,1537,86.1,13.9,2.6
2026-09-06 10:25:48,94,1076,82.1,14.21,97.3
2026-09-06 10:25:49,49,3140,76.1,13.99,84.9
2026-09-06 10:25:50,25,1361,81.4,14.25,20.2
2026-09-06 10:25:51,111,869,77.6,13.98,97.2
2026-09-06 10:25:52,24,855,89.4,14.11,26.7
2026-09-06 10:25:53,112,3137,80.6,13.7,14.6
2026-09-06 10:25:54,113,1818,89.8,13.32,6.1
2026-09-06 10:25:55,64,2073,88.9,13.87,32.2
2026-09-06 10:25:56,95,1573,75.9,14.12,85.8
2026-09-06 10:25:57,10,2072,76.4,14.03,6.7
2026-09-06 10:25:58,29,1241,88.7,14.06,38.4
2026-09-06 10:25:59,67,1810,84.8,13.23,59.7
2026-09-06 10:26:00,65,2080,75.1,14.14,63.5
2026-09-06 10:26:01,100,1300,94.1,14.28,54.4
2026-09-06 10:26:02,113,1281,79.4,13.53,59.9
2026-09-06 10:26:03,37,1019,82.6,13.61,31.4
2026-09-06 10:26:04,9,2404,84.1,13.51,6.0
2026-09-06 10:26:05,83,1108,76.0,14.14,44.3
2026-09-06 10:26:06,62,906,75.9,13.23,6.6
2026-09-06 10:26:07,39,2985,94.0,13.81,96.5
2026-09-06 10:26:08,30,1709,82.1,13.45,56.8
2026-09-06 10:26:09,43,2477,84.7,13.57,82.9
2026-09-06 10:26:10,34,1759,88.8,13.81,98.9
2026-09-06 10:26:11,14,2775,85.2,14.24,98.5
2026-09-06 10:26:12,82,2435,93.1,14.14,30.0
2026-09-06 10:26:13,30,3112,93.8,13.51,98.0
2026-09-06 10:26:14,31,3337,94.7,13.72,66.1
2026-09-06 10:26:15,13,3174,87.4,14.07,59.3
2026-09-06 10:26:16,93,1679,86.9,13.58,54.9
2026-09-06 10:26:17,44,1621,76.3,13.48,69.4
2026-09-06 10:26:18,11,2474,90.2,14.27,19.9
2026-09-06 10:26:19,56,1053,77.3,14.36,30.7
2026-09-06 10:26:20,51,3124,77.4,14.15,35.7
2026-09-06 10:26:21,54,1467,91.4,13.37,85.2
2026-09-06 10:26:22,106,896,81.8,13.95,52.0
2026-09-06 10:26:23,37,3191,87.4,13.82,43.1
2026-09-06 10:26:24,97,3193,94.0,14.03,82.3
2026-09-06 10:26:25,63,3414,78.1,14.29,37.9
2026-09-06 10:26:26,28,2695,86.1,13.71,87.5
2026-09-06 10:26:27,73,953,83.0,14.22,83.3
2026-09-06 10:26:28,32,2109,92.7,14.22,70.9
2026-09-06 10:26:29,52,1947,79.9,13.4,83.3
2026-09-06 10:26:30,87,843,90.5,13.27,28.4
2026-09-06 10:26:31,20,2443,78.2,13.75,32.3
2026-09-06 10:26:32,31,2166,88.6,14.01,4.1
2026-09-06 10:26:33,59,3351,77.7,13.28,15.7
2026-09-06 10:26:34,21,3048,91.0,13.72,27.9
2026-09-06 10:26:35,59,2669,91.9,14.27,72.9
2026-09-06 10:26:36,89,3202,86.5,14.36,0.1
2026-09-06 10:26:37,65,913,79.8,13.42,90.6
2026-09-06 10:26:38,6,1890,93.6,13.68,99.9
2026-09-06 10:26:39,39,2177,90.6,14.32,49.9
2026-09-06 10:26:40,87,3016,83.1,14.34,76.4
2026-09-06 10:26:41,17,3064,79.4,13.33,85.9
2026-09-06 10:26:42,75,2464,75.9,13.32,46.6
2026-09-06 10:26:43,37,2805,78.5,13.26,74.5
2026-09-06 10:26:44,35,1681,94.2,14.35,48.2
2026-09-06 10:26:45,70,1134,78.9,14.22,59.3
2026-09-06 10:26:46,77,2721,90.5,14.31,1.5
2026-09-06 10:26:47,9,2984,86.6,14.34,54.4
2026-09-06 10:26:48,54,2300,92.2,13.41,54.9
2026-09-06 10:26:49,88,2756,89.3,13.36,32.8
2026-09-06 10:26:50,33,1801,90.0,14.19,89.0
2026-09-06 10:26:51,74,1907,85.3,14.33,59.1
2026-09-06 10:26:52,0,3001,93.6,13.34,28.1
2026-09-06 10:26:53,116,3179,80.8,13.47,93.1
2026-09-06 10:26:54,112,3298,90.3,14.36,71.8
2026-09-06 10:26:55,61,1739,88.9,13.49,0.7
2026-09-06 10:26:56,2,3146,80.1,14.23,35.4
2026-09-06 10:26:57,75,2337,75.7,14.39,75.1
2026-09-06 10:26:58,45,2024,78.3,13.72,2.2
2026-09-06 10:26:59,95,2779,88.3,14.34,7.9
2026-09-06 10:27:00,97,2852,92.4,13.59,39.6
2026-09-06 10:27:01,21,2301,88.8,14.29,26.6
2026-09-06 10:27:02,63,2360,79.3,13.89,31.3
2026-09-06 10:27:03,21,2305,94.5,14.09,40.7
2026-09-06 10:27:04,23,2339,75.2,13.59,53.3
2026-09-06 10:27:05,88,1191,86.8,13.75,11.9
2026-09-06 10:27:06,80,3294,81.5,13.75,1.5
2026-09-06 10:27:07,47,874,89.2,13.98,35.1
2026-09-06 10:27:08,111,3304,81.4,13.67,72.8
2026-09-06 10:27:09,110,1785,89.3,13.39,24.1
2026-09-06 10:27:10,43,2393,94.8,13.57,4.3
2026-09-06 10:27:11,72,2296,93.5,13.76,8.4
2026-09-06 10:27:12,3,3440,89.4,13.47,35.3
2026-09-06 10:27:13,26,2213,93.6,13.22,88.1
2026-09-06 10:27:14,17,3163,90.3,13.62,38.3
2026-09-06 10:27:15,37,1838,75.5,14.34,39.5
2026-09-06 10:27:16,39,2992,81.0,13.79,10.2
2026-09-06 10:27:17,55,3423,79.6,13.86,86.7
2026-09-06 10:27:18,48,2102,93.2,13.4,95.1
2026-09-06 10:27:19,39,2924,75.7,13.25,68.0
2026-09-06 10:27:20,1,2268,77.0,13.75,90.2
2026-09-06 10:27:21,25,3177,82.8,14.35,60.5
2026-09-06 10:27:22,48,2784,79.5,14.01,36.5
2026-09-06 10:27:23,23,1408,80.0,13.89,69.8
2026-09-06 10:27:24,115,3278,76.4,14.18,46.5
2026-09-06 10:27:25,47,966,86.8,13.37,36.1
2026-09-06 10:27:26,92,2157,90.5,13.67,15.7
2026-09-06 10:27:27,83,3368,89.6,14.31,81.1
2026-09-06 10:27:28,54,1882,86.2,13.8,42.4
2026-09-06 10:27:29,91,1747,82.5,13.27,75.3
2026-09-06 10:27:30,44,1657,92.0,13.27,70.0
2026-09-06 10:27:31,66,2647,77.3,13.91,17.5
2026-09-06 10:27:32,29,3425,85.9,14.16,33.2
2026-09-06 10:27:33,95,1886,88.3,13.33,86.9
2026-09-06 10:27:34,62,3193,90.5,13.88,60.8
2026-09-06 10:27:35,82,1654,82.1,13.44,11.4
2026-09-06 10:27:36,86,1908,83.5,14.22,25.0
2026-09-06 10:27:37,113,3478,86.6,13.42,2.7
2026-09-06 10:27:38,118,1827,93.2,14.29,12.5
2026-09-06 10:27:39,76,1199,75.2,13.32,90.0
2026-09-06 10:27:40,16,3250,87.4,14.05,76.3
2026-09-06 10:27:41,75,2321,86.4,14.39,14.5
2026-09-06 10:27:42,37,2615,87.0,13.76,7.0
2026-09-06 10:27:43,84,2560,94.6,13.3,86.4
2026-09-06 10:27:44,76,927,82.2,13.41,34.3
2026-09-06 10:27:45,14,2263,79.0,13.39,27.4
2026-09-06 10:27:46,94,3157,75.3,13.32,49.5
2026-09-06 10:27:47,78,1605,94.3,13.88,41.7
2026-09-06 10:27:48,2,2701,85.3,13.85,14.3
2026-09-06 10:27:49,31,3172,82.0,13.28,71.0
2026-09-06 10:27:50,70,2698,82.4,13.68,6.3
2026-09-06 10:27:51,61,1499,89.3,14.04,73.4
2026-09-06 10:27:52,7,2587,84.9,14.08,38.5
2026-09-06 10:27:53,29,2745,94.6,14.22,22.2
2026-09-06 10:27:54,61,3341,89.3,13.59,98.9
2026-09-06 10:27:55,101,1050,91.3,14.12,13.5
2026-09-06 10:27:56,44,1786,83.6,13.53,79.3
2026-09-06 10:27:57,84,1750,76.1,13.67,23.1
2026-09-06 10:27:58,13,1229,90.7,13.69,55.9
2026-09-06 10:27:59,66,899,93.1,13.54,80.3
2026-09-06 10:28:00,108,1132,93.0,13.8,33.9
2026-09-06 10:28:01,85,1784,77.3,13.43,27.0
2026-09-06 10:28:02,101,2244,77.9,13.47,91.0
2026-09-06 10:28:03,11,2427,81.6,13.94,26.1
2026-09-06 10:28:04,23,1709,93.2,14.18,46.5
2026-09-06 10:28:05,72,2216,92.2,13.39,56.1
2026-09-06 10:28:06,92,1660,88.4,14.35,63.8
2026-09-06 10:28:07,87,1924,78.7,14.27,79.7
2026-09-06 10:28:08,35,1150,83.1,13.53,2.5
2026-09-06 10:28:09,73,2145,94.2,13.91,54.9
2026-09-06 10:28:10,76,2995,93.1,13.38,9.1
2026-09-06 10:28:11,87,2657,77.1,13.6,53.3
2026-09-06 10:28:12,60,3348,84.8,14.34,67.2
2026-09-06 10:28:13,58,2347,89.6,13.88,84.4
2026-09-06 10:28:14,16,1590,80.3,13.28,82.2
2026-09-06 10:28:15,15,894,81.6,13.2,96.5
2026-09-06 10:28:16,57,1245,81.6,14.27,41.0
2026-09-06 10:28:17,89,2094,77.4,13.99,43.8
2026-09-06 10:28:18,17,2642,77.2,13.79,92.6
2026-09-06 10:28:19,24,3110,84.0,13.71,35.4
2026-09-06 10:28:20,31,858,81.0,13.31,39.5
2026-09-06 10:28:21,35,2154,75.6,13.71,100.0
2026-09-06 10:28:22,24,2465,77.7,14.04,29.2
2026-09-06 10:28:23,41,2388,83.2,13.34,53.8
2026-09-06 10:28:24,77,2334,79.4,13.83,8.8
2026-09-06 10:28:25,111,1049,85.5,13.97,33.3
2026-09-06 10:28:26,81,2124,94.8,14.22,74.0
2026-09-06 10:28:27,26,882,94.7,13.45,66.4
2026-09-06 10:28:28,64,2767,90.2,13.3,38.9
2026-09-06 10:28:29,37,1130,81.3,13.97,96.5
2026-09-06 10:28:30,41,2632,77.0,13.84,43.7
2026-09-06 10:28:31,12,2809,87.0,14.06,25.4
2026-09-06 10:28:32,50,1372,84.3,14.36,48.9
2026-09-06 10:28:33,20,3231,86.3,14.05,24.2
2026-09-06 10:28:34,98,1138,85.1,14.29,1.9
2026-09-06 10:28:35,98,1049,93.7,13.74,96.4
2026-09-06 10:28:36,5,3003,78.2,13.72,47.0
2026-09-06 10:28:37,115,2253,81.3,14.32,13.4
2026-09-06 10:28:38,96,1635,86.7,14.24,58.3
2026-09-06 10:28:39,117,2107,83.6,13.52,30.1
2026-09-06 10:28:40,64,2303,76.6,13.35,57.1
2026-09-06 10:28:41,7,2805,84.2,13.44,57.5
2026-09-06 10:28:42,64,3469,84.6,13.62,33.4
2026-09-06 10:28:43,72,2898,86.8,14.21,62.9
2026-09-06 10:28:44,35,3470,81.4,13.65,42.4
2026-09-06 10:28:45,71,2901,86.6,13.47,74.1
2026-09-06 10:28:46,65,1638,90.9,13.71,85.5
2026-09-06 10:28:47,70,1576,77.6,13.64,57.2
2026-09-06 10:28:48,31,1883,76.9,14.03,43.6
2026-09-06 10:28:49,108,1706,82.4,13.24,40.4
2026-09-06 10:28:50,56,1181,82.4,13.36,70.7
2026-09-06 10:28:51,11,1421,78.2,13.52,4.8
2026-09-06 10:28:52,70,1265,89.9,14.09,75.7
2026-09-06 10:28:53,70,1447,89.2,13.37,36.8
2026-09-06 10:28:54,30,2225,94.9,13.39,85.1
2026-09-06 10:28:55,118,3052,82.8,14.32,73.5
2026-09-06 10:28:56,84,1767,76.6,13.96,51.1
2026-09-06 10:28:57,74,3161,80.2,13.92,51.3
2026-09-06 10:28:58,119,1262,88.0,14.02,65.2
2026-09-06 10:28:59,60,3293,87.4,13.25,94.7
2026-09-06 10:29:00,37,1742,94.0,13.75,21.0
2026-09-06 10:29:01,97,2370,89.1,13.35,16.3
2026-09-06 10:29:02,30,910,81.5,14.02,97.6
2026-09-06 10:29:03,92,3297,86.1,14.27,9.0
2026-09-06 10:29:04,94,1451,78.5,13.38,46.6
2026-09-06 10:29:05,86,2295,91.9,14.01,35.0
2026-09-06 10:29:06,113,2623,84.1,13.82,86.8
2026-09-06 10:29:07,14,850,82.6,13.41,35.6
2026-09-06 10:29:08,40,2626,94.5,13.94,88.8
2026-09-06 10:29:09,98,2954,80.6,13.81,63.2
2026-09-06 10:29:10,60,878,76.0,13.65,65.3
2026-09-06 10:29:11,16,1879,86.1,14.18,38.4
2026-09-06 10:29:12,72,2722,82.7,14.09,12.7
2026-09-06 10:29:13,1,1317,94.1,13.73,5.4
2026-09-06 10:29:14,84,1266,76.4,14.36,63.4
2026-09-06 10:29:15,73,2998,81.4,13.66,15.5
2026-09-06 10:29:16,46,1925,91.9,13.67,60.4
2026-09-06 10:29:17,14,2036,83.7,13.92,74.9
2026-09-06 10:29:18,95,2067,84.4,13.79,36.0
2026-09-06 10:29:19,105,2284,88.0,13.88,84.3
2026-09-06 10:29:20,71,1007,86.1,14.32,30.4
2026-09-06 10:29:21,6,1759,80.2,13.26,91.6
2026-09-06 10:29:22,104,2711,76.8,13.94,2.1
2026-09-06 10:29:23,2,2920,88.8,13.66,64.5
2026-09-06 10:29:24,79,2327,84.2,13.56,55.4
2026-09-06 10:29:25,8,1182,76.4,13.91,42.9
2026-09-06 10:29:26,64,1550,85.5,14.36,3.4
2026-09-06 10:29:27,110,3102,77.7,13.35,93.5
2026-09-06 10:29:28,32,3141,90.0,13.67,50.0
2026-09-06 10:29:29,22,1563,92.9,13.51,83.3
2026-09-06 10:29:30,111,1067,84.3,14.34,73.8
2026-09-06 10:29:31,16,2190,88.2,14.16,89.1
2026-09-06 10:29:32,59,1919,84.7,14.27,97.1
2026-09-06 10:29:33,29,1855,81.9,13.35,75.1
2026-09-06 10:29:34,104,3170,89.8,13.22,16.6
2026-09-06 10:29:35,45,3261,80.9,14.01,8.2
2026-09-06 10:29:36,9,3290,90.4,13.87,11.7
2026-09-06 10:29:37,5,1497,86.8,14.01,68.6
2026-09-06 10:29:38,83,3277,88.4,14.39,32.7
2026-09-06 10:29:39,15,2643,92.9,14.11,90.0
2026-09-06 10:29:40,115,2423,89.9,13.57,67.2
2026-09-06 10:29:41,47,1021,86.5,13.23,43.2
2026-09-06 10:29:42,58,1225,88.2,14.0,74.4
2026-09-06 10:29:43,53,907,83.9,13.52,57.3
2026-09-06 10:29:44,117,3337,82.7,14.15,74.8
2026-09-06 10:29:45,40,2727,78.9,13.66,63.2
2026-09-06 10:29:46,113,2391,80.1,13.27,68.6
2026-09-06 10:29:47,100,1783,76.0,13.77,63.9
2026-09-06 10:29:48,61,1309,88.2,13.52,43.3
2026-09-06 10:29:49,10,1325,84.6,13.72,93.7
2026-09-06 10:29:50,80,2420,94.0,14.37,18.9
2026-09-06 10:29:51,68,2255,88.6,14.17,80.8
2026-09-06 10:29:52,58,1508,76.5,13.65,96.1
2026-09-06 10:29:53,68,1236,84.5,13.93,46.3
2026-09-06 10:29:54,10,2848,94.4,13.66,91.6
2026-09-06 10:29:55,49,2879,86.9,13.5,46.8
2026-09-06 10:29:56,61,3107,90.1,14.29,2.9
2026-09-06 10:29:57,93,1350,86.7,13.73,93.1
2026-09-06 10:29:58,104,1892,79.3,13.97,36.5
2026-09-06 10:29:59,89,1482,90.5,13.45,27.2
2026-09-06 10:30:00,86,2006,76.2,13.69,60.2
2026-09-06 10:30:01,11,2676,80.2,14.19,36.1
2026-09-06 10:30:02,104,2229,75.0,13.6,21.8
2026-09-06 10:30:03,114,1573,91.0,13.9,96.5
2026-09-06 10:30:04,96,832,91.8,13.89,51.6
2026-09-06 10:30:05,34,2239,85.5,13.65,42.3
2026-09-06 10:30:06,2,3108,84.8,13.78,2.2
2026-09-06 10:30:07,90,2636,83.5,13.44,1.3
2026-09-06 10:30:08,109,2120,95.0,14.26,22.2
2026-09-06 10:30:09,62,3478,77.9,13.91,53.1
2026-09-06 10:30:10,102,1623,92.6,13.42,27.8
2026-09-06 10:30:11,48,2821,94.4,13.93,99.3
2026-09-06 10:30:12,98,3406,78.0,13.57,78.9
2026-09-06 10:30:13,91,1884,82.4,13.78,17.4
2026-09-06 10:30:14,90,2117,78.0,13.71,51.9
2026-09-06 10:30:15,63,864,87.3,13.42,36.4
2026-09-06 10:30:16,87,1818,84.9,13.89,43.1
2026-09-06 10:30:17,84,3171,81.5,13.34,3.3
2026-09-06 10:30:18,2,915,81.2,13.54,73.2
2026-09-06 10:30:19,84,2696,78.5,13.99,14.7
2026-09-06 10:30:20,32,1446,86.2,14.06,79.0
2026-09-06 10:30:21,70,2216,78.6,13.34,79.1
2026-09-06 10:30:22,106,2029,84.6,13.75,48.5
2026-09-06 10:30:23,33,3060,75.5,13.81,93.5
2026-09-06 10:30:24,88,2390,85.0,14.0,13.8
2026-09-06 10:30:25,49,2095,76.6,13.98,88.7
2026-09-06 10:30:26,63,1811,93.3,14.1,77.3
2026-09-06 10:30:27,119,2779,88.3,14.25,54.3
2026-09-06 10:30:28,91,3275,77.0,14.2,1.5
2026-09-06 10:30:29,29,2078,75.9,13.28,43.9
2026-09-06 10:30:30,52,1206,80.2,13.54,16.9
2026-09-06 10:30:31,73,1766,89.9,14.26,63.3
2026-09-06 10:30:32,87,2817,91.4,14.14,4.3
2026-09-06 10:30:33,95,1084,87.5,14.12,32.6
2026-09-06 10:30:34,77,1054,94.8,13.64,47.8
2026-09-06 10:30:35,58,2505,86.0,13.29,57.9
2026-09-06 10:30:36,57,1355,75.4,13.91,64.3
2026-09-06 10:30:37,37,3424,75.0,14.39,17.3
2026-09-06 10:30:38,103,3047,80.4,14.28,58.4
2026-09-06 10:30:39,102,1951,90.4,13.97,20.9
2026-09-06 10:30:40,24,1791,83.6,13.86,8.7
2026-09-06 10:30:41,58,2229,86.7,14.31,97.5
2026-09-06 10:30:42,68,1228,75.4,14.13,9.7
2026-09-06 10:30:43,120,3202,90.5,13.87,62.3
2026-09-06 10:30:44,59,1127,77.4,13.42,87.6
2026-09-06 10:30:45,65,1287,83.4,14.23,89.5
2026-09-06 10:30:46,100,1426,87.7,13.77,58.0
2026-09-06 10:30:47,24,2194,79.0,14.23,34.5
2026-09-06 10:30:48,0,3163,92.7,14.06,26.6
2026-09-06 10:30:49,1,3310,94.2,13.97,55.2
2026-09-06 10:30:50,117,1657,77.6,14.23,4.7
2026-09-06 10:30:51,84,2441,88.5,14.3,17.1
2026-09-06 10:30:52,88,2272,79.4,13.5,10.4
2026-09-06 10:30:53,92,2747,90.0,13.36,44.2
2026-09-06 10:30:54,85,1115,91.5,14.16,23.1
2026-09-06 10:30:55,75,2638,81.5,13.99,42.6
2026-09-06 10:30:56,116,2889,79.2,13.37,64.2
2026-09-06 10:30:57,59,2279,78.0,13.27,64.5
2026-09-06 10:30:58,107,3044,83.9,14.29,91.1
2026-09-06 10:30:59,2,1235,93.2,13.76,19.4
2026-09-06 10:31:00,71,1281,89.0,13.93,85.6
2026-09-06 10:31:01,63,1487,91.4,13.33,7.1
2026-09-06 10:31:02,62,2146,88.4,13.34,55.8
2026-09-06 10:31:03,36,1622,78.7,14.31,22.4
2026-09-06 10:31:04,49,3356,82.3,14.2,75.4
2026-09-06 10:31:05,38,2208,88.6,13.38,29.7
2026-09-06 10:31:06,71,2550,92.0,14.22,73.1
2026-09-06 10:31:07,72,3048,91.2,14.03,82.1
2026-09-06 10:31:08,5,875,86.0,13.61,73.0
2026-09-06 10:31:09,34,2326,83.7,13.45,42.8
2026-09-06 10:31:10,108,2296,75.3,13.39,15.3
2026-09-06 10:31:11,9,1667,87.0,14.22,27.2
2026-09-06 10:31:12,79,2350,87.3,13.9,38.4
2026-09-06 10:31:13,101,3276,83.3,13.31,48.0
2026-09-06 10:31:14,11,2559,75.7,14.05,34.6
2026-09-06 10:31:15,44,1063,94.5,14.03,74.0
2026-09-06 10:31:16,66,2570,76.5,13.95,33.0
2026-09-06 10:31:17,41,853,78.9,13.55,75.9
2026-09-06 10:31:18,112,942,76.8,13.38,81.3
2026-09-06 10:31:19,108,3349,92.8,13.58,54.9
2026-09-06 10:31:20,23,2139,77.3,14.06,17.7
2026-09-06 10:31:21,50,3015,85.8,14.39,98.0
2026-09-06 10:31:22,75,821,86.3,13.76,85.0
2026-09-06 10:31:23,93,2783,75.6,13.3,18.8
2026-09-06 10:31:24,37,971,86.6,13.47,83.5
2026-09-06 10:31:25,73,988,93.5,13.63,45.6
2026-09-06 10:31:26,114,3431,94.9,14.26,16.0
2026-09-06 10:31:27,72,979,90.9,13.98,31.1
2026-09-06 10:31:28,37,1437,76.5,13.82,48.5
2026-09-06 10:31:29,19,2006,86.9,13.54,66.6
2026-09-06 10:31:30,1,2371,87.2,14.02,34.5
2026-09-06 10:31:31,98,2647,80.2,14.32,87.5
2026-09-06 10:31:32,113,1542,94.6,13.72,13.9
2026-09-06 10:31:33,116,2686,85.6,13.43,48.6
2026-09-06 10:31:34,14,3113,86.6,14.08,13.9
2026-09-06 10:31:35,1,1378,81.0,13.84,16.5
2026-09-06 10:31:36,73,894,76.1,13.58,5.6
2026-09-06 10:31:37,72,877,85.9,13.22,90.9
2026-09-06 10:31:38,52,1750,75.1,13.67,71.0
2026-09-06 10:31:39,69,1618,78.1,13.41,69.1
2026-09-06 10:31:40,17,916,79.3,14.18,78.2
2026-09-06 10:31:41,108,2424,93.0,14.31,12.6
2026-09-06 10:31:42,117,813,79.3,14.06,3.3
2026-09-06 10:31:43,19,913,79.8,13.29,5.7
2026-09-06 10:31:44,86,1640,90.6,14.27,9.8
2026-09-06 10:31:45,21,1429,77.7,13.92,91.4
2026-09-06 10:31:46,15,1800,86.7,13.44,3.1
2026-09-06 10:31:47,34,2929,93.1,14.03,83.5
2026-09-06 10:31:48,56,929,93.3,13.63,72.3
2026-09-06 10:31:49,103,2547,80.6,13.21,52.6
2026-09-06 10:31:50,49,1523,82.4,13.23,6.4
2026-09-06 10:31:51,104,849,79.9,14.37,35.1
2026-09-06 10:31:52,63,1425,85.7,13.7,65.1
2026-09-06 10:31:53,91,3344,85.7,13.41,74.8
2026-09-06 10:31:54,7,2656,83.9,13.26,10.7
2026-09-06 10:31:55,76,2733,76.0,14.17,32.3
2026-09-06 10:31:56,117,2094,85.1,13.45,62.7
2026-09-06 10:31:57,51,1144,76.5,14.06,66.4
2026-09-06 10:31:58,27,2036,85.2,14.25,86.0
2026-09-06 10:31:59,104,1039,84.4,13.8,23.9
2026-09-06 10:32:00,27,961,94.1,13.94,9.6
2026-09-06 10:32:01,116,2550,80.5,14.26,57.9
2026-09-06 10:32:02,3,3149,83.1,14.02,6.6
2026-09-06 10:32:03,90,1922,89.5,13.74,24.3
2026-09-06 10:32:04,53,2221,83.4,13.79,76.2
2026-09-06 10:32:05,94,2481,89.5,13.94,69.7
2026-09-06 10:32:06,40,1969,91.4,14.37,54.2
2026-09-06 10:32:07,17,1651,75.6,13.38,15.4
2026-09-06 10:32:08,22,1633,90.1,14.09,79.5
2026-09-06 10:32:09,111,3402,92.0,13.77,7.1
2026-09-06 10:32:10,116,2642,77.3,13.35,14.0
2026-09-06 10:32:11,77,2195,86.0,13.74,55.1
2026-09-06 10:32:12,79,1832,94.2,13.37,29.1
2026-09-06 10:32:13,34,2195,89.2,14.08,21.3
2026-09-06 10:32:14,42,1422,82.8,14.03,80.8
2026-09-06 10:32:15,80,2458,93.5,13.47,84.1
2026-09-06 10:32:16,66,821,83.8,13.83,77.8
2026-09-06 10:32:17,8,2356,93.3,13.78,55.9
2026-09-06 10:32:18,112,3328,80.9,13.96,78.8
2026-09-06 10:32:19,4,2700,92.3,13.27,52.0
2026-09-06 10:32:20,19,2977,77.9,13.72,37.8
2026-09-06 10:32:21,25,3118,90.9,13.72,72.1
2026-09-06 10:32:22,58,2862,93.5,13.45,22.7
2026-09-06 10:32:23,70,2780,77.6,13.72,47.2
2026-09-06 10:32:24,119,2100,95.0,13.86,43.5
2026-09-06 10:32:25,117,1556,85.3,14.36,27.5
2026-09-06 10:32:26,39,1674,81.9,13.36,87.6
2026-09-06 10:32:27,44,2693,77.9,13.75,98.8
2026-09-06 10:32:28,51,1905,94.1,13.24,10.9
2026-09-06 10:32:29,106,1665,94.4,13.33,93.7
2026-09-06 10:32:30,25,1181,90.6,13.78,18.4
2026-09-06 10:32:31,45,2276,90.4,14.0,73.2
2026-09-06 10:32:32,49,1644,84.4,14.36,55.2
2026-09-06 10:32:33,91,2294,85.7,14.39,99.9
2026-09-06 10:32:34,21,1969,94.3,13.51,30.6
2026-09-06 10:32:35,11,866,82.4,13.9,35.4
2026-09-06 10:32:36,107,3416,88.4,13.23,30.5
2026-09-06 10:32:37,112,1836,76.3,13.33,47.4
2026-09-06 10:32:38,97,872,91.0,13.9,90.4
2026-09-06 10:32:39,81,2792,89.9,13.77,18.8
2026-09-06 10:32:40,2,3305,88.0,13.83,89.0
2026-09-06 10:32:41,40,1598,80.4,13.58,68.6
2026-09-06 10:32:42,66,2207,82.4,14.27,60.2
2026-09-06 10:32:43,20,2264,88.4,14.11,7.9
2026-09-06 10:32:44,113,2900,78.8,13.41,29.1
2026-09-06 10:32:45,88,1315,82.6,13.35,64.8
2026-09-06 10:32:46,43,2665,78.6,13.88,38.0
2026-09-06 10:32:47,94,1036,81.5,13.81,43.0
2026-09-06 10:32:48,78,3152,76.1,13.24,66.3
2026-09-06 10:32:49,93,823,81.3,14.21,72.4
2026-09-06 10:32:50,98,2773,83.8,13.9,50.8
2026-09-06 10:32:51,40,1191,85.2,14.13,85.7
2026-09-06 10:32:52,16,1852,90.5,13.69,55.2
2026-09-06 10:32:53,110,1511,83.5,13.75,10.5
2026-09-06 10:32:54,113,1944,89.6,13.43,89.2
2026-09-06 10:32:55,40,2028,93.8,13.45,38.1
2026-09-06 10:32:56,101,3255,83.3,14.39,22.4
2026-09-06 10:32:57,113,3133,77.3,13.43,47.9
2026-09-06 10:32:58,20,1760,94.2,14.14,73.6
2026-09-06 10:32:59,97,1940,88.5,14.18,8.8
2026-09-06 10:33:00,30,2246,94.9,13.33,43.8
2026-09-06 10:33:01,92,980,94.8,13.33,76.2
2026-09-06 10:33:02,50,2954,90.5,13.9,62.5
2026-09-06 10:33:03,117,3123,91.0,14.35,64.4
2026-09-06 10:33:04,39,2958,79.2,13.62,28.0
2026-09-06 10:33:05,45,857,84.1,13.71,40.4
2026-09-06 10:33:06,23,2515,82.0,13.74,87.4
2026-09-06 10:33:07,102,1497,88.2,13.44,36.9
2026-09-06 10:33:08,3,3260,75.1,13.9,26.0
2026-09-06 10:33:09,29,1491,95.0,14.19,0.5
2026-09-06 10:33:10,86,2881,82.5,14.34,45.1
2026-09-06 10:33:11,107,1298,79.4,14.14,38.2
2026-09-06 10:33:12,69,2003,93.4,13.21,2.0
2026-09-06 10:33:13,106,2516,84.3,14.22,93.7
2026-09-06 10:33:14,91,1568,88.9,13.7,5.5
2026-09-06 10:33:15,44,1213,93.8,13.73,31.0
2026-09-06 10:33:16,110,3139,86.6,13.5,20.6
2026-09-06 10:33:17,85,1699,92.3,13.82,43.3
2026-09-06 10:33:18,80,2778,86.6,13.44,58.0
2026-09-06 10:33:19,33,3306,88.0,13.21,92.2
2026-09-06 10:33:20,85,1679,81.1,14.38,57.1
2026-09-06 10:33:21,52,1195,83.3,13.31,53.3
2026-09-06 10:33:22,20,2407,92.6,13.44,99.2
2026-09-06 10:33:23,28,3391,90.9,14.18,35.1
2026-09-06 10:33:24,20,1529,86.1,13.3,62.8
2026-09-06 10:33:25,81,2410,76.5,14.34,77.8
2026-09-06 10:33:26,70,1984,85.2,14.27,39.7
2026-09-06 10:33:27,106,2706,76.9,13.29,82.3
2026-09-06 10:33:28,38,1225,88.6,13.89,81.7
2026-09-06 10:33:29,0,2228,78.9,13.95,35.4
2026-09-06 10:33:30,62,1653,88.8,13.94,41.4
2026-09-06 10:33:31,17,3047,79.4,14.09,3.9
2026-09-06 10:33:32,65,1812,78.6,14.34,34.1
2026-09-06 10:33:33,94,2971,94.6,13.56,72.2
2026-09-06 10:33:34,103,2790,77.1,14.34,13.3
2026-09-06 10:33:35,62,852,76.8,13.66,86.8
2026-09-06 10:33:36,49,2778,82.3,13.79,36.0
2026-09-06 10:33:37,25,850,78.3,14.27,80.2
2026-09-06 10:33:38,0,1623,79.5,13.93,65.0
2026-09-06 10:33:39,82,2614,90.5,13.87,43.4
2026-09-06 10:33:40,78,3112,82.6,14.09,39.7
2026-09-06 10:33:41,120,1158,76.5,13.27,39.3
2026-09-06 10:33:42,80,2676,86.8,13.85,20.2
2026-09-06 10:33:43,18,3050,90.0,14.19,15.7
2026-09-06 10:33:44,118,3240,82.6,13.48,35.0
2026-09-06 10:33:45,101,2491,83.1,14.04,73.4
2026-09-06 10:33:46,68,1120,87.8,13.2,94.4
2026-09-06 10:33:47,4,2718,80.7,14.25,83.3
2026-09-06 10:33:48,38,2857,93.4,14.31,7.0
2026-09-06 10:33:49,47,2490,78.5,13.91,77.6
2026-09-06 10:33:50,6,1826,85.5,13.57,92.5
2026-09-06 10:33:51,50,2582,86.1,13.31,58.1
2026-09-06 10:33:52,21,1913,90.8,13.58,54.2
2026-09-06 10:33:53,98,2144,91.8,13.44,8.1
2026-09-06 10:33:54,84,2581,76.5,13.75,3.3
2026-09-06 10:33:55,19,983,76.6,13.3,30.7
2026-09-06 10:33:56,17,817,82.6,13.68,25.3
2026-09-06 10:33:57,55,2555,83.8,13.51,55.8
2026-09-06 10:33:58,115,2704,91.5,14.08,20.8
2026-09-06 10:33:59,86,3306,90.0,13.47,5.7
2026-09-06 10:34:00,116,1252,91.5,13.99,59.2
2026-09-06 10:34:01,76,2665,88.9,13.82,9.3
2026-09-06 10:34:02,113,3171,83.8,14.34,85.9
2026-09-06 10:34:03,76,1950,87.0,13.95,6.3
2026-09-06 10:34:04,89,3305,75.1,14.35,14.7
2026-09-06 10:34:05,43,3418,92.3,13.56,77.5
2026-09-06 10:34:06,71,2405,89.9,13.22,5.2
2026-09-06 10:34:07,3,3227,93.5,13.32,43.4
2026-09-06 10:34:08,68,1138,81.0,14.02,80.5
2026-09-06 10:34:09,88,2225,93.5,13.55,86.3
2026-09-06 10:34:10,118,3126,82.7,13.51,98.7
2026-09-06 10:34:11,18,942,94.0,13.45,61.3
2026-09-06 10:34:12,60,2823,90.2,13.6,28.6
2026-09-06 10:34:13,114,3074,75.2,13.35,79.4
2026-09-06 10:34:14,84,871,88.3,13.76,29.8
2026-09-06 10:34:15,82,1018,90.4,13.22,27.4
2026-09-06 10:34:16,64,2846,84.4,13.9,78.1
2026-09-06 10:34:17,64,2463,92.0,14.36,10.2
2026-09-06 10:34:18,33,812,82.3,13.46,18.8
2026-09-06 10:34:19,36,2620,76.3,13.98,42.3
2026-09-06 10:34:20,101,2202,85.8,14.29,74.9
2026-09-06 10:34:21,91,3213,77.9,13.81,13.7
2026-09-06 10:34:22,120,1161,93.2,13.74,8.9
2026-09-06 10:34:23,90,2552,81.3,13.65,88.3
2026-09-06 10:34:24,60,2187,80.8,13.76,78.0
2026-09-06 10:34:25,87,2469,87.2,13.52,43.1
2026-09-06 10:34:26,63,2942,90.4,13.52,18.4
2026-09-06 10:34:27,27,1968,94.7,13.44,29.9
2026-09-06 10:34:28,9,3396,75.8,13.96,14.2
2026-09-06 10:34:29,3,1256,76.0,13.35,34.6
2026-09-06 10:34:30,12,838,75.8,13.8,37.9
2026-09-06 10:34:31,15,1517,93.5,13.58,51.8
2026-09-06 10:34:32,77,2978,78.1,14.28,29.6
2026-09-06 10:34:33,115,2832,80.4,13.68,21.6
2026-09-06 10:34:34,112,2329,94.8,13.42,59.8
2026-09-06 10:34:35,90,3426,85.5,13.24,72.6
2026-09-06 10:34:36,7,2354,85.6,14.2,24.9
2026-09-06 10:34:37,17,2022,79.5,13.96,9.1
2026-09-06 10:34:38,89,1764,90.3,14.09,12.9
2026-09-06 10:34:39,51,2068,85.3,13.8,49.4
2026-09-06 10:34:40,15,1095,83.6,14.13,73.0
2026-09-06 10:34:41,93,1915,77.9,13.73,36.6
2026-09-06 10:34:42,6,1001,75.7,14.29,93.1
2026-09-06 10:34:43,73,3019,88.2,13.55,10.5
2026-09-06 10:34:44,56,1855,91.8,13.34,23.6
2026-09-06 10:34:45,81,1679,75.5,14.17,96.4
2026-09-06 10:34:46,113,3342,77.2,13.83,90.7
2026-09-06 10:34:47,49,1918,94.4,13.36,89.6
2026-09-06 10:34:48,52,2303,75.9,13.45,22.2
2026-09-06 10:34:49,116,3471,79.2,13.49,47.3
2026-09-06 10:34:50,104,1436,79.1,13.64,17.7
2026-09-06 10:34:51,26,1443,90.0,13.7,10.7
2026-09-06 10:34:52,109,1670,80.8,13.24,65.5
2026-09-06 10:34:53,7,812,93.0,14.3,61.7
2026-09-06 10:34:54,0,3235,75.4,13.9,82.4
2026-09-06 10:34:55,109,2130,79.0,14.26,15.4
2026-09-06 10:34:56,20,3168,80.2,13.72,50.4
2026-09-06 10:34:57,62,1969,92.4,13.99,95.1
2026-09-06 10:34:58,88,1883,89.1,14.08,41.4
2026-09-06 10:34:59,94,1671,93.1,13.41,34.7
2026-09-06 10:35:00,30,1801,88.3,14.37,54.5
2026-09-06 10:35:01,101,1286,86.5,13.72,50.5
2026-09-06 10:35:02,66,1121,86.8,14.04,34.6
2026-09-06 10:35:03,57,1431,79.0,13.32,71.5
2026-09-06 10:35:04,101,1233,86.2,14.06,38.2
2026-09-06 10:35:05,99,3121,87.4,14.18,62.4
2026-09-06 10:35:06,35,2434,78.7,13.23,79.9
2026-09-06 10:35:07,20,1175,86.8,13.9,42.8
2026-09-06 10:35:08,114,2827,76.7,13.34,14.4
2026-09-06 10:35:09,54,2663,85.0,14.0,29.4
2026-09-06 10:35:10,46,3251,86.9,14.15,8.8
2026-09-06 10:35:11,14,3451,90.7,13.4,95.4
2026-09-06 10:35:12,114,1892,76.2,13.92,51.3
2026-09-06 10:35:13,106,1226,92.4,13.75,83.9
2026-09-06 10:35:14,27,1330,91.6,13.52,21.9
2026-09-06 10:35:15,8,2456,88.5,13.85,61.4
2026-09-06 10:35:16,34,2850,75.2,13.53,52.6
2026-09-06 10:35:17,104,2744,81.5,13.82,97.9
2026-09-06 10:35:18,59,2838,90.5,14.19,23.4
2026-09-06 10:35:19,58,892,75.0,14.12,26.9
2026-09-06 10:35:20,30,2807,90.6,13.4,86.0
2026-09-06 10:35:21,31,3229,81.7,13.81,100.0
2026-09-06 10:35:22,48,1415,89.1,13.83,56.7
2026-09-06 10:35:23,21,1084,92.0,13.92,87.7
2026-09-06 10:35:24,38,2868,89.2,14.15,80.9
2026-09-06 10:35:25,114,3175,89.8,13.58,98.7
2026-09-06 10:35:26,50,1415,88.5,13.98,24.0
2026-09-06 10:35:27,8,1451,87.0,13.8,72.9
2026-09-06 10:35:28,80,1651,89.7,13.31,6.6
2026-09-06 10:35:29,106,3330,82.0,14.0,10.9
2026-09-06 10:35:30,27,2388,80.0,13.88,95.0
2026-09-06 10:35:31,108,959,94.0,14.19,44.2
2026-09-06 10:35:32,78,1821,90.5,13.82,61.1
2026-09-06 10:35:33,110,3195,80.6,14.25,62.2
2026-09-06 10:35:34,111,3231,81.4,14.13,28.1
2026-09-06 10:35:35,84,3297,84.3,14.0,46.1
2026-09-06 10:35:36,100,2793,81.5,14.37,54.7
2026-09-06 10:35:37,89,1128,91.5,13.62,11.9
2026-09-06 10:35:38,64,3067,86.1,13.44,53.9
2026-09-06 10:35:39,27,1510,90.4,14.12,9.2
2026-09-06 10:35:40,75,2050,75.9,13.5,72.5
2026-09-06 10:35:41,98,3195,79.5,14.24,28.2
2026-09-06 10:35:42,64,1242,76.9,13.91,71.5
2026-09-06 10:35:43,58,3003,86.9,13.97,56.3
2026-09-06 10:35:44,94,1544,87.7,13.8,58.5
2026-09-06 10:35:45,10,1387,92.1,13.22,39.1
2026-09-06 10:35:46,96,3130,79.3,13.25,49.3
2026-09-06 10:35:47,55,3120,79.9,14.27,61.7
2026-09-06 10:35:48,35,1521,89.1,13.49,86.9
2026-09-06 10:35:49,81,1803,77.7,13.82,86.6
2026-09-06 10:35:50,113,2395,81.1,13.34,82.4
2026-09-06 10:35:51,114,1996,85.1,13.39,59.0
2026-09-06 10:35:52,9,1436,93.9,13.31,46.1
2026-09-06 10:35:53,101,3426,95.0,13.77,77.1
2026-09-06 10:35:54,103,1969,93.9,13.55,82.4
2026-09-06 10:35:55,106,3372,75.7,13.56,43.3
2026-09-06 10:35:56,33,3325,94.0,13.69,5.7
2026-09-06 10:35:57,106,1279,84.3,13.76,79.6
2026-09-06 10:35:58,27,1966,80.1,13.24,25.0
2026-09-06 10:35:59,120,2189,86.9,13.31,78.0
2026-09-06 10:36:00,30,2697,80.0,14.24,6.6
2026-09-06 10:36:01,52,3135,85.0,14.39,57.2
2026-09-06 10:36:02,100,1259,77.6,13.96,70.4
2026-09-06 10:36:03,69,2819,91.3,14.25,93.9
2026-09-06 10:36:04,18,3129,80.1,13.25,21.9
2026-09-06 10:36:05,113,3448,85.8,14.13,97.6
2026-09-06 10:36:06,102,3227,92.5,13.6,81.6
2026-09-06 10:36:07,1,3158,92.1,13.71,75.5
2026-09-06 10:36:08,35,2977,93.6,14.32,64.5
2026-09-06 10:36:09,83,3421,78.3,13.81,98.6
2026-09-06 10:36:10,54,1885,89.5,14.25,97.4
2026-09-06 10:36:11,100,3468,88.4,14.21,61.4
2026-09-06 10:36:12,52,1203,75.9,14.22,96.4
2026-09-06 10:36:13,57,1510,83.2,13.22,44.1
2026-09-06 10:36:14,63,2799,94.4,14.11,28.6
2026-09-06 10:36:15,78,1620,80.4,14.2,5.2
2026-09-06 10:36:16,35,1002,91.2,13.44,46.5
2026-09-06 10:36:17,5,2501,79.3,13.61,62.4
2026-09-06 10:36:18,12,1173,81.8,13.28,87.5
2026-09-06 10:36:19,6,836,94.6,14.08,7.1
2026-09-06 10:36:20,106,2470,76.7,13.39,68.7
2026-09-06 10:36:21,25,2125,90.1,13.88,4.9
2026-09-06 10:36:22,119,1248,82.5,13.51,11.3
2026-09-06 10:36:23,6,3234,79.1,13.78,98.9
2026-09-06 10:36:24,27,1086,87.0,14.21,98.0
2026-09-06 10:36:25,116,1698,82.8,14.35,71.1
2026-09-06 10:36:26,95,2812,82.1,13.73,38.2
2026-09-06 10:36:27,26,1776,92.3,13.56,20.6
2026-09-06 10:36:28,28,2339,80.1,13.77,20.0
2026-09-06 10:36:29,119,1282,83.2,13.59,6.3
2026-09-06 10:36:30,102,1961,84.4,14.2,83.9
2026-09-06 10:36:31,27,2858,75.8,13.3,46.8
2026-09-06 10:36:32,100,2566,93.2,14.05,5.3
2026-09-06 10:36:33,71,1258,79.7,14.07,4.4
2026-09-06 10:36:34,61,1343,94.1,13.33,75.6
2026-09-06 10:36:35,93,2862,92.9,13.62,54.0
2026-09-06 10:36:36,16,2465,79.3,14.25,92.6
2026-09-06 10:36:37,113,2397,86.5,13.46,6.5
2026-09-06 10:36:38,47,1302,85.4,14.2,42.5
2026-09-06 10:36:39,92,1729,89.6,14.27,56.5
2026-09-06 10:36:40,8,1255,82.1,14.15,72.0
2026-09-06 10:36:41,29,1883,79.3,14.15,53.3
2026-09-06 10:36:42,70,3301,78.0,13.84,85.2
2026-09-06 10:36:43,48,1404,89.5,14.31,40.6
2026-09-06 10:36:44,77,2298,77.1,13.62,94.6
2026-09-06 10:36:45,109,840,83.0,13.75,78.9
2026-09-06 10:36:46,31,3488,86.1,13.29,10.3
2026-09-06 10:36:47,56,2026,85.4,14.1,17.1
2026-09-06 10:36:48,7,913,87.8,14.12,77.7
2026-09-06 10:36:49,11,2169,77.0,13.78,72.9
2026-09-06 10:36:50,32,2802,93.6,13.24,42.4
2026-09-06 10:36:51,28,1845,82.7,13.32,23.5
2026-09-06 10:36:52,66,2861,86.4,13.34,29.1
2026-09-06 10:36:53,86,881,84.3,13.5,29.4
2026-09-06 10:36:54,31,3355,92.3,13.59,31.0
2026-09-06 10:36:55,94,3367,88.3,13.86,78.1
2026-09-06 10:36:56,55,908,92.6,14.3,63.4
2026-09-06 10:36:57,25,1459,81.9,13.59,16.2
2026-09-06 10:36:58,114,1930,91.1,14.16,12.6
2026-09-06 10:36:59,29,1237,79.4,13.68,35.1
2026-09-06 10:37:00,107,2771,87.3,14.21,44.3
2026-09-06 10:37:01,118,1587,83.5,13.86,65.9
2026-09-06 10:37:02,92,2295,76.2,14.17,38.6
2026-09-06 10:37:03,60,3170,75.6,14.27,95.9
2026-09-06 10:37:04,37,3083,91.0,14.12,22.7
2026-09-06 10:37:05,96,1245,78.7,14.19,73.5
2026-09-06 10:37:06,64,2837,87.6,14.26,23.7
2026-09-06 10:37:07,74,2293,79.1,13.69,61.2
2026-09-06 10:37:08,90,1192,84.0,13.63,98.1
2026-09-06 10:37:09,75,2400,77.8,13.42,4.1
2026-09-06 10:37:10,2,1954,84.6,13.32,64.8
2026-09-06 10:37:11,83,1863,85.8,14.39,41.9
2026-09-06 10:37:12,41,3417,76.4,13.94,50.4
2026-09-06 10:37:13,11,2316,79.5,14.09,30.1
2026-09-06 10:37:14,39,2029,77.8,14.23,68.2
2026-09-06 10:37:15,31,1247,88.5,13.68,32.5
2026-09-06 10:37:16,32,951,75.0,13.8,57.3
2026-09-06 10:37:17,33,3415,85.1,13.98,88.0
2026-09-06 10:37:18,53,1192,87.2,13.68,21.6
2026-09-06 10:37:19,104,2239,88.3,13.76,99.8
2026-09-06 10:37:20,96,2933,79.9,14.02,3.9
2026-09-06 10:37:21,22,2490,78.0,13.81,70.8
2026-09-06 10:37:22,94,1414,85.7,13.9,93.7
2026-09-06 10:37:23,91,1406,80.2,13.55,35.0
2026-09-06 10:37:24,67,3322,81.7,14.22,19.0
2026-09-06 10:37:25,2,1029,80.2,13.53,65.4
2026-09-06 10:37:26,103,2361,94.2,14.09,91.5
2026-09-06 10:37:27,96,1659,79.9,13.55,0.6
2026-09-06 10:37:28,110,2552,91.6,14.04,25.9
2026-09-06 10:37:29,28,2771,86.3,13.56,66.8
2026-09-06 10:37:30,44,1601,82.1,14.21,80.7
2026-09-06 10:37:31,44,1376,75.7,13.43,42.7
2026-09-06 10:37:32,37,1540,87.2,13.32,48.8
2026-09-06 10:37:33,65,1452,84.3,13.32,27.3
2026-09-06 10:37:34,118,2522,86.1,13.46,27.5
2026-09-06 10:37:35,48,1464,93.3,14.18,28.4
2026-09-06 10:37:36,67,1284,88.7,14.09,43.6
2026-09-06 10:37:37,0,1621,94.7,13.48,46.1
2026-09-06 10:37:38,76,2091,88.3,13.78,95.3
2026-09-06 10:37:39,65,3129,93.3,13.53,15.9
2026-09-06 10:37:40,99,1142,92.1,13.28,27.5
2026-09-06 10:37:41,80,2277,87.1,13.83,48.4
2026-09-06 10:37:42,48,1500,82.9,13.62,87.7
2026-09-06 10:37:43,33,902,75.5,13.89,95.5
2026-09-06 10:37:44,79,2805,78.4,13.29,59.4
2026-09-06 10:37:45,74,1753,91.3,13.87,48.7
2026-09-06 10:37:46,51,2911,76.8,13.53,97.8
2026-09-06 10:37:47,3,1145,81.7,14.32,71.0
2026-09-06 10:37:48,67,1326,78.0,13.81,69.1
2026-09-06 10:37:49,45,1489,93.8,13.41,35.4
2026-09-06 10:37:50,38,1248,77.1,14.36,77.0
2026-09-06 10:37:51,36,1855,80.5,13.66,41.6
2026-09-06 10:37:52,26,2729,91.7,13.25,87.8
2026-09-06 10:37:53,66,2282,75.8,13.71,23.4
2026-09-06 10:37:54,17,1562,81.9,14.14,19.4
2026-09-06 10:37:55,68,2534,88.7,13.55,92.3
2026-09-06 10:37:56,47,1465,93.4,13.23,7.8
2026-09-06 10:37:57,70,2771,92.0,14.11,73.2
2026-09-06 10:37:58,22,1942,87.2,13.48,94.7
2026-09-06 10:37:59,5,1249,88.8,13.86,36.8
2026-09-06 10:38:00,0,1549,94.5,13.91,88.2
2026-09-06 10:38:01,24,3438,91.0,14.1,14.7
2026-09-06 10:38:02,45,954,75.6,13.78,70.6
2026-09-06 10:38:03,70,2036,75.1,14.27,13.7
2026-09-06 10:38:04,75,1507,76.4,14.4,70.7
2026-09-06 10:38:05,20,1546,83.9,14.11,28.1
2026-09-06 10:38:06,120,2739,84.1,14.12,72.7
2026-09-06 10:38:07,85,1963,76.2,13.78,67.6
2026-09-06 10:38:08,34,2156,78.0,14.24,67.4
2026-09-06 10:38:09,46,3175,84.8,14.37,7.0
2026-09-06 10:38:10,55,3426,91.2,13.82,5.3
2026-09-06 10:38:11,30,2167,84.3,13.81,92.5
2026-09-06 10:38:12,81,1394,79.1,14.14,43.7
2026-09-06 10:38:13,93,2271,78.6,13.73,17.3
2026-09-06 10:38:14,20,829,78.3,13.98,71.3
2026-09-06 10:38:15,16,2667,81.0,14.17,98.4
2026-09-06 10:38:16,77,963,82.1,13.3,37.9
2026-09-06 10:38:17,35,2994,75.9,13.57,37.1
2026-09-06 10:38:18,99,1182,89.4,13.59,16.8
2026-09-06 10:38:19,38,1716,94.4,14.0,79.0
2026-09-06 10:38:20,10,1568,78.7,14.24,22.3
2026-09-06 10:38:21,55,1134,92.7,13.83,28.0
2026-09-06 10:38:22,1,1838,92.6,14.07,2.3
2026-09-06 10:38:23,82,1680,91.1,14.34,44.7
2026-09-06 10:38:24,88,2007,80.7,13.55,34.0
2026-09-06 10:38:25,11,2704,81.7,13.29,24.0
2026-09-06 10:38:26,62,3161,87.2,13.33,37.7
2026-09-06 10:38:27,117,1131,88.0,13.58,20.2
2026-09-06 10:38:28,51,1385,79.1,13.84,14.8
2026-09-06 10:38:29,75,2004,80.2,13.96,93.3
2026-09-06 10:38:30,60,2512,88.7,13.78,6.3
2026-09-06 10:38:31,119,2990,75.4,14.28,4.0
2026-09-06 10:38:32,77,1677,85.0,13.83,96.2
2026-09-06 10:38:33,90,2634,91.9,13.58,20.2
2026-09-06 10:38:34,82,3133,78.3,13.86,83.0
2026-09-06 10:38:35,100,2867,88.1,13.98,73.2
2026-09-06 10:38:36,59,3191,82.0,14.35,54.4
2026-09-06 10:38:37,81,3384,82.8,13.25,63.0
2026-09-06 10:38:38,27,3002,76.4,13.8,54.6
2026-09-06 10:38:39,72,3047,77.6,13.51,96.7
2026-09-06 10:38:40,1,1150,75.4,13.58,41.5
2026-09-06 10:38:41,119,3466,75.5,13.38,76.1
2026-09-06 10:38:42,80,2012,78.9,13.49,58.1
2026-09-06 10:38:43,33,1252,80.2,13.77,82.9
2026-09-06 10:38:44,101,2343,76.0,13.98,15.9
2026-09-06 10:38:45,54,2658,83.4,13.63,54.0
2026-09-06 10:38:46,75,3400,83.0,13.43,70.7
2026-09-06 10:38:47,105,2003,89.8,13.72,51.3
2026-09-06 10:38:48,8,2848,77.0,14.33,11.6
2026-09-06 10:38:49,119,2505,88.6,13.56,19.5
2026-09-06 10:38:50,42,931,75.3,13.22,74.8
2026-09-06 10:38:51,10,3105,85.7,13.28,58.7
2026-09-06 10:38:52,6,2852,75.7,13.21,49.7
2026-09-06 10:38:53,51,1179,89.8,14.07,27.3
2026-09-06 10:38:54,70,2924,81.5,14.01,85.4
2026-09-06 10:38:55,22,1839,92.9,13.7,78.1
2026-09-06 10:38:56,91,3010,75.8,13.84,58.1
2026-09-06 10:38:57,81,1615,86.9,13.69,0.1
2026-09-06 10:38:58,33,3325,93.4,13.82,0.2
2026-09-06 10:38:59,27,3490,81.1,13.51,20.8
2026-09-06 10:39:00,49,1870,80.6,14.38,60.8
2026-09-06 10:39:01,4,941,94.8,13.52,99.0
2026-09-06 10:39:02,73,1162,80.9,14.06,18.1
2026-09-06 10:39:03,48,1501,85.9,13.77,2.0
2026-09-06 10:39:04,71,2749,81.1,13.37,12.7
2026-09-06 10:39:05,112,1479,83.8,13.23,17.3
2026-09-06 10:39:06,70,1368,91.6,13.75,16.9
2026-09-06 10:39:07,26,3367,76.4,13.48,34.8
2026-09-06 10:39:08,17,2866,91.4,14.21,78.8
2026-09-06 10:39:09,42,2420,80.6,14.18,31.9
2026-09-06 10:39:10,77,2025,87.4,14.03,42.4
2026-09-06 10:39:11,99,2550,78.2,14.25,9.4
2026-09-06 10:39:12,106,3138,87.4,14.24,32.0
2026-09-06 10:39:13,65,2816,75.1,13.59,68.6
2026-09-06 10:39:14,109,1339,89.5,14.28,6.5
2026-09-06 10:39:15,118,1059,85.1,13.57,89.4
2026-09-06 10:39:16,8,2883,75.3,14.34,69.3
2026-09-06 10:39:17,46,1641,78.5,13.45,74.8
2026-09-06 10:39:18,89,2501,88.7,13.6,97.6
2026-09-06 10:39:19,98,981,79.2,13.33,13.1
2026-09-06 10:39:20,32,3366,94.8,13.71,45.5
2026-09-06 10:39:21,45,2357,80.7,13.45,15.9
2026-09-06 10:39:22,81,2634,83.8,14.34,60.6
2026-09-06 10:39:23,107,3060,78.1,13.7,69.4
2026-09-06 10:39:24,0,2509,86.6,13.24,89.2
2026-09-06 10:39:25,56,3326,91.8,14.28,82.3
2026-09-06 10:39:26,57,1096,94.9,13.59,23.7
2026-09-06 10:39:27,48,3074,83.1,14.26,77.4
2026-09-06 10:39:28,95,1920,78.9,13.56,15.3
2026-09-06 10:39:29,112,2652,87.8,13.23,21.4
2026-09-06 10:39:30,23,2122,94.5,13.79,68.1
2026-09-06 10:39:31,58,1143,80.5,13.62,53.5
2026-09-06 10:39:32,43,1791,86.5,14.3,31.5
2026-09-06 10:39:33,21,1334,81.3,13.29,78.0
2026-09-06 10:39:34,85,1632,89.2,13.4,4.4
2026-09-06 10:39:35,63,3288,79.2,13.95,96.6
2026-09-06 10:39:36,23,1696,81.4,14.35,47.7
2026-09-06 10:39:37,69,841,83.2,14.04,50.0
2026-09-06 10:39:38,92,3404,75.1,13.94,99.7
2026-09-06 10:39:39,111,1524,79.3,14.05,98.6
2026-09-06 10:39:40,64,1782,84.5,14.02,96.9
2026-09-06 10:39:41,47,1103,75.4,14.27,29.3
2026-09-06 10:39:42,100,2609,76.1,13.41,82.7
2026-09-06 10:39:43,105,2205,88.8,13.99,16.3
2026-09-06 10:39:44,6,1334,79.0,13.76,57.1
2026-09-06 10:39:45,94,1317,93.2,13.23,37.1
2026-09-06 10:39:46,22,1799,86.9,14.23,44.9
2026-09-06 10:39:47,116,2372,77.1,13.9,32.5
2026-09-06 10:39:48,115,2522,77.3,14.03,3.0
2026-09-06 10:39:49,95,2388,84.8,14.07,99.5
2026-09-06 10:39:50,105,2952,91.5,14.14,10.2
2026-09-06 10:39:51,58,1760,89.2,13.86,4.9
2026-09-06 10:39:52,55,3096,78.7,13.38,89.9
2026-09-06 10:39:53,106,3073,77.4,13.94,28.2
2026-09-06 10:39:54,32,2388,91.0,13.83,12.3
2026-09-06 10:39:55,33,1509,91.3,14.19,58.0
2026-09-06 10:39:56,85,1754,85.0,13.63,35.8
2026-09-06 10:39:57,108,1034,76.3,13.95,84.4
2026-09-06 10:39:58,8,803,80.3,13.73,83.0
2026-09-06 10:39:59,81,1084,78.7,13.56,90.4
2026-09-06 10:40:00,47,2387,93.6,13.52,62.6
2026-09-06 10:40:01,116,899,89.9,13.4,83.2
2026-09-06 10:40:02,26,2394,87.4,13.51,92.6
2026-09-06 10:40:03,41,3164,94.0,14.39,67.2
2026-09-06 10:40:04,45,1408,84.1,13.47,7.4
2026-09-06 10:40:05,3,2819,75.8,13.56,26.7
2026-09-06 10:40:06,63,3456,78.0,13.43,1.2
2026-09-06 10:40:07,112,3422,82.6,13.62,73.3
2026-09-06 10:40:08,37,3186,79.6,14.3,24.5
2026-09-06 10:40:09,31,3405,88.5,13.45,61.3
2026-09-06 10:40:10,29,1313,94.3,13.37,60.0
2026-09-06 10:40:11,114,818,92.7,13.39,80.6
2026-09-06 10:40:12,62,2524,86.5,13.68,78.6
2026-09-06 10:40:13,84,848,89.2,13.52,17.4
2026-09-06 10:40:14,43,1294,81.4,13.81,60.2
2026-09-06 10:40:15,107,3086,89.4,13.49,0.3
2026-09-06 10:40:16,16,2057,92.2,14.02,90.6
2026-09-06 10:40:17,91,2115,90.3,13.84,33.4
2026-09-06 10:40:18,109,1593,91.8,13.8,78.0
2026-09-06 10:40:19,34,2079,76.0,13.34,6.5
2026-09-06 10:40:20,56,3461,82.7,13.45,40.8
2026-09-06 10:40:21,118,1591,76.2,13.29,94.3
2026-09-06 10:40:22,2,3450,90.3,14.39,88.6
2026-09-06 10:40:23,109,923,90.4,14.33,80.1
2026-09-06 10:40:24,13,2963,83.0,13.88,28.7
2026-09-06 10:40:25,11,3378,85.0,13.33,38.5
2026-09-06 10:40:26,37,1257,92.0,13.97,60.6
2026-09-06 10:40:27,89,2571,93.8,13.89,11.8
2026-09-06 10:40:28,82,3179,90.0,14.3,73.5
2026-09-06 10:40:29,37,1471,77.4,13.82,78.8
2026-09-06 10:40:30,106,2708,77.4,13.87,61.5
2026-09-06 10:40:31,40,1055,85.7,13.46,76.4
2026-09-06 10:40:32,67,922,76.3,13.45,88.2
2026-09-06 10:40:33,44,2562,89.3,14.07,71.9
2026-09-06 10:40:34,58,2662,85.0,13.47,96.4
2026-09-06 10:40:35,57,2288,88.7,13.44,83.7
2026-09-06 10:40:36,54,2211,84.9,13.71,17.8
2026-09-06 10:40:37,17,3041,75.5,13.89,48.0
2026-09-06 10:40:38,17,3171,82.0,14.01,74.7
2026-09-06 10:40:39,53,1210,87.4,13.86,16.8
2026-09-06 10:40:40,118,1228,84.9,13.54,3.5
2026-09-06 10:40:41,82,2456,80.2,13.43,58.9
2026-09-06 10:40:42,116,1651,76.3,13.76,52.4
2026-09-06 10:40:43,28,2350,76.9,13.69,91.6
2026-09-06 10:40:44,65,2265,85.9,13.93,43.9
2026-09-06 10:40:45,94,2904,92.7,13.34,24.7
2026-09-06 10:40:46,119,2148,83.5,14.08,49.5
2026-09-06 10:40:47,86,817,85.1,13.41,36.5
2026-09-06 10:40:48,82,3238,91.0,13.22,27.8
2026-09-06 10:40:49,42,3211,92.5,13.78,41.7
2026-09-06 10:40:50,35,1863,76.6,13.99,62.9
2026-09-06 10:40:51,48,3073,78.3,13.99,94.5
2026-09-06 10:40:52,113,1835,78.9,13.31,11.8
2026-09-06 10:40:53,4,1304,83.2,13.36,60.3
2026-09-06 10:40:54,1,1672,81.4,14.01,90.2
2026-09-06 10:40:55,49,2210,87.5,13.73,29.1
2026-09-06 10:40:56,114,1512,80.9,14.35,25.0
2026-09-06 10:40:57,114,1874,86.0,14.38,81.9
2026-09-06 10:40:58,112,2069,86.3,13.63,30.5
2026-09-06 10:40:59,61,2544,84.6,13.64,2.7
2026-09-06 10:41:00,18,3154,87.2,14.29,83.7
2026-09-06 10:41:01,68,2610,75.5,14.08,7.9
2026-09-06 10:41:02,2,3278,93.8,13.7,97.6
2026-09-06 10:41:03,31,2011,94.3,13.5,55.8
2026-09-06 10:41:04,77,3489,94.5,14.23,78.1
2026-09-06 10:41:05,68,2279,78.0,13.49,49.1
2026-09-06 10:41:06,41,1349,92.8,14.05,41.2
2026-09-06 10:41:07,36,2347,92.1,14.32,6.4
2026-09-06 10:41:08,109,2238,80.2,14.18,51.6
2026-09-06 10:41:09,84,1330,92.9,14.29,29.8
2026-09-06 10:41:10,78,1300,91.2,14.21,91.5
2026-09-06 10:41:11,73,2628,78.9,14.24,36.2
2026-09-06 10:41:12,29,1873,83.5,14.15,78.1
2026-09-06 10:41:13,1,2808,79.3,13.96,49.4
2026-09-06 10:41:14,20,2795,76.9,14.26,8.9
2026-09-06 10:41:15,114,2259,75.8,14.2,95.7
2026-09-06 10:41:16,47,3234,84.1,14.17,15.9
2026-09-06 10:41:17,79,2597,78.0,14.27,25.7
2026-09-06 10:41:18,88,1848,75.0,13.29,59.9
2026-09-06 10:41:19,83,2429,87.1,14.18,80.3
2026-09-06 10:41:20,60,2075,85.2,13.3,4.1
2026-09-06 10:41:21,5,1550,82.7,13.53,67.4
2026-09-06 10:41:22,19,1920,92.7,13.6,79.5
2026-09-06 10:41:23,93,2661,76.5,13.87,22.2
2026-09-06 10:41:24,116,1568,89.5,14.3,72.0
2026-09-06 10:41:25,109,1607,79.7,13.9,74.7
2026-09-06 10:41:26,119,2732,79.1,13.86,46.2
2026-09-06 10:41:27,36,1874,87.1,14.16,57.7
2026-09-06 10:41:28,71,2962,77.5,13.46,12.5
2026-09-06 10:41:29,87,864,94.4,13.25,2.7
2026-09-06 10:41:30,22,1507,87.6,13.26,21.6
2026-09-06 10:41:31,83,3417,87.2,14.19,90.7
2026-09-06 10:41:32,108,1867,86.2,13.53,41.3
2026-09-06 10:41:33,119,2839,76.9,14.21,85.8
2026-09-06 10:41:34,50,940,93.2,13.46,17.1
2026-09-06 10:41:35,85,1542,78.4,13.96,91.4
2026-09-06 10:41:36,92,2901,92.9,13.71,19.0
2026-09-06 10:41:37,104,2124,80.8,13.71,46.6
2026-09-06 10:41:38,20,3046,81.3,14.03,4.1
2026-09-06 10:41:39,74,3102,84.3,14.21,20.0
2026-09-06 10:41:40,40,2979,92.7,13.33,31.2
2026-09-06 10:41:41,31,2682,79.5,13.38,2.1
2026-09-06 10:41:42,58,1103,91.7,14.15,95.7
2026-09-06 10:41:43,1,2267,83.7,14.01,98.8
2026-09-06 10:41:44,47,1378,88.3,13.94,49.8
2026-09-06 10:41:45,19,1138,87.1,13.3,93.9
2026-09-06 10:41:46,115,3019,78.1,13.23,82.3
2026-09-06 10:41:47,101,3189,79.8,13.4,35.6
2026-09-06 10:41:48,69,1182,87.5,13.86,32.1
2026-09-06 10:41:49,55,2745,79.2,14.17,42.3
2026-09-06 10:41:50,85,2350,80.4,13.83,4.5
2026-09-06 10:41:51,1,1759,82.7,13.32,25.6
2026-09-06 10:41:52,64,924,80.6,13.25,77.6
2026-09-06 10:41:53,37,1719,87.0,13.21,13.4
2026-09-06 10:41:54,8,1514,87.9,13.95,84.4
2026-09-06 10:41:55,52,839,89.5,13.65,37.7
2026-09-06 10:41:56,74,2390,92.0,13.47,8.3
2026-09-06 10:41:57,116,3217,81.4,14.07,20.0
2026-09-06 10:41:58,76,2619,89.5,14.27,41.5
2026-09-06 10:41:59,20,1144,75.6,13.49,27.7
2026-09-06 10:42:00,51,1005,78.7,13.63,16.5
2026-09-06 10:42:01,108,3401,83.8,13.57,41.9
2026-09-06 10:42:02,106,1642,84.4,14.29,59.2
2026-09-06 10:42:03,24,2445,87.4,13.78,45.6
2026-09-06 10:42:04,119,2424,93.1,13.24,84.7
2026-09-06 10:42:05,119,2519,84.2,14.3,16.6
2026-09-06 10:42:06,74,1091,92.0,13.62,4.5
2026-09-06 10:42:07,8,1073,84.6,13.49,80.1
2026-09-06 10:42:08,44,3240,85.9,13.82,94.2
2026-09-06 10:42:09,89,3484,94.6,13.61,23.4
2026-09-06 10:42:10,23,2657,80.9,13.81,79.9
2026-09-06 10:42:11,73,2667,89.7,13.93,12.3
2026-09-06 10:42:12,25,1120,81.4,13.73,74.6
2026-09-06 10:42:13,38,3129,76.1,13.95,85.5
2026-09-06 10:42:14,69,2024,83.7,13.86,18.8
2026-09-06 10:42:15,53,2754,94.1,14.0,17.9
2026-09-06 10:42:16,36,2481,80.1,13.98,5.1
2026-09-06 10:42:17,35,1114,86.4,13.82,69.3
2026-09-06 10:42:18,77,1311,79.3,13.72,40.1
2026-09-06 10:42:19,113,1781,94.7,13.54,55.5
2026-09-06 10:42:20,68,3151,77.5,13.92,60.9
2026-09-06 10:42:21,5,2262,85.1,13.39,3.4
2026-09-06 10:42:22,38,3483,85.5,14.21,38.4
2026-09-06 10:42:23,80,2380,86.4,13.76,32.0
2026-09-06 10:42:24,67,2264,81.0,13.98,66.2
2026-09-06 10:42:25,76,3166,77.4,14.34,18.6
2026-09-06 10:42:26,69,3319,79.0,13.55,17.3
2026-09-06 10:42:27,37,1358,77.5,14.11,4.6
2026-09-06 10:42:28,68,1628,94.2,13.98,86.4
2026-09-06 10:42:29,39,846,81.5,13.63,24.8
2026-09-06 10:42:30,0,2145,90.2,13.85,17.1
2026-09-06 10:42:31,102,3453,86.4,13.67,40.4
2026-09-06 10:42:32,92,3455,82.1,13.3,62.2
2026-09-06 10:42:33,19,3286,87.4,14.13,69.9
2026-09-06 10:42:34,31,1942,92.6,13.25,27.6
2026-09-06 10:42:35,44,2648,91.0,13.29,79.1
2026-09-06 10:42:36,29,1141,78.9,13.82,3.3
2026-09-06 10:42:37,24,2614,91.6,13.68,0.8
2026-09-06 10:42:38,59,1468,93.4,14.35,31.1
2026-09-06 10:42:39,120,1165,77.1,13.21,19.0
2026-09-06 10:42:40,119,2023,92.2,13.4,37.6
2026-09-06 10:42:41,5,2785,85.7,14.06,85.2
2026-09-06 10:42:42,114,2806,91.3,13.68,54.5
2026-09-06 10:42:43,97,2501,80.6,13.8,79.0
2026-09-06 10:42:44,62,2828,91.5,13.72,77.2
2026-09-06 10:42:45,68,2906,83.0,14.07,74.8
2026-09-06 10:42:46,113,2891,87.0,13.66,98.0
2026-09-06 10:42:47,19,2854,83.7,13.84,33.0
2026-09-06 10:42:48,32,1871,83.8,13.26,24.8
2026-09-06 10:42:49,42,1364,88.1,13.24,85.5
2026-09-06 10:42:50,55,2269,94.0,14.07,45.1
2026-09-06 10:42:51,81,1441,85.5,14.4,56.4
2026-09-06 10:42:52,64,3049,91.9,13.66,24.4
2026-09-06 10:42:53,50,1037,92.4,13.92,46.9
2026-09-06 10:42:54,58,3404,85.3,13.92,22.9
2026-09-06 10:42:55,5,2727,92.8,14.18,44.5
2026-09-06 10:42:56,43,2685,86.1,13.44,12.3
2026-09-06 10:42:57,64,1024,92.2,13.72,45.7
2026-09-06 10:42:58,32,3074,81.0,13.4,37.2
2026-09-06 10:42:59,37,997,76.1,14.03,53.4
2026-09-06 10:43:00,0,2157,78.7,14.36,15.7
2026-09-06 10:43:01,17,2699,94.7,13.68,3.2
2026-09-06 10:43:02,117,1426,91.3,13.53,7.8
2026-09-06 10:43:03,95,2064,91.1,14.14,25.7
2026-09-06 10:43:04,105,2448,78.3,13.98,72.6
2026-09-06 10:43:05,100,812,82.8,13.21,19.5
2026-09-06 10:43:06,64,939,88.0,13.89,71.9
2026-09-06 10:43:07,28,1132,80.8,13.26,26.4
2026-09-06 10:43:08,1,1090,81.6,14.19,55.3
2026-09-06 10:43:09,95,2607,94.4,13.43,42.5
2026-09-06 10:43:10,100,1616,82.0,13.84,80.7
2026-09-06 10:43:11,119,1630,78.6,13.86,53.2
2026-09-06 10:43:12,72,3338,75.5,13.41,93.7
2026-09-06 10:43:13,54,2304,93.0,13.91,84.5
2026-09-06 10:43:14,82,3067,85.3,14.12,96.0
2026-09-06 10:43:15,68,2440,91.2,13.98,25.8
2026-09-06 10:43:16,84,2353,80.7,13.47,6.5
2026-09-06 10:43:17,33,2763,76.2,13.71,56.8
2026-09-06 10:43:18,41,2337,90.7,13.85,6.0
2026-09-06 10:43:19,77,2519,81.0,13.77,5.3
2026-09-06 10:43:20,75,2157,77.7,14.07,98.7
2026-09-06 10:43:21,50,996,80.4,13.24,28.2
2026-09-06 10:43:22,75,2851,81.0,13.92,60.2
2026-09-06 10:43:23,17,2021,90.8,13.83,46.3
2026-09-06 10:43:24,75,2992,79.4,14.31,15.3
2026-09-06 10:43:25,47,2811,89.9,13.35,80.8
2026-09-06 10:43:26,16,1644,82.7,13.25,54.4
2026-09-06 10:43:27,11,3397,94.5,13.68,50.8
2026-09-06 10:43:28,105,2973,84.9,13.9,87.4
2026-09-06 10:43:29,56,1429,88.9,13.79,45.7
2026-09-06 10:43:30,24,2632,86.9,13.35,36.2
2026-09-06 10:43:31,24,2790,93.5,14.37,2.1
2026-09-06 10:43:32,47,2761,88.1,14.25,16.4
2026-09-06 10:43:33,26,1931,79.6,13.97,92.0
2026-09-06 10:43:34,71,2649,83.7,13.33,9.1
2026-09-06 10:43:35,36,1286,81.6,14.2,90.4
2026-09-06 10:43:36,99,932,85.4,13.49,9.3
2026-09-06 10:43:37,81,1971,82.3,14.27,68.1
2026-09-06 10:43:38,88,1020,91.5,13.25,38.3
2026-09-06 10:43:39,18,3108,75.2,13.73,50.8
2026-09-06 10:43:40,22,3044,79.7,13.26,63.0
2026-09-06 10:43:41,118,1373,86.3,13.29,58.2
2026-09-06 10:43:42,35,849,80.1,13.66,49.9
2026-09-06 10:43:43,36,3456,90.3,14.02,79.8
2026-09-06 10:43:44,12,1840,80.7,14.34,18.7
2026-09-06 10:43:45,91,1744,92.1,13.8,32.6
2026-09-06 10:43:46,56,2773,77.1,13.86,30.5
2026-09-06 10:43:47,102,2621,94.2,13.25,51.8
2026-09-06 10:43:48,60,3289,82.1,13.24,49.7
2026-09-06 10:43:49,23,1453,92.5,13.45,78.7
2026-09-06 10:43:50,44,2845,93.9,14.29,15.0
2026-09-06 10:43:51,20,2168,77.3,13.44,7.2
2026-09-06 10:43:52,62,1926,91.2,13.98,35.7
2026-09-06 10:43:53,1,2357,89.7,13.35,91.4
2026-09-06 10:43:54,37,1748,85.9,13.25,19.1
2026-09-06 10:43:55,40,2876,86.2,13.76,94.3
2026-09-06 10:43:56,53,1712,83.6,13.94,83.1
2026-09-06 10:43:57,20,2098,84.5,13.4,53.5
2026-09-06 10:43:58,32,2263,76.3,13.43,88.1
2026-09-06 10:43:59,111,1933,87.9,13.56,13.0
2026-09-06 10:44:00,6,1942,81.3,13.21,52.5
2026-09-06 10:44:01,25,1321,91.1,13.41,34.4
2026-09-06 10:44:02,6,1001,79.6,13.69,48.0
2026-09-06 10:44:03,10,1660,81.9,13.44,29.0
2026-09-06 10:44:04,69,2132,86.2,13.98,25.9
2026-09-06 10:44:05,106,2436,86.9,14.33,79.4
2026-09-06 10:44:06,1,979,80.3,13.77,11.5
2026-09-06 10:44:07,54,1826,79.3,14.11,95.4
2026-09-06 10:44:08,35,3203,94.1,13.97,48.7
2026-09-06 10:44:09,96,938,81.3,13.71,79.6
2026-09-06 10:44:10,19,1737,94.4,14.37,54.7
2026-09-06 10:44:11,98,3029,87.3,14.34,31.5
2026-09-06 10:44:12,15,1967,82.7,14.25,73.7
2026-09-06 10:44:13,62,1287,76.9,14.39,59.9
2026-09-06 10:44:14,35,2870,78.3,13.52,5.0
2026-09-06 10:44:15,88,2223,87.5,13.81,4.2
2026-09-06 10:44:16,81,1596,79.8,13.45,59.4
2026-09-06 10:44:17,68,3008,81.1,13.59,57.3
2026-09-06 10:44:18,116,2745,81.6,13.36,17.6
2026-09-06 10:44:19,37,2634,82.9,13.77,3.1
2026-09-06 10:44:20,27,1454,92.2,13.5,15.0
2026-09-06 10:44:21,51,2177,91.9,14.11,28.3
2026-09-06 10:44:22,53,1942,95.0,14.31,54.4
2026-09-06 10:44:23,68,2701,82.3,13.97,94.5
2026-09-06 10:44:24,11,3317,89.8,13.45,6.8
2026-09-06 10:44:25,39,3099,78.8,13.28,83.4
2026-09-06 10:44:26,18,2253,86.8,13.63,3.1
2026-09-06 10:44:27,0,2512,88.0,13.97,40.6
2026-09-06 10:44:28,68,3277,86.9,14.27,36.7
2026-09-06 10:44:29,98,1021,93.9,14.37,74.0
2026-09-06 10:44:30,59,3102,84.6,14.24,41.6
2026-09-06 10:44:31,4,1813,76.6,13.82,99.2
2026-09-06 10:44:32,3,3267,79.0,13.36,85.9
2026-09-06 10:44:33,96,1661,92.2,14.21,3.1
2026-09-06 10:44:34,93,1508,92.1,13.68,26.3
2026-09-06 10:44:35,22,3023,90.4,13.62,82.1
2026-09-06 10:44:36,13,2790,89.2,14.15,35.3
2026-09-06 10:44:37,117,3087,82.5,13.83,30.0
2026-09-06 10:44:38,95,1357,78.3,13.98,89.2
2026-09-06 10:44:39,36,999,91.3,14.09,84.4
2026-09-06 10:44:40,52,1172,81.4,13.69,46.0
2026-09-06 10:44:41,99,902,77.6,13.24,20.1
2026-09-06 10:44:42,63,1946,76.9,14.18,47.3
2026-09-06 10:44:43,114,835,82.2,14.21,28.4
2026-09-06 10:44:44,110,1764,92.6,13.43,56.0
2026-09-06 10:44:45,19,2608,80.0,13.86,27.5
2026-09-06 10:44:46,38,3118,77.7,13.35,39.2
2026-09-06 10:44:47,110,1581,85.5,14.1,12.8
2026-09-06 10:44:48,61,1791,92.9,13.92,62.5
2026-09-06 10:44:49,4,2925,90.6,14.13,29.2
2026-09-06 10:44:50,11,3255,89.6,13.68,1.5
2026-09-06 10:44:51,84,2310,79.2,13.58,31.9
2026-09-06 10:44:52,45,823,89.6,14.35,72.3
2026-09-06 10:44:53,96,2618,93.5,13.68,4.9
2026-09-06 10:44:54,47,3080,90.9,14.32,28.7
2026-09-06 10:44:55,29,1902,77.2,13.66,19.8
2026-09-06 10:44:56,89,2058,82.6,13.99,99.0
2026-09-06 10:44:57,54,827,85.0,13.45,38.0
2026-09-06 10:44:58,88,1576,94.1,13.95,90.5
2026-09-06 10:44:59,34,3262,88.1,13.97,35.2
2026-09-06 10:45:00,70,2643,77.6,14.4,43.0
2026-09-06 10:45:01,105,2415,85.6,14.09,45.7
2026-09-06 10:45:02,62,2004,77.3,13.78,54.7
2026-09-06 10:45:03,82,1016,80.2,14.03,5.0
2026-09-06 10:45:04,86,2984,83.9,13.99,27.9
2026-09-06 10:45:05,46,2601,85.9,14.3,63.8
2026-09-06 10:45:06,99,2625,82.5,13.93,85.6
2026-09-06 10:45:07,13,2275,76.9,13.74,47.6
2026-09-06 10:45:08,69,1587,93.5,14.0,38.2
2026-09-06 10:45:09,34,1176,76.1,14.08,71.4
2026-09-06 10:45:10,12,1063,80.9,13.69,69.5
2026-09-06 10:45:11,6,1840,79.6,13.35,23.3
2026-09-06 10:45:12,43,3020,94.8,13.86,2.0
2026-09-06 10:45:13,87,3387,88.2,13.83,64.3
2026-09-06 10:45:14,105,2479,83.6,13.63,24.7
2026-09-06 10:45:15,34,1445,83.1,13.79,12.0
2026-09-06 10:45:16,26,2102,82.5,13.48,5.1
2026-09-06 10:45:17,47,1539,88.3,13.83,16.0
2026-09-06 10:45:18,99,2572,87.5,14.35,75.1
2026-09-06 10:45:19,6,1017,85.3,13.27,87.1
2026-09-06 10:45:20,92,3497,77.4,14.33,70.6
2026-09-06 10:45:21,50,1461,83.8,13.39,10.9
2026-09-06 10:45:22,4,2859,78.4,13.68,96.7
2026-09-06 10:45:23,51,1111,80.9,13.35,66.0
2026-09-06 10:45:24,110,2168,78.6,13.76,28.9
2026-09-06 10:45:25,0,1047,82.6,13.81,93.0
2026-09-06 10:45:26,5,900,83.7,13.98,92.8
2026-09-06 10:45:27,64,852,90.8,14.24,93.5
2026-09-06 10:45:28,48,1043,81.7,14.22,65.1
2026-09-06 10:45:29,32,811,83.4,13.54,48.7
2026-09-06 10:45:30,98,1989,84.1,13.75,7.0
2026-09-06 10:45:31,62,2646,90.2,13.55,47.4
2026-09-06 10:45:32,71,2856,86.5,13.51,97.1
2026-09-06 10:45:33,47,3012,94.8,14.33,46.2
2026-09-06 10:45:34,6,1636,86.7,13.29,48.0
2026-09-06 10:45:35,70,1672,75.0,13.22,77.8
2026-09-06 10:45:36,65,1542,81.5,13.69,17.4
2026-09-06 10:45:37,12,2602,87.4,14.22,46.9
2026-09-06 10:45:38,21,1887,75.8,13.66,56.1
2026-09-06 10:45:39,35,2774,75.8,13.27,62.1
2026-09-06 10:45:40,92,2963,92.2,13.6,67.5
2026-09-06 10:45:41,18,1659,93.1,13.42,53.4
2026-09-06 10:45:42,72,1686,81.7,13.76,64.5
2026-09-06 10:45:43,35,3136,93.4,13.87,83.1
2026-09-06 10:45:44,25,3229,86.7,13.7,65.6
2026-09-06 10:45:45,85,1911,90.8,13.5,23.5
2026-09-06 10:45:46,116,1806,75.2,13.21,30.5
2026-09-06 10:45:47,39,2183,90.0,13.72,29.8
2026-09-06 10:45:48,107,1905,90.4,13.29,48.4
2026-09-06 10:45:49,117,1976,82.0,14.16,84.9
2026-09-06 10:45:50,96,2697,80.7,13.88,62.6
2026-09-06 10:45:51,9,1893,94.7,13.5,94.5
2026-09-06 10:45:52,85,3334,76.3,13.34,15.5
2026-09-06 10:45:53,0,1423,87.4,13.26,88.4
2026-09-06 10:45:54,18,3366,88.6,13.52,61.5
2026-09-06 10:45:55,57,3158,92.7,13.92,3.9
2026-09-06 10:45:56,72,3360,85.5,13.31,26.7
2026-09-06 10:45:57,25,3487,77.6,14.33,99.5
2026-09-06 10:45:58,80,1144,81.3,13.72,23.9
2026-09-06 10:45:59,91,1797,92.0,14.26,61.6
2026-09-06 10:46:00,32,2326,79.8,13.54,39.6
2026-09-06 10:46:01,110,1000,94.7,13.59,90.6
2026-09-06 10:46:02,16,1629,76.4,13.43,18.6
2026-09-06 10:46:03,25,2966,84.7,13.98,8.1
2026-09-06 10:46:04,83,843,87.6,14.01,91.0
2026-09-06 10:46:05,83,2039,76.7,14.13,63.2
2026-09-06 10:46:06,33,1964,83.9,13.38,73.3
2026-09-06 10:46:07,79,1989,93.2,13.27,48.3
2026-09-06 10:46:08,8,2644,90.1,13.47,31.3
2026-09-06 10:46:09,90,1729,82.9,13.39,53.3
2026-09-06 10:46:10,37,1278,85.2,13.3,32.1
2026-09-06 10:46:11,81,3122,80.4,14.13,95.5
2026-09-06 10:46:12,102,2347,76.9,13.89,81.6
2026-09-06 10:46:13,59,1449,86.5,14.17,35.1
2026-09-06 10:46:14,39,1524,92.7,13.51,18.2
2026-09-06 10:46:15,13,1036,79.5,14.07,51.0
2026-09-06 10:46:16,27,3352,80.9,13.46,13.2
2026-09-06 10:46:17,111,2220,81.6,13.73,23.3
2026-09-06 10:46:18,120,3008,83.9,13.45,43.1
2026-09-06 10:46:19,77,1121,82.6,13.42,15.2
2026-09-06 10:46:20,17,2463,88.9,13.98,30.9
2026-09-06 10:46:21,110,3316,87.3,14.05,83.1
2026-09-06 10:46:22,64,2421,77.9,13.59,35.8
2026-09-06 10:46:23,40,865,78.3,14.27,3.7
2026-09-06 10:46:24,62,2893,89.8,13.31,2.8
2026-09-06 10:46:25,9,2148,89.1,13.96,88.0
2026-09-06 10:46:26,62,1316,85.2,14.35,7.1
2026-09-06 10:46:27,35,832,78.0,13.56,0.5
2026-09-06 10:46:28,101,857,77.8,13.37,82.2
2026-09-06 10:46:29,66,923,76.0,14.02,23.0
2026-09-06 10:46:30,43,1839,86.9,14.17,51.4
2026-09-06 10:46:31,35,2812,79.6,13.41,98.8
2026-09-06 10:46:32,40,3260,91.2,14.32,41.1
2026-09-06 10:46:33,51,924,84.1,13.92,8.0
2026-09-06 10:46:34,72,1268,78.8,13.71,98.6
2026-09-06 10:46:35,5,2875,79.8,13.39,30.3
2026-09-06 10:46:36,87,1278,94.3,14.12,36.9
2026-09-06 10:46:37,91,3139,88.8,13.75,61.0
2026-09-06 10:46:38,51,2786,80.5,13.6,95.1
2026-09-06 10:46:39,33,2954,82.4,13.73,89.7
2026-09-06 10:46:40,104,2382,80.8,14.39,83.0
2026-09-06 10:46:41,47,2753,85.1,13.37,71.7
2026-09-06 10:46:42,23,1785,81.6,14.14,41.4
2026-09-06 10:46:43,83,1176,83.0,14.31,81.6
2026-09-06 10:46:44,83,2781,89.1,13.7,20.1
2026-09-06 10:46:45,105,2940,81.4,14.3,78.6
2026-09-06 10:46:46,56,2114,77.1,13.91,9.0
2026-09-06 10:46:47,63,2549,85.3,13.27,75.9
2026-09-06 10:46:48,40,3036,93.2,13.77,89.9
2026-09-06 10:46:49,40,2724,89.8,13.32,96.6
2026-09-06 10:46:50,88,1087,78.7,13.93,82.6
2026-09-06 10:46:51,18,2308,77.2,14.32,9.5
2026-09-06 10:46:52,114,2371,89.4,14.32,9.7
2026-09-06 10:46:53,116,3073,75.2,13.92,83.8
2026-09-06 10:46:54,71,3419,91.3,13.48,45.3
2026-09-06 10:46:55,63,2169,77.9,14.13,50.3
2026-09-06 10:46:56,73,3077,93.3,14.37,66.1
2026-09-06 10:46:57,98,2806,94.9,13.73,85.4
2026-09-06 10:46:58,47,2111,93.1,13.72,38.3
2026-09-06 10:46:59,36,2709,93.2,14.31,91.4
2026-09-06 10:47:00,106,2190,91.2,13.72,85.1
2026-09-06 10:47:01,30,2172,78.3,14.05,71.1
2026-09-06 10:47:02,41,2493,87.6,13.87,64.3
2026-09-06 10:47:03,7,1415,80.9,13.39,8.8
2026-09-06 10:47:04,21,2635,83.7,13.94,14.5
2026-09-06 10:47:05,90,1979,83.2,13.36,82.1
2026-09-06 10:47:06,90,2813,87.1,13.23,5.9
2026-09-06 10:47:07,81,2049,88.1,13.44,80.8
2026-09-06 10:47:08,44,986,93.2,13.46,14.0
2026-09-06 10:47:09,52,1467,77.4,13.66,96.1
2026-09-06 10:47:10,95,2590,84.6,13.82,3.4
2026-09-06 10:47:11,93,1096,93.4,13.41,83.6
2026-09-06 10:47:12,45,3442,93.7,13.98,84.6
2026-09-06 10:47:13,34,2297,89.6,13.54,39.3
2026-09-06 10:47:14,31,2826,91.0,13.86,71.4
2026-09-06 10:47:15,33,1048,85.0,14.07,38.4
2026-09-06 10:47:16,101,1533,88.8,14.16,72.9
2026-09-06 10:47:17,106,1039,90.0,14.2,17.9
2026-09-06 10:47:18,35,3132,87.0,14.29,90.2
2026-09-06 10:47:19,109,1781,94.7,13.94,17.0
2026-09-06 10:47:20,68,2753,85.3,13.98,84.1
2026-09-06 10:47:21,31,1689,91.6,13.21,65.9
2026-09-06 10:47:22,35,2045,94.2,13.38,10.9
2026-09-06 10:47:23,70,1029,86.8,14.0,57.7
2026-09-06 10:47:24,75,1340,83.2,14.18,5.8
2026-09-06 10:47:25,49,834,87.0,13.25,73.2
2026-09-06 10:47:26,110,852,78.7,14.24,30.1
2026-09-06 10:47:27,23,1891,78.2,13.88,59.1
2026-09-06 10:47:28,119,2227,93.0,14.12,0.6
2026-09-06 10:47:29,73,1488,79.4,13.99,57.9
2026-09-06 10:47:30,101,1557,94.8,13.88,63.7
2026-09-06 10:47:31,58,1341,79.4,14.28,86.8
2026-09-06 10:47:32,65,2909,93.2,13.31,40.3
2026-09-06 10:47:33,59,2050,92.0,13.71,30.9
2026-09-06 10:47:34,113,2903,79.5,13.97,98.6
2026-09-06 10:47:35,47,3292,81.6,13.77,6.3
2026-09-06 10:47:36,34,2289,88.1,13.36,69.4
2026-09-06 10:47:37,7,2019,94.8,14.39,82.3
2026-09-06 10:47:38,0,2454,79.5,13.3,70.7
2026-09-06 10:47:39,111,3370,89.8,14.09,14.7
2026-09-06 10:47:40,113,2063,90.5,13.5,82.9
2026-09-06 10:47:41,114,3177,77.6,13.68,66.9
2026-09-06 10:47:42,83,1107,79.8,13.91,59.0
2026-09-06 10:47:43,68,2308,77.2,13.93,74.5
2026-09-06 10:47:44,48,3182,83.4,13.47,53.6
2026-09-06 10:47:45,36,2039,88.9,13.8,52.6
2026-09-06 10:47:46,42,1575,79.1,13.27,19.0
2026-09-06 10:47:47,45,1271,91.1,13.28,67.1
2026-09-06 10:47:48,51,938,85.0,14.27,59.6
2026-09-06 10:47:49,4,2010,79.9,14.28,93.5
2026-09-06 10:47:50,117,3031,93.8,13.54,47.6
2026-09-06 10:47:51,45,2902,76.4,14.16,33.4
2026-09-06 10:47:52,46,3260,77.0,13.79,95.3
2026-09-06 10:47:53,7,2868,89.2,13.66,55.4
2026-09-06 10:47:54,69,1022,84.4,13.78,86.4
2026-09-06 10:47:55,108,2954,84.2,13.72,13.1
2026-09-06 10:47:56,64,1332,76.5,14.13,20.9
2026-09-06 10:47:57,115,1308,91.5,14.4,39.7
2026-09-06 10:47:58,52,858,89.2,13.53,36.8
2026-09-06 10:47:59,97,1158,90.6,14.09,92.5
2026-09-06 10:48:00,19,1541,76.2,13.94,22.7
2026-09-06 10:48:01,53,2750,75.4,14.37,66.9
2026-09-06 10:48:02,98,3056,81.9,13.33,45.6
2026-09-06 10:48:03,119,3128,91.2,14.08,88.9
2026-09-06 10:48:04,77,1737,86.1,14.07,38.8
2026-09-06 10:48:05,73,1620,79.9,13.96,51.3
2026-09-06 10:48:06,71,1142,92.2,14.09,2.3
2026-09-06 10:48:07,63,2122,88.6,13.85,92.5
2026-09-06 10:48:08,22,2892,81.6,14.07,75.5
2026-09-06 10:48:09,24,926,80.3,13.83,15.2
2026-09-06 10:48:10,62,1204,87.8,14.02,13.6
2026-09-06 10:48:11,25,3332,87.4,14.19,8.8
2026-09-06 10:48:12,101,1063,90.0,13.61,35.3
2026-09-06 10:48:13,21,2015,91.6,13.55,38.6
2026-09-06 10:48:14,57,2128,77.1,13.91,21.5
2026-09-06 10:48:15,31,3412,75.6,13.26,9.5
2026-09-06 10:48:16,106,1886,92.8,13.82,27.7
2026-09-06 10:48:17,43,2559,79.2,13.59,47.0
2026-09-06 10:48:18,84,3239,86.3,14.18,26.7
2026-09-06 10:48:19,98,865,80.8,14.11,21.0
2026-09-06 10:48:20,74,3494,91.6,13.9,23.8
2026-09-06 10:48:21,75,3444,77.4,13.27,28.2
2026-09-06 10:48:22,67,2699,77.4,13.89,20.0
2026-09-06 10:48:23,48,2388,75.8,13.53,70.2
2026-09-06 10:48:24,33,2796,77.4,13.25,55.6
2026-09-06 10:48:25,104,1424,85.1,13.63,60.5
2026-09-06 10:48:26,75,2680,95.0,14.19,7.9
2026-09-06 10:48:27,1,1817,84.9,13.86,90.3
2026-09-06 10:48:28,93,1736,91.8,14.25,27.0
2026-09-06 10:48:29,1,2972,75.0,13.21,81.8
2026-09-06 10:48:30,12,2723,88.7,14.0,70.7
2026-09-06 10:48:31,35,2371,83.7,14.3,76.6
2026-09-06 10:48:32,16,2038,95.0,13.23,15.9
2026-09-06 10:48:33,42,1694,89.0,14.38,27.4
2026-09-06 10:48:34,78,1096,85.5,13.89,71.7
2026-09-06 10:48:35,63,1197,90.6,14.03,35.6
2026-09-06 10:48:36,17,2697,85.4,13.7,95.6
2026-09-06 10:48:37,18,2391,76.1,14.12,72.1
2026-09-06 10:48:38,50,1566,79.7,13.28,26.7
2026-09-06 10:48:39,18,1369,93.1,13.63,6.5
2026-09-06 10:48:40,112,2534,90.2,13.63,77.7
2026-09-06 10:48:41,109,3263,89.3,14.35,84.6
2026-09-06 10:48:42,34,2315,93.3,13.61,33.3
2026-09-06 10:48:43,46,1714,83.8,14.11,23.6
2026-09-06 10:48:44,89,1891,81.9,13.35,0.7
2026-09-06 10:48:45,13,3133,75.0,13.71,42.5
2026-09-06 10:48:46,50,2711,80.8,13.59,70.0
2026-09-06 10:48:47,14,2770,89.2,13.63,64.1
2026-09-06 10:48:48,118,1110,79.1,13.48,39.6
2026-09-06 10:48:49,15,2283,87.9,14.0,89.0
2026-09-06 10:48:50,9,2021,91.8,13.9,37.0
2026-09-06 10:48:51,61,1750,85.2,14.09,75.8
2026-09-06 10:48:52,3,1034,85.5,14.39,97.1
2026-09-06 10:48:53,27,1371,91.1,13.25,4.9
2026-09-06 10:48:54,4,840,94.4,13.91,14.2
2026-09-06 10:48:55,43,2575,78.0,13.37,88.9
2026-09-06 10:48:56,28,2371,78.0,14.25,42.3
2026-09-06 10:48:57,87,3089,85.7,13.49,45.8
2026-09-06 10:48:58,84,2520,91.1,13.91,28.0
2026-09-06 10:48:59,3,1355,94.9,13.74,87.6
2026-09-06 10:49:00,71,2944,94.3,13.73,63.7
2026-09-06 10:49:01,27,894,83.2,13.22,21.1
2026-09-06 10:49:02,5,1825,93.3,13.49,62.6
2026-09-06 10:49:03,88,2367,85.2,13.93,66.5
2026-09-06 10:49:04,37,1178,75.1,14.07,62.1
2026-09-06 10:49:05,35,3273,76.0,13.46,93.3
2026-09-06 10:49:06,67,1385,76.1,13.29,31.3
2026-09-06 10:49:07,39,1204,80.6,13.49,99.9
2026-09-06 10:49:08,112,3186,86.0,13.55,42.8
2026-09-06 10:49:09,103,2188,93.8,13.78,89.1
2026-09-06 10:49:10,19,2848,87.2,13.77,94.2
2026-09-06 10:49:11,29,2768,82.7,13.26,28.5
2026-09-06 10:49:12,69,1062,83.4,14.12,6.9
2026-09-06 10:49:13,94,1893,83.4,13.85,75.6
2026-09-06 10:49:14,57,2411,90.3,13.83,77.1
2026-09-06 10:49:15,74,1728,92.4,13.5,6.4
2026-09-06 10:49:16,91,1956,83.2,14.01,33.9
2026-09-06 10:49:17,51,1694,92.1,14.32,17.3
2026-09-06 10:49:18,5,2148,77.8,13.41,45.9
2026-09-06 10:49:19,112,3356,82.2,14.25,56.2
2026-09-06 10:49:20,45,2077,90.0,13.74,36.1
2026-09-06 10:49:21,82,2315,87.1,13.49,24.7
2026-09-06 10:49:22,43,1323,94.7,14.05,92.1
2026-09-06 10:49:23,116,2062,78.2,13.78,1.1
2026-09-06 10:49:24,91,1658,79.9,13.48,99.2
2026-09-06 10:49:25,92,3363,80.7,13.4,12.5
2026-09-06 10:49:26,3,1675,75.3,13.73,14.5
2026-09-06 10:49:27,91,1905,85.5,13.75,42.7
2026-09-06 10:49:28,5,1851,89.8,13.92,30.0
2026-09-06 10:49:29,91,1895,78.5,14.13,32.3
2026-09-06 10:49:30,10,2993,89.6,14.36,14.4
2026-09-06 10:49:31,118,3408,82.9,13.53,42.1
2026-09-06 10:49:32,85,1958,79.1,13.55,93.5
2026-09-06 10:49:33,104,2328,79.6,13.94,45.6
2026-09-06 10:49:34,53,2214,89.1,13.96,74.1
2026-09-06 10:49:35,78,3102,91.9,13.24,18.7
2026-09-06 10:49:36,24,3450,80.9,13.39,5.6
2026-09-06 10:49:37,5,872,93.1,13.99,37.0
2026-09-06 10:49:38,62,1287,76.9,13.74,58.6
2026-09-06 10:49:39,101,3311,76.0,14.31,72.8
2026-09-06 10:49:40,37,2617,78.3,13.33,28.6
2026-09-06 10:49:41,83,843,81.8,13.66,67.7
2026-09-06 10:49:42,120,3090,82.0,13.44,87.7
2026-09-06 10:49:43,27,2931,92.6,14.01,81.6
2026-09-06 10:49:44,57,1137,76.5,13.99,86.4
2026-09-06 10:49:45,2,1406,85.0,13.55,58.8
2026-09-06 10:49:46,15,2928,94.0,14.17,46.9
2026-09-06 10:49:47,107,2550,76.8,13.95,0.1
2026-09-06 10:49:48,35,1176,79.6,13.8,28.7
2026-09-06 10:49:49,65,1555,92.2,14.0,86.9
2026-09-06 10:49:50,87,1740,84.5,13.22,26.6
2026-09-06 10:49:51,83,2073,75.7,13.87,71.3
2026-09-06 10:49:52,47,1372,86.1,13.36,8.7
2026-09-06 10:49:53,18,1668,87.1,13.55,2.3
2026-09-06 10:49:54,101,3406,85.5,13.95,45.0
2026-09-06 10:49:55,65,956,88.7,13.8,70.6
2026-09-06 10:49:56,90,1537,85.7,13.81,3.9
2026-09-06 10:49:57,2,2643,85.1,14.23,12.6
2026-09-06 10:49:58,56,3106,90.7,13.42,31.0
2026-09-06 10:49:59,30,3367,84.6,13.64,55.3
2026-09-06 10:50:00,98,2422,80.4,13.41,1.0
2026-09-06 10:50:01,13,3212,92.7,13.51,53.9
2026-09-06 10:50:02,75,1768,84.8,14.2,64.5
2026-09-06 10:50:03,90,1837,79.4,13.84,35.9
2026-09-06 10:50:04,26,2183,88.0,13.8,29.8
2026-09-06 10:50:05,27,3051,82.2,13.41,92.6
2026-09-06 10:50:06,42,999,84.6,13.91,41.1
2026-09-06 10:50:07,107,3445,85.7,13.37,12.5
2026-09-06 10:50:08,105,1411,76.4,14.01,99.5
2026-09-06 10:50:09,38,1598,80.7,13.92,21.6
2026-09-06 10:50:10,105,1477,90.7,14.25,85.3
2026-09-06 10:50:11,118,2535,81.0,13.25,56.9
2026-09-06 10:50:12,64,3334,77.8,13.43,70.0
2026-09-06 10:50:13,116,2715,81.3,13.91,91.5
2026-09-06 10:50:14,72,1680,94.4,14.11,51.0
2026-09-06 10:50:15,84,2316,85.3,14.28,36.8
2026-09-06 10:50:16,3,1258,87.1,13.78,46.5
2026-09-06 10:50:17,29,1303,86.1,13.9,89.7
2026-09-06 10:50:18,80,2395,91.3,13.42,82.4
2026-09-06 10:50:19,47,2649,86.9,13.95,84.2
2026-09-06 10:50:20,22,2478,91.6,13.42,0.2
2026-09-06 10:50:21,62,2878,81.3,14.35,33.8
2026-09-06 10:50:22,13,3205,81.6,13.36,33.9
2026-09-06 10:50:23,51,1250,77.0,13.3,48.8
2026-09-06 10:50:24,22,1451,78.7,14.19,85.8
2026-09-06 10:50:25,83,1992,83.1,13.84,7.6
2026-09-06 10:50:26,82,1639,81.5,14.28,12.4
2026-09-06 10:50:27,94,1524,94.4,14.17,20.0
2026-09-06 10:50:28,76,1663,76.4,13.35,85.7
2026-09-06 10:50:29,64,2092,76.8,13.57,65.0
2026-09-06 10:50:30,81,2001,87.2,14.02,72.0
2026-09-06 10:50:31,117,1623,89.4,13.84,10.2
2026-09-06 10:50:32,26,2319,93.0,14.2,48.1
2026-09-06 10:50:33,58,2600,88.7,13.81,54.8
2026-09-06 10:50:34,118,1620,85.3,13.69,98.7
2026-09-06 10:50:35,96,2153,85.2,14.4,59.2
2026-09-06 10:50:36,13,2017,79.1,14.23,73.0
2026-09-06 10:50:37,26,1469,88.3,14.11,25.4
2026-09-06 10:50:38,69,3295,75.8,13.65,97.5
2026-09-06 10:50:39,3,2575,84.9,13.98,20.6
2026-09-06 10:50:40,17,1946,77.9,13.42,8.4
2026-09-06 10:50:41,90,3264,75.2,13.4,47.5
2026-09-06 10:50:42,119,1330,79.0,13.73,5.3
2026-09-06 10:50:43,117,3180,77.6,13.69,14.7
2026-09-06 10:50:44,105,3493,79.8,13.89,85.2
2026-09-06 10:50:45,108,2967,90.7,13.24,15.4
2026-09-06 10:50:46,92,2767,89.7,13.95,57.2
2026-09-06 10:50:47,1,1057,78.5,13.9,31.6
2026-09-06 10:50:48,11,1180,87.7,13.48,1.2
2026-09-06 10:50:49,85,2645,84.5,13.73,75.9
2026-09-06 10:50:50,82,1205,78.4,13.74,50.9
2026-09-06 10:50:51,63,3486,75.9,13.37,23.4
2026-09-06 10:50:52,11,2752,92.8,13.27,78.5
2026-09-06 10:50:53,96,2155,90.4,13.66,81.4
2026-09-06 10:50:54,108,2519,91.4,13.47,85.9
2026-09-06 10:50:55,28,2889,75.9,14.07,10.3
2026-09-06 10:50:56,77,3468,80.7,13.21,16.2
2026-09-06 10:50:57,46,2313,79.6,13.35,16.4
2026-09-06 10:50:58,81,3033,76.8,14.27,15.8
2026-09-06 10:50:59,58,2588,87.5,13.26,10.1
2026-09-06 10:51:00,46,1682,75.4,13.59,78.4
2026-09-06 10:51:01,13,2512,83.2,14.34,94.2
2026-09-06 10:51:02,19,1736,85.7,13.79,87.7
2026-09-06 10:51:03,40,3080,85.0,13.48,89.5
2026-09-06 10:51:04,32,1985,82.7,13.79,95.3
2026-09-06 10:51:05,66,1934,93.3,13.78,48.5
2026-09-06 10:51:06,35,1057,82.4,13.66,46.7
2026-09-06 10:51:07,43,1889,79.1,14.25,97.3
2026-09-06 10:51:08,90,2088,91.3,13.21,94.2
2026-09-06 10:51:09,102,1225,86.7,13.78,71.6
2026-09-06 10:51:10,32,988,82.1,13.56,89.5
2026-09-06 10:51:11,92,2737,77.8,13.61,97.5
2026-09-06 10:51:12,54,2513,85.9,14.02,6.2
2026-09-06 10:51:13,119,1477,90.6,13.36,66.7
2026-09-06 10:51:14,43,1572,76.7,14.35,3.2
2026-09-06 10:51:15,110,2248,85.3,13.27,90.1
2026-09-06 10:51:16,102,3025,91.4,13.85,89.6
2026-09-06 10:51:17,48,995,91.4,13.81,37.9
2026-09-06 10:51:18,62,3068,80.2,14.3,16.5
2026-09-06 10:51:19,16,1717,94.1,14.24,26.2
2026-09-06 10:51:20,95,2731,94.1,13.28,8.3
2026-09-06 10:51:21,68,942,75.9,14.34,18.2
2026-09-06 10:51:22,91,2078,78.6,14.18,7.5
2026-09-06 10:51:23,92,3204,84.7,14.16,20.2
2026-09-06 10:51:24,47,3058,82.9,13.71,37.8
2026-09-06 10:51:25,45,3139,84.6,14.07,74.1
2026-09-06 10:51:26,45,3311,76.9,13.55,96.1
2026-09-06 10:51:27,36,1195,75.0,13.3,6.8
2026-09-06 10:51:28,41,3291,83.5,14.29,5.3
2026-09-06 10:51:29,75,3241,85.3,14.11,64.9
2026-09-06 10:51:30,119,1391,90.3,13.28,76.3
2026-09-06 10:51:31,21,3190,89.7,13.65,4.5
2026-09-06 10:51:32,97,3333,82.8,13.72,74.8
2026-09-06 10:51:33,70,3265,93.4,13.36,77.0
2026-09-06 10:51:34,38,902,79.3,14.37,9.3
2026-09-06 10:51:35,38,1343,86.4,13.3,87.7
2026-09-06 10:51:36,80,1801,85.3,14.19,44.9
2026-09-06 10:51:37,55,2588,77.2,13.97,90.0
2026-09-06 10:51:38,2,1349,92.8,14.1,45.8
2026-09-06 10:51:39,25,3199,79.8,14.15,44.1
2026-09-06 10:51:40,45,2321,91.8,13.27,84.6
2026-09-06 10:51:41,112,3085,94.7,13.27,85.1
2026-09-06 10:51:42,107,2243,79.4,13.36,69.8
2026-09-06 10:51:43,71,2452,85.9,13.63,70.5
2026-09-06 10:51:44,46,2164,87.6,14.18,74.5
2026-09-06 10:51:45,9,2013,81.1,13.66,24.0
2026-09-06 10:51:46,79,1440,81.8,13.72,79.2
2026-09-06 10:51:47,11,2805,90.8,13.56,69.0
2026-09-06 10:51:48,111,854,93.9,13.71,69.7
2026-09-06 10:51:49,3,3215,79.0,13.35,86.0
2026-09-06 10:51:50,61,2477,75.2,14.31,68.6
2026-09-06 10:51:51,17,3157,89.8,14.03,51.6
2026-09-06 10:51:52,68,3426,80.6,14.3,45.3
2026-09-06 10:51:53,32,2116,88.2,14.04,42.0
2026-09-06 10:51:54,8,2572,81.6,13.58,9.6
2026-09-06 10:51:55,90,2573,75.5,14.27,90.7
2026-09-06 10:51:56,107,1755,78.0,13.44,86.7
2026-09-06 10:51:57,85,2340,91.3,13.47,89.9
2026-09-06 10:51:58,97,1443,83.6,14.22,85.6
2026-09-06 10:51:59,87,3078,83.1,13.54,51.0
2026-09-06 10:52:00,71,2449,94.4,13.41,73.1
2026-09-06 10:52:01,53,2221,79.9,13.75,3.9
2026-09-06 10:52:02,65,1252,76.4,13.85,90.7
2026-09-06 10:52:03,80,983,90.2,13.83,76.1
2026-09-06 10:52:04,98,3006,88.2,13.4,98.0
2026-09-06 10:52:05,105,2663,87.3,13.97,45.1
2026-09-06 10:52:06,19,1803,89.7,14.09,14.9
2026-09-06 10:52:07,34,2435,93.2,13.49,87.2
2026-09-06 10:52:08,106,3360,86.7,13.27,71.2
2026-09-06 10:52:09,1,1056,82.6,13.94,21.6
2026-09-06 10:52:10,1,914,90.0,13.96,76.6
2026-09-06 10:52:11,115,1017,88.4,13.98,3.8
2026-09-06 10:52:12,33,1800,75.7,13.25,23.6
2026-09-06 10:52:13,58,1102,81.4,14.08,45.9
2026-09-06 10:52:14,67,1755,81.8,13.62,68.8
2026-09-06 10:52:15,117,2089,90.5,13.28,83.5
2026-09-06 10:52:16,3,2423,81.8,13.86,39.1
2026-09-06 10:52:17,8,1494,88.2,14.01,84.9
2026-09-06 10:52:18,18,860,84.5,14.0,34.1
2026-09-06 10:52:19,60,2734,80.0,14.14,6.7
2026-09-06 10:52:20,74,825,78.7,14.19,89.5
2026-09-06 10:52:21,33,913,76.7,14.23,35.0
2026-09-06 10:52:22,112,3437,80.5,13.37,43.0
2026-09-06 10:52:23,27,1294,85.9,13.95,67.5
2026-09-06 10:52:24,87,1984,93.8,14.38,55.1
2026-09-06 10:52:25,45,1364,86.1,13.77,8.8
2026-09-06 10:52:26,27,1189,87.0,14.37,42.2
2026-09-06 10:52:27,115,1696,75.9,13.74,76.9
2026-09-06 10:52:28,26,3468,79.0,13.92,22.4
2026-09-06 10:52:29,67,2883,92.9,13.67,26.1
2026-09-06 10:52:30,114,2386,93.2,14.22,45.4
2026-09-06 10:52:31,69,1746,77.4,13.45,16.1
2026-09-06 10:52:32,12,3245,93.3,13.28,41.6
2026-09-06 10:52:33,40,3174,92.9,14.01,1.1
2026-09-06 10:52:34,96,2729,76.5,13.88,45.9
2026-09-06 10:52:35,20,2211,86.5,14.16,60.7
2026-09-06 10:52:36,22,2129,90.5,13.55,64.1
2026-09-06 10:52:37,42,2977,84.9,14.0,12.1
2026-09-06 10:52:38,67,904,76.6,14.11,92.6
2026-09-06 10:52:39,85,2846,80.0,13.48,87.1
2026-09-06 10:52:40,80,1611,79.7,13.35,50.6
2026-09-06 10:52:41,8,1346,85.6,13.35,14.6
2026-09-06 10:52:42,13,1870,81.5,13.46,37.1
2026-09-06 10:52:43,99,1286,94.6,14.3,41.3
2026-09-06 10:52:44,33,1486,91.2,14.29,75.1
2026-09-06 10:52:45,62,1586,78.9,13.26,58.9
2026-09-06 10:52:46,5,3399,91.2,13.42,15.9
2026-09-06 10:52:47,46,3419,84.9,13.95,16.0
2026-09-06 10:52:48,87,1885,80.8,14.2,7.9
2026-09-06 10:52:49,63,3045,93.0,13.39,56.2
2026-09-06 10:52:50,16,1670,76.9,14.3,77.8
2026-09-06 10:52:51,75,3445,90.5,13.27,84.3
2026-09-06 10:52:52,71,1924,82.6,14.09,64.2
2026-09-06 10:52:53,9,1361,94.9,13.46,72.3
2026-09-06 10:52:54,92,1010,81.8,13.88,29.1
2026-09-06 10:52:55,25,1881,88.2,14.25,78.6
2026-09-06 10:52:56,0,3288,91.6,13.36,5.0
2026-09-06 10:52:57,21,3417,85.1,13.47,70.9
2026-09-06 10:52:58,65,950,94.7,13.52,45.5
2026-09-06 10:52:59,33,2500,77.8,13.74,70.5
2026-09-06 10:53:00,6,2446,85.8,13.64,67.5
2026-09-06 10:53:01,10,3030,92.4,13.71,95.9
2026-09-06 10:53:02,2,1514,75.3,13.87,47.3
2026-09-06 10:53:03,40,2563,75.5,14.15,66.8
2026-09-06 10:53:04,43,2047,91.5,13.95,1.2
2026-09-06 10:53:05,67,1209,92.5,13.63,65.9
2026-09-06 10:53:06,116,2445,82.8,13.7,90.5
2026-09-06 10:53:07,1,2362,89.2,13.71,85.9
2026-09-06 10:53:08,8,3397,95.0,13.66,74.5
2026-09-06 10:53:09,3,2133,77.6,14.29,30.1
2026-09-06 10:53:10,47,1416,81.1,13.47,29.4
2026-09-06 10:53:11,23,1360,91.8,13.93,6.6
2026-09-06 10:53:12,86,1681,92.4,13.34,75.5
2026-09-06 10:53:13,21,3271,94.2,14.04,53.2
2026-09-06 10:53:14,105,2627,86.4,14.18,62.0
2026-09-06 10:53:15,3,1278,88.6,14.25,22.0
2026-09-06 10:53:16,60,2301,76.8,13.29,39.9
2026-09-06 10:53:17,76,1924,77.8,13.51,60.3
2026-09-06 10:53:18,108,2891,87.5,14.07,88.5
2026-09-06 10:53:19,90,2929,82.1,13.68,58.5
2026-09-06 10:53:20,102,2872,76.0,13.47,28.4
2026-09-06 10:53:21,0,1599,91.4,14.12,98.7
2026-09-06 10:53:22,120,959,89.7,13.68,7.4
2026-09-06 10:53:23,48,3205,86.2,14.17,12.2
2026-09-06 10:53:24,114,2024,87.4,14.2,3.2
2026-09-06 10:53:25,19,2007,91.3,14.33,57.3
2026-09-06 10:53:26,32,1549,75.8,14.35,40.0
2026-09-06 10:53:27,58,1040,82.4,13.72,80.4
2026-09-06 10:53:28,22,3438,86.9,14.21,59.0
2026-09-06 10:53:29,55,1645,83.1,14.05,54.8
2026-09-06 10:53:30,120,2278,91.1,13.36,79.3
2026-09-06 10:53:31,98,1177,77.5,14.08,69.6
2026-09-06 10:53:32,93,3337,82.7,13.32,79.6
2026-09-06 10:53:33,120,1721,86.6,13.34,22.1
2026-09-06 10:53:34,113,3030,75.7,14.29,23.5
2026-09-06 10:53:35,88,2213,78.2,13.9,74.5
2026-09-06 10:53:36,117,1597,91.0,14.36,72.9
2026-09-06 10:53:37,58,2404,83.3,13.38,52.6
2026-09-06 10:53:38,87,2058,88.6,14.36,86.3
2026-09-06 10:53:39,32,1230,94.8,13.41,36.1
2026-09-06 10:53:40,118,2319,76.9,14.08,87.9
2026-09-06 10:53:41,77,2253,77.0,13.93,51.9
2026-09-06 10:53:42,45,1998,87.6,13.94,69.9
2026-09-06 10:53:43,0,3147,93.8,14.02,76.5
2026-09-06 10:53:44,87,1135,75.4,14.25,19.9
2026-09-06 10:53:45,35,2967,93.8,14.02,84.1
2026-09-06 10:53:46,110,2428,79.6,14.38,94.6
2026-09-06 10:53:47,70,2668,75.7,14.16,7.0
2026-09-06 10:53:48,74,1624,82.4,14.32,61.7
2026-09-06 10:53:49,100,2750,84.0,14.11,76.8
2026-09-06 10:53:50,33,2860,91.0,14.12,81.2
2026-09-06 10:53:51,14,2514,83.6,13.64,92.5
2026-09-06 10:53:52,52,2293,83.0,13.55,55.4
2026-09-06 10:53:53,103,1715,78.8,13.48,1.1
2026-09-06 10:53:54,112,1587,93.9,13.96,8.0
2026-09-06 10:53:55,104,1891,77.7,13.88,36.9
2026-09-06 10:53:56,38,2771,85.6,14.07,0.6
2026-09-06 10:53:57,52,1296,85.4,13.76,90.2
2026-09-06 10:53:58,37,1652,92.5,13.93,35.5
2026-09-06 10:53:59,85,971,79.7,13.69,55.5
2026-09-06 10:54:00,71,1724,94.8,14.14,72.6
2026-09-06 10:54:01,74,2489,76.9,14.25,67.9
2026-09-06 10:54:02,31,2201,82.5,14.01,83.6
2026-09-06 10:54:03,33,1875,78.2,13.77,23.9
2026-09-06 10:54:04,28,1827,87.3,13.42,69.9
2026-09-06 10:54:05,4,2908,76.1,13.79,93.7
2026-09-06 10:54:06,22,2437,81.9,14.09,35.8
2026-09-06 10:54:07,19,2641,87.9,13.96,51.1
2026-09-06 10:54:08,63,1252,75.6,13.37,49.2
2026-09-06 10:54:09,86,2763,90.8,14.19,57.8
2026-09-06 10:54:10,38,1497,93.1,14.26,24.1
2026-09-06 10:54:11,49,2786,79.5,13.56,21.1
2026-09-06 10:54:12,83,2298,85.9,13.4,75.3
2026-09-06 10:54:13,33,3231,91.3,14.04,52.2
2026-09-06 10:54:14,49,1285,84.7,13.28,21.0
2026-09-06 10:54:15,49,1450,81.4,14.29,77.9
2026-09-06 10:54:16,4,1915,94.3,14.29,59.3
2026-09-06 10:54:17,76,2923,86.7,14.36,50.0
2026-09-06 10:54:18,83,2011,82.7,13.86,74.0
2026-09-06 10:54:19,55,1806,94.7,13.63,7.7
2026-09-06 10:54:20,40,3093,86.6,14.28,5.1
2026-09-06 10:54:21,52,2696,78.9,13.59,90.8
2026-09-06 10:54:22,119,876,80.1,14.08,56.4
2026-09-06 10:54:23,49,3376,88.7,13.95,47.7
2026-09-06 10:54:24,29,2297,76.9,13.57,8.6
2026-09-06 10:54:25,32,3142,91.0,13.25,41.1
2026-09-06 10:54:26,34,2507,89.4,14.38,49.2
2026-09-06 10:54:27,55,1079,88.5,13.23,26.0
2026-09-06 10:54:28,8,1517,87.3,13.95,3.7
2026-09-06 10:54:29,77,2254,88.0,13.94,92.8
2026-09-06 10:54:30,68,2700,87.3,13.21,54.4
2026-09-06 10:54:31,29,2477,86.3,14.24,66.9
2026-09-06 10:54:32,16,3260,86.6,13.5,4.9
2026-09-06 10:54:33,50,2671,83.2,13.71,83.1
2026-09-06 10:54:34,79,2595,89.6,13.9,78.8
2026-09-06 10:54:35,63,2754,76.1,13.62,60.0
2026-09-06 10:54:36,7,3213,88.9,13.5,13.8
2026-09-06 10:54:37,70,1549,86.9,13.76,30.1
2026-09-06 10:54:38,76,3253,77.7,13.3,84.5
2026-09-06 10:54:39,44,952,92.1,13.97,89.8
2026-09-06 10:54:40,16,1927,86.9,14.25,43.7
2026-09-06 10:54:41,63,2231,94.8,13.72,1.1
2026-09-06 10:54:42,101,1044,80.0,13.23,68.6
2026-09-06 10:54:43,79,3145,78.0,13.75,9.0
2026-09-06 10:54:44,25,3079,92.8,13.36,96.0
2026-09-06 10:54:45,19,3349,84.3,14.25,74.2
2026-09-06 10:54:46,95,1944,84.5,13.67,18.5
2026-09-06 10:54:47,83,1176,89.4,13.63,57.8
2026-09-06 10:54:48,106,2829,93.1,13.8,78.0
2026-09-06 10:54:49,73,1686,79.3,13.72,80.9
2026-09-06 10:54:50,34,2041,88.5,13.72,36.5
2026-09-06 10:54:51,9,2561,94.9,14.26,42.7
2026-09-06 10:54:52,109,2995,79.2,13.98,86.8
2026-09-06 10:54:53,94,1222,94.0,13.85,31.5
2026-09-06 10:54:54,45,1106,94.7,13.86,17.6
2026-09-06 10:54:55,41,827,86.6,14.33,50.3
2026-09-06 10:54:56,29,2409,94.6,13.54,43.1
2026-09-06 10:54:57,87,1523,84.5,13.87,6.5
2026-09-06 10:54:58,25,3200,94.6,14.09,15.6
2026-09-06 10:54:59,87,2911,79.0,13.65,16.2
2026-09-06 10:55:00,71,2450,80.9,13.7,96.6
2026-09-06 10:55:01,54,2228,92.5,13.96,58.8
2026-09-06 10:55:02,52,1629,85.7,14.19,49.6
2026-09-06 10:55:03,119,2614,86.3,13.78,8.9
2026-09-06 10:55:04,11,3389,91.9,13.5,67.7
2026-09-06 10:55:05,17,1913,88.1,13.62,42.6
2026-09-06 10:55:06,63,1197,86.9,13.62,48.4
2026-09-06 10:55:07,40,2672,80.3,14.17,9.2
2026-09-06 10:55:08,30,2369,80.5,13.92,96.7
2026-09-06 10:55:09,3,1112,86.2,14.06,40.6
2026-09-06 10:55:10,74,896,77.4,13.3,74.9
2026-09-06 10:55:11,21,2958,84.5,13.35,44.2
2026-09-06 10:55:12,51,2900,94.9,13.37,26.3
2026-09-06 10:55:13,51,2811,87.4,13.3,21.4
2026-09-06 10:55:14,10,1236,89.6,13.43,44.8
2026-09-06 10:55:15,119,1993,92.4,13.8,17.4
2026-09-06 10:55:16,20,3004,76.2,13.37,32.2
2026-09-06 10:55:17,76,2587,80.8,13.79,29.5
2026-09-06 10:55:18,9,3103,87.3,14.28,9.9
2026-09-06 10:55:19,117,3491,91.8,13.69,27.9
2026-09-06 10:55:20,106,2391,94.2,14.25,8.5
2026-09-06 10:55:21,57,2697,92.0,14.21,70.1
2026-09-06 10:55:22,110,1171,86.0,14.21,86.7
2026-09-06 10:55:23,14,1120,87.8,14.03,40.6
2026-09-06 10:55:24,38,1632,82.0,13.49,20.4
2026-09-06 10:55:25,92,2760,90.2,14.01,32.3
2026-09-06 10:55:26,10,3080,76.8,13.23,52.0
2026-09-06 10:55:27,51,2619,93.1,13.76,40.1
2026-09-06 10:55:28,8,3280,94.1,13.8,53.9
2026-09-06 10:55:29,105,3217,75.1,14.38,94.7
2026-09-06 10:55:30,2,2959,82.9,13.9,33.5
2026-09-06 10:55:31,108,2770,81.5,13.31,2.8
2026-09-06 10:55:32,35,2149,90.6,14.26,41.5
2026-09-06 10:55:33,14,2330,93.6,13.73,19.4
2026-09-06 10:55:34,57,2525,83.5,14.01,63.8
2026-09-06 10:55:35,54,2151,93.4,13.65,89.8
2026-09-06 10:55:36,41,1189,86.0,13.79,60.4
2026-09-06 10:55:37,51,3324,78.8,14.22,59.8
2026-09-06 10:55:38,92,1709,84.5,13.9,93.8
2026-09-06 10:55:39,104,2041,77.1,13.52,88.3
2026-09-06 10:55:40,73,1643,87.7,13.42,26.8
2026-09-06 10:55:41,82,1074,93.1,13.94,12.4
2026-09-06 10:55:42,11,1024,83.5,14.39,89.9
2026-09-06 10:55:43,84,2155,88.6,13.58,35.2
2026-09-06 10:55:44,22,3055,80.2,14.12,48.1
2026-09-06 10:55:45,20,1074,89.6,13.89,14.8
2026-09-06 10:55:46,109,3259,93.7,13.74,73.2
2026-09-06 10:55:47,16,1840,81.2,14.2,8.0
2026-09-06 10:55:48,42,2033,90.2,13.45,6.6
2026-09-06 10:55:49,70,1685,79.6,13.43,65.6
2026-09-06 10:55:50,47,2579,94.6,13.26,8.7
2026-09-06 10:55:51,55,1048,78.3,13.94,68.0
2026-09-06 10:55:52,36,1780,85.0,13.81,31.8
2026-09-06 10:55:53,115,1056,89.4,13.31,84.1
2026-09-06 10:55:54,98,1077,77.2,13.9,28.7
2026-09-06 10:55:55,71,1195,78.8,14.17,67.4
2026-09-06 10:55:56,113,3042,90.2,13.24,3.3
2026-09-06 10:55:57,47,1804,83.9,13.4,33.7
2026-09-06 10:55:58,109,1027,83.2,13.23,27.3
2026-09-06 10:55:59,45,3469,79.8,13.5,24.7
2026-09-06 10:56:00,2,1035,79.2,13.92,97.1
2026-09-06 10:56:01,52,1573,86.3,13.32,65.3
2026-09-06 10:56:02,53,909,87.7,13.99,65.4
2026-09-06 10:56:03,10,1021,82.3,14.22,96.5
2026-09-06 10:56:04,14,1507,81.8,14.33,63.4
2026-09-06 10:56:05,30,3334,76.1,14.12,88.1
2026-09-06 10:56:06,9,993,91.9,13.61,73.1
2026-09-06 10:56:07,29,1039,84.1,13.85,81.8
2026-09-06 10:56:08,92,1078,91.2,14.07,10.6
2026-09-06 10:56:09,60,3136,84.8,14.1,77.2
2026-09-06 10:56:10,12,2378,90.0,14.01,78.2
2026-09-06 10:56:11,84,1065,80.8,13.85,74.0
2026-09-06 10:56:12,72,2286,78.0,13.96,54.6
2026-09-06 10:56:13,112,1956,77.3,13.97,98.8
2026-09-06 10:56:14,35,1685,78.8,14.23,39.2
2026-09-06 10:56:15,32,3153,84.4,13.69,48.5
2026-09-06 10:56:16,1,3462,84.7,13.97,90.7
2026-09-06 10:56:17,115,3140,90.5,13.71,5.2
2026-09-06 10:56:18,101,3015,76.8,13.99,54.4
2026-09-06 10:56:19,43,3005,93.9,13.96,38.7
2026-09-06 10:56:20,13,2413,83.8,14.26,12.6
2026-09-06 10:56:21,55,2711,76.1,13.29,75.2
2026-09-06 10:56:22,6,2422,93.0,13.37,22.1
2026-09-06 10:56:23,22,3306,83.9,14.1,92.8
2026-09-06 10:56:24,118,1695,79.1,13.73,99.0
2026-09-06 10:56:25,119,2826,77.9,13.69,99.2
2026-09-06 10:56:26,86,3101,76.6,13.27,25.0
2026-09-06 10:56:27,0,2927,89.6,14.01,28.2
2026-09-06 10:56:28,87,3384,77.3,14.18,24.2
2026-09-06 10:56:29,38,1497,76.5,14.29,31.4
2026-09-06 10:56:30,98,1150,88.7,13.52,27.4
2026-09-06 10:56:31,69,3488,81.6,13.39,84.4
2026-09-06 10:56:32,46,1001,76.5,13.78,6.5
2026-09-06 10:56:33,108,1918,82.1,14.08,37.6
2026-09-06 10:56:34,39,860,76.2,13.5,69.6
2026-09-06 10:56:35,114,2370,77.0,13.33,60.6
2026-09-06 10:56:36,33,2784,94.3,13.67,15.0
2026-09-06 10:56:37,34,2185,88.1,13.94,5.6
2026-09-06 10:56:38,70,3044,88.1,14.38,47.6
2026-09-06 10:56:39,11,2665,93.4,13.75,94.3
2026-09-06 10:56:40,104,1580,88.0,13.6,21.1
2026-09-06 10:56:41,39,2210,83.7,14.05,98.5
2026-09-06 10:56:42,63,1306,79.8,13.22,61.6
2026-09-06 10:56:43,100,3354,78.3,13.26,71.0
2026-09-06 10:56:44,43,1106,75.0,13.48,26.0
2026-09-06 10:56:45,85,3001,82.6,13.41,8.8
2026-09-06 10:56:46,79,3236,83.7,13.21,43.4
2026-09-06 10:56:47,97,1961,76.8,13.69,19.7
2026-09-06 10:56:48,26,2608,78.6,14.22,2.8
2026-09-06 10:56:49,89,1017,81.7,14.13,42.7
2026-09-06 10:56:50,100,3239,83.6,13.76,8.1
2026-09-06 10:56:51,102,2729,79.7,13.9,28.3
2026-09-06 10:56:52,95,2040,90.2,14.24,54.9
2026-09-06 10:56:53,36,1484,88.3,13.96,53.7
2026-09-06 10:56:54,72,2308,80.3,13.43,23.8
2026-09-06 10:56:55,45,3497,91.0,14.06,69.2
2026-09-06 10:56:56,9,2629,89.5,13.79,65.9
2026-09-06 10:56:57,50,2625,81.9,13.71,51.9
2026-09-06 10:56:58,62,3175,86.8,14.33,57.4
2026-09-06 10:56:59,46,2909,93.0,13.39,60.3
2026-09-06 10:57:00,16,3243,75.3,14.0,58.1
2026-09-06 10:57:01,15,3184,82.2,14.15,47.2
2026-09-06 10:57:02,110,2473,87.6,13.99,17.2
2026-09-06 10:57:03,27,2873,76.2,14.35,58.9
2026-09-06 10:57:04,74,3044,91.9,14.16,99.1
2026-09-06 10:57:05,69,1806,84.7,13.52,44.0
2026-09-06 10:57:06,47,2225,90.6,13.8,9.9
2026-09-06 10:57:07,97,1530,84.2,13.88,67.7
2026-09-06 10:57:08,88,2085,91.5,14.27,1.2
2026-09-06 10:57:09,26,2153,82.1,14.11,61.9
2026-09-06 10:57:10,40,1353,94.3,13.32,96.8
2026-09-06 10:57:11,120,996,75.9,13.63,80.0
2026-09-06 10:57:12,2,3111,79.1,14.23,22.4
2026-09-06 10:57:13,72,1712,80.0,13.24,24.0
2026-09-06 10:57:14,92,3426,89.2,14.17,76.2
2026-09-06 10:57:15,16,2064,84.3,13.29,35.3
2026-09-06 10:57:16,77,3122,94.9,13.34,3.9
2026-09-06 10:57:17,27,1758,80.2,13.58,15.9
2026-09-06 10:57:18,0,2377,90.7,13.26,8.0
2026-09-06 10:57:19,39,2101,91.8,14.27,55.5
2026-09-06 10:57:20,2,1054,83.4,13.73,97.7
2026-09-06 10:57:21,101,1542,77.1,14.12,86.9
2026-09-06 10:57:22,117,800,86.9,13.43,35.7
2026-09-06 10:57:23,119,2977,93.7,13.53,42.9
2026-09-06 10:57:24,33,2840,92.3,14.36,74.2
2026-09-06 10:57:25,47,1537,79.0,14.03,20.5
2026-09-06 10:57:26,99,3003,90.0,13.84,38.2
2026-09-06 10:57:27,88,3472,79.1,13.92,48.2
2026-09-06 10:57:28,118,1727,75.1,13.51,81.2
2026-09-06 10:57:29,15,1535,80.3,14.01,15.7
2026-09-06 10:57:30,93,1274,86.5,13.28,49.2
2026-09-06 10:57:31,12,1116,77.4,14.26,68.4
2026-09-06 10:57:32,24,2425,77.5,13.31,11.1
2026-09-06 10:57:33,49,2387,77.9,13.66,41.5
2026-09-06 10:57:34,17,1146,80.2,14.39,42.6
2026-09-06 10:57:35,51,1572,89.6,13.65,61.7
2026-09-06 10:57:36,62,1363,86.0,14.05,12.8
2026-09-06 10:57:37,83,1953,82.9,13.82,96.9
2026-09-06 10:57:38,90,1215,87.9,13.63,79.6
2026-09-06 10:57:39,7,1998,88.2,13.33,14.1
2026-09-06 10:57:40,105,3472,75.1,13.23,69.9
2026-09-06 10:57:41,55,1869,89.9,13.36,46.2
2026-09-06 10:57:42,58,2926,88.7,13.89,27.4
2026-09-06 10:57:43,115,2101,83.7,13.62,28.1
2026-09-06 10:57:44,63,931,84.6,13.4,2.2
2026-09-06 10:57:45,79,3026,82.5,14.15,44.8
2026-09-06 10:57:46,48,2842,91.4,13.85,49.2
2026-09-06 10:57:47,73,2750,86.0,14.0,63.5
2026-09-06 10:57:48,64,1339,79.6,14.09,39.7
2026-09-06 10:57:49,68,2642,94.1,13.73,79.6
2026-09-06 10:57:50,62,1188,87.9,14.15,58.9
2026-09-06 10:57:51,61,2957,84.9,13.47,98.7
2026-09-06 10:57:52,62,2964,80.1,14.03,11.1
2026-09-06 10:57:53,1,2482,82.5,13.3,62.5
2026-09-06 10:57:54,39,3047,78.4,13.86,95.1
2026-09-06 10:57:55,15,2060,78.1,14.02,23.7
2026-09-06 10:57:56,37,3052,94.7,13.63,96.5
2026-09-06 10:57:57,19,3484,88.2,13.55,25.7
2026-09-06 10:57:58,63,2079,83.2,14.13,82.6
2026-09-06 10:57:59,75,1734,93.3,13.73,39.2
2026-09-06 10:58:00,113,2985,78.9,13.76,25.2
2026-09-06 10:58:01,8,1958,90.8,14.16,28.2
2026-09-06 10:58:02,56,1335,92.4,13.36,65.1
2026-09-06 10:58:03,43,1275,75.1,13.4,75.2
2026-09-06 10:58:04,69,2739,86.7,14.05,0.3
2026-09-06 10:58:05,74,2341,79.3,14.31,17.4
2026-09-06 10:58:06,45,3124,77.0,13.59,93.1
2026-09-06 10:58:07,12,2615,85.0,14.15,42.7
2026-09-06 10:58:08,14,1822,79.6,13.56,89.5
2026-09-06 10:58:09,33,862,91.4,14.38,1.6
2026-09-06 10:58:10,52,2568,82.3,13.24,29.5
2026-09-06 10:58:11,120,1858,84.1,14.03,62.5
2026-09-06 10:58:12,35,1372,91.0,13.89,44.5
2026-09-06 10:58:13,61,2406,92.0,13.56,47.5
2026-09-06 10:58:14,8,2269,78.4,13.54,88.6
2026-09-06 10:58:15,103,2772,85.9,13.68,89.9
2026-09-06 10:58:16,67,2680,81.0,13.32,31.1
2026-09-06 10:58:17,58,2185,90.3,14.23,60.9
2026-09-06 10:58:18,24,887,90.2,13.67,23.2
2026-09-06 10:58:19,36,2833,90.0,13.55,27.6
2026-09-06 10:58:20,12,2723,79.6,13.54,20.1
2026-09-06 10:58:21,76,2770,89.0,13.64,82.6
2026-09-06 10:58:22,17,1361,90.7,14.03,80.0
2026-09-06 10:58:23,108,1066,84.5,13.4,88.3
2026-09-06 10:58:24,3,3163,85.2,14.35,78.6
2026-09-06 10:58:25,46,1205,93.3,13.36,53.5
2026-09-06 10:58:26,111,1243,80.4,13.77,79.2
2026-09-06 10:58:27,48,3360,76.6,13.73,53.0
2026-09-06 10:58:28,51,2788,89.5,13.72,34.4
2026-09-06 10:58:29,119,3161,87.9,13.99,52.2
2026-09-06 10:58:30,57,2176,88.6,14.03,43.2
2026-09-06 10:58:31,31,1680,76.9,13.35,37.0
2026-09-06 10:58:32,114,2286,75.7,13.3,62.8
2026-09-06 10:58:33,61,1060,77.9,13.73,78.8
2026-09-06 10:58:34,19,1569,91.3,14.33,24.5
2026-09-06 10:58:35,19,1738,84.9,13.89,71.8
2026-09-06 10:58:36,8,3493,89.0,14.13,63.4
2026-09-06 10:58:37,118,2784,81.4,14.23,53.6
2026-09-06 10:58:38,26,2943,76.8,13.44,34.5
2026-09-06 10:58:39,65,2537,89.5,13.47,42.7
2026-09-06 10:58:40,31,1327,78.3,14.39,45.6
2026-09-06 10:58:41,17,2977,92.4,13.94,8.4
2026-09-06 10:58:42,80,846,77.6,13.74,87.4
2026-09-06 10:58:43,8,1417,81.5,14.16,62.3
2026-09-06 10:58:44,113,2245,78.3,13.48,53.3
2026-09-06 10:58:45,90,1148,86.4,13.98,48.4
2026-09-06 10:58:46,67,2615,77.4,13.69,3.0
2026-09-06 10:58:47,116,1961,81.8,13.7,97.9
2026-09-06 10:58:48,8,3088,91.7,14.31,41.9
2026-09-06 10:58:49,4,2544,92.6,13.75,54.0
2026-09-06 10:58:50,35,2854,86.4,13.87,70.0
2026-09-06 10:58:51,75,2388,81.9,13.7,71.5
2026-09-06 10:58:52,89,2813,89.1,14.34,40.4
2026-09-06 10:58:53,5,3009,84.6,14.31,20.4
2026-09-06 10:58:54,120,3278,88.6,13.54,44.9
2026-09-06 10:58:55,45,1084,86.6,13.25,11.5
2026-09-06 10:58:56,109,2179,89.4,14.32,52.4
2026-09-06 10:58:57,0,2735,90.7,13.97,33.5
2026-09-06 10:58:58,29,3367,77.5,14.28,90.2
2026-09-06 10:58:59,83,1426,79.7,13.97,23.0
2026-09-06 10:59:00,32,3341,86.3,14.14,89.4
2026-09-06 10:59:01,24,2687,78.2,14.27,8.9
2026-09-06 10:59:02,64,2797,76.4,13.43,9.7
2026-09-06 10:59:03,97,1868,79.5,13.77,50.5
2026-09-06 10:59:04,55,1185,81.6,13.93,16.4
2026-09-06 10:59:05,110,2303,90.0,14.21,79.9
2026-09-06 10:59:06,119,3018,91.7,13.3,91.3
2026-09-06 10:59:07,16,2239,84.2,13.81,79.8
2026-09-06 10:59:08,86,968,77.4,13.65,66.5
2026-09-06 10:59:09,63,1166,87.0,14.06,7.5
2026-09-06 10:59:10,16,1149,87.5,13.83,27.4
2026-09-06 10:59:11,32,3084,90.8,14.37,20.5
2026-09-06 10:59:12,119,2103,80.5,13.74,14.1
2026-09-06 10:59:13,23,1505,86.0,13.42,34.0
2026-09-06 10:59:14,75,3298,90.7,13.25,34.7
2026-09-06 10:59:15,93,3455,86.4,13.41,51.8
2026-09-06 10:59:16,12,1809,91.2,13.85,81.6
2026-09-06 10:59:17,102,1875,85.0,14.2,92.5
2026-09-06 10:59:18,82,3478,93.1,13.81,21.6
2026-09-06 10:59:19,1,2496,79.3,14.31,16.6
2026-09-06 10:59:20,96,1197,75.8,14.27,54.6
2026-09-06 10:59:21,47,1931,92.4,13.64,68.9
2026-09-06 10:59:22,59,1016,77.7,13.35,8.3
2026-09-06 10:59:23,102,2838,81.9,13.69,15.6
2026-09-06 10:59:24,68,2956,81.3,13.4,69.4
2026-09-06 10:59:25,77,810,86.9,13.39,95.0
2026-09-06 10:59:26,102,1920,76.2,14.1,61.4
2026-09-06 10:59:27,87,2205,80.9,14.18,55.3
2026-09-06 10:59:28,87,844,94.0,13.98,71.8
2026-09-06 10:59:29,48,1799,77.8,13.5,62.6
2026-09-06 10:59:30,108,1098,85.3,14.16,32.5
2026-09-06 10:59:31,46,3005,77.6,13.86,67.2
2026-09-06 10:59:32,113,1546,90.6,13.26,42.8
2026-09-06 10:59:33,93,2363,83.3,13.99,75.9
2026-09-06 10:59:34,77,2716,91.7,14.3,77.4
2026-09-06 10:59:35,65,1910,83.2,13.7,15.2
2026-09-06 10:59:36,103,807,77.9,14.39,82.3
2026-09-06 10:59:37,118,3114,75.1,14.08,43.3
2026-09-06 10:59:38,10,2859,77.7,13.32,82.4
2026-09-06 10:59:39,25,2873,78.3,14.33,20.3
2026-09-06 10:59:40,62,3070,84.1,14.01,97.9
2026-09-06 10:59:41,27,2499,86.9,13.82,15.8
2026-09-06 10:59:42,81,843,88.3,13.77,75.9
2026-09-06 10:59:43,104,1343,76.1,13.82,73.8
2026-09-06 10:59:44,66,936,92.5,13.83,83.7
2026-09-06 10:59:45,29,2704,87.9,14.05,11.4
2026-09-06 10:59:46,68,2428,94.3,13.22,84.1
2026-09-06 10:59:47,32,1509,77.5,14.27,37.2
2026-09-06 10:59:48,25,2250,83.8,13.45,84.6
2026-09-06 10:59:49,92,1982,76.0,13.71,26.6
2026-09-06 10:59:50,24,2248,75.2,14.12,90.9
2026-09-06 10:59:51,5,2340,77.4,13.44,52.1
2026-09-06 10:59:52,61,3473,89.6,13.55,80.1
2026-09-06 10:59:53,83,3145,91.1,14.06,58.7
2026-09-06 10:59:54,111,2905,90.1,13.73,67.1
2026-09-06 10:59:55,93,2948,91.0,14.11,0.8
2026-09-06 10:59:56,99,2983,76.5,14.14,3.8
2026-09-06 10:59:57,26,1528,92.7,13.94,61.2
2026-09-06 10:59:58,60,2112,78.5,13.34,91.6
2026-09-06 10:59:59,43,2943,79.1,13.69,48.8
2026-09-06 11:00:00,34,2227,77.9,14.2,86.0
2026-09-06 11:00:01,81,2982,90.8,13.34,18.2
2026-09-06 11:00:02,96,1729,86.8,13.52,52.9
2026-09-06 11:00:03,48,2443,85.7,14.22,79.5
2026-09-06 11:00:04,37,2614,88.0,13.61,6.1
2026-09-06 11:00:05,68,3137,79.0,14.12,98.4
2026-09-06 11:00:06,38,2820,92.5,13.92,41.1
2026-09-06 11:00:07,69,3078,85.3,14.06,54.9
2026-09-06 11:00:08,97,3404,93.0,13.69,0.0
2026-09-06 11:00:09,33,874,83.4,13.66,4.4
2026-09-06 11:00:10,6,1410,77.4,13.57,75.0
2026-09-06 11:00:11,57,1345,81.2,14.25,11.2
2026-09-06 11:00:12,61,3329,86.7,13.72,94.7
2026-09-06 11:00:13,111,1912,84.0,13.51,10.9
2026-09-06 11:00:14,46,2522,78.7,13.59,24.2
2026-09-06 11:00:15,20,947,81.1,13.41,90.1
2026-09-06 11:00:16,83,1781,89.6,13.32,59.2
2026-09-06 11:00:17,104,2135,90.2,13.27,33.4
2026-09-06 11:00:18,87,1412,92.9,13.93,22.4
2026-09-06 11:00:19,94,3086,85.1,13.84,71.5
2026-09-06 11:00:20,2,3091,89.7,14.08,3.8
2026-09-06 11:00:21,96,1418,94.3,13.23,49.7
2026-09-06 11:00:22,29,2518,76.7,13.76,24.6
2026-09-06 11:00:23,98,959,77.2,14.04,73.0
2026-09-06 11:00:24,55,1184,85.2,14.1,48.7
2026-09-06 11:00:25,58,2199,83.6,13.47,28.9
2026-09-06 11:00:26,102,2026,82.4,14.3,54.0
2026-09-06 11:00:27,14,1614,83.8,13.49,55.4
2026-09-06 11:00:28,83,2903,86.6,13.28,8.9
2026-09-06 11:00:29,63,1908,87.4,13.83,20.5
2026-09-06 11:00:30,75,3273,75.4,14.35,72.7
2026-09-06 11:00:31,81,2877,79.5,14.21,25.4
2026-09-06 11:00:32,64,2954,80.0,13.49,20.0
2026-09-06 11:00:33,37,2934,79.8,14.04,85.8
2026-09-06 11:00:34,100,1769,76.2,13.75,51.7
2026-09-06 11:00:35,107,1326,90.1,13.81,77.6
2026-09-06 11:00:36,104,868,84.7,13.54,44.3
2026-09-06 11:00:37,8,1998,94.6,13.69,81.9
2026-09-06 11:00:38,24,2038,94.6,13.41,65.0
2026-09-06 11:00:39,99,1949,91.0,13.53,13.4
2026-09-06 11:00:40,28,2467,79.1,13.33,59.2
2026-09-06 11:00:41,54,2262,89.5,13.25,21.2
2026-09-06 11:00:42,12,1596,85.3,14.19,92.1
2026-09-06 11:00:43,35,1259,92.8,13.34,47.7
2026-09-06 11:00:44,3,1355,75.5,13.79,49.7
2026-09-06 11:00:45,39,1952,82.9,14.26,60.5
2026-09-06 11:00:46,34,1637,81.3,13.94,10.6
2026-09-06 11:00:47,50,1500,93.4,13.58,11.5
2026-09-06 11:00:48,53,1564,87.3,14.16,43.9
2026-09-06 11:00:49,43,816,94.5,14.2,43.3
2026-09-06 11:00:50,106,2293,83.6,13.95,89.6
2026-09-06 11:00:51,8,1360,83.4,14.0,78.2
2026-09-06 11:00:52,10,2842,83.1,14.06,98.3
2026-09-06 11:00:53,1,2829,83.0,14.28,64.5
2026-09-06 11:00:54,36,1887,89.9,14.16,81.5
2026-09-06 11:00:55,29,2935,83.8,13.48,49.5
2026-09-06 11:00:56,86,2119,87.8,14.18,69.7
2026-09-06 11:00:57,42,2854,76.8,14.33,96.2
2026-09-06 11:00:58,67,3175,84.8,13.78,11.4
2026-09-06 11:00:59,118,1019,94.8,14.1,76.3
2026-09-06 11:01:00,44,930,88.1,14.34,7.3
2026-09-06 11:01:01,51,2729,75.9,14.12,64.9
2026-09-06 11:01:02,79,1878,82.9,13.55,13.6
2026-09-06 11:01:03,102,3056,75.4,13.55,86.3
2026-09-06 11:01:04,62,1039,84.8,13.33,87.3
2026-09-06 11:01:05,49,2166,77.8,13.75,33.6
2026-09-06 11:01:06,6,2118,89.6,14.09,20.7
2026-09-06 11:01:07,39,3454,89.2,14.15,92.6
2026-09-06 11:01:08,22,3118,94.0,14.33,75.9
2026-09-06 11:01:09,92,3261,79.3,14.28,75.7
2026-09-06 11:01:10,15,2030,79.4,14.27,18.0
2026-09-06 11:01:11,96,1548,84.2,13.3,98.9
2026-09-06 11:01:12,0,3356,79.9,13.25,90.5
2026-09-06 11:01:13,26,2740,75.4,13.91,47.4
2026-09-06 11:01:14,11,2042,84.8,13.32,1.9
2026-09-06 11:01:15,86,2591,89.3,14.23,11.7
2026-09-06 11:01:16,97,1525,78.3,14.05,73.2
2026-09-06 11:01:17,45,2846,88.5,14.06,64.0
2026-09-06 11:01:18,72,1460,77.1,14.15,92.3
2026-09-06 11:01:19,76,1284,82.2,14.0,68.6
2026-09-06 11:01:20,85,1737,89.4,13.85,61.7
2026-09-06 11:01:21,105,1739,80.8,13.75,16.3
2026-09-06 11:01:22,118,1656,85.5,13.31,97.4
2026-09-06 11:01:23,110,3237,92.7,13.45,6.7
2026-09-06 11:01:24,36,3373,78.4,13.77,82.9
2026-09-06 11:01:25,11,2248,83.7,14.4,14.6
2026-09-06 11:01:26,23,3310,91.8,13.81,59.8
2026-09-06 11:01:27,51,1926,76.1,13.69,5.4
2026-09-06 11:01:28,1,2249,83.4,13.74,92.9
2026-09-06 11:01:29,89,1889,88.3,13.87,18.0
2026-09-06 11:01:30,81,2726,91.7,14.22,82.6
2026-09-06 11:01:31,59,1032,93.6,13.54,74.7
2026-09-06 11:01:32,90,2927,94.5,13.67,23.9
2026-09-06 11:01:33,120,3062,93.5,14.3,92.3
2026-09-06 11:01:34,35,1396,81.3,14.28,36.1
2026-09-06 11:01:35,43,1465,78.1,13.8,77.4
2026-09-06 11:01:36,50,1360,92.1,14.25,66.5
2026-09-06 11:01:37,1,2299,77.9,13.41,86.8
2026-09-06 11:01:38,23,2071,91.5,13.62,56.3
2026-09-06 11:01:39,78,2082,75.6,13.95,33.9
2026-09-06 11:01:40,37,1737,80.8,14.34,63.0
2026-09-06 11:01:41,57,3320,78.7,13.74,28.2
2026-09-06 11:01:42,17,1822,82.0,13.43,49.9
2026-09-06 11:01:43,61,3164,78.4,14.13,39.6
2026-09-06 11:01:44,46,2244,77.1,13.93,49.2
2026-09-06 11:01:45,18,2160,89.5,13.67,60.4
2026-09-06 11:01:46,66,2552,94.5,13.84,31.6
2026-09-06 11:01:47,98,1214,92.2,13.52,81.3
2026-09-06 11:01:48,54,2062,93.7,13.24,56.5
2026-09-06 11:01:49,5,1602,88.3,14.07,4.7
2026-09-06 11:01:50,21,2261,94.6,13.67,34.7
2026-09-06 11:01:51,39,3262,88.3,14.31,95.8
2026-09-06 11:01:52,14,1630,80.3,13.7,79.4
2026-09-06 11:01:53,104,1049,78.4,13.8,76.2
2026-09-06 11:01:54,112,1146,82.1,14.25,53.6
2026-09-06 11:01:55,32,2266,86.2,14.22,57.3
2026-09-06 11:01:56,48,1089,94.2,14.2,23.5
2026-09-06 11:01:57,18,1053,84.3,14.07,45.4
2026-09-06 11:01:58,98,2987,80.3,14.07,93.8
2026-09-06 11:01:59,24,3278,80.6,14.01,43.0
2026-09-06 11:02:00,17,2176,78.8,13.35,65.9
2026-09-06 11:02:01,36,3165,92.3,13.66,26.8
2026-09-06 11:02:02,38,3472,87.6,14.12,14.9
2026-09-06 11:02:03,20,868,88.4,13.25,61.0
2026-09-06 11:02:04,106,2888,83.7,14.31,14.3
2026-09-06 11:02:05,1,2925,80.0,13.82,20.0
2026-09-06 11:02:06,84,1236,93.4,13.57,67.1
2026-09-06 11:02:07,59,863,80.8,14.08,76.9
2026-09-06 11:02:08,16,1607,90.2,13.46,13.0
2026-09-06 11:02:09,50,1555,94.6,14.37,98.0
2026-09-06 11:02:10,34,2179,94.6,14.28,96.1
2026-09-06 11:02:11,7,2396,83.5,13.31,67.0
2026-09-06 11:02:12,109,1844,90.5,13.48,12.5
2026-09-06 11:02:13,10,2889,79.0,14.15,87.5
2026-09-06 11:02:14,13,2520,92.2,13.24,52.2
2026-09-06 11:02:15,13,1062,90.5,14.3,62.7
2026-09-06 11:02:16,47,2226,81.0,13.62,24.0
2026-09-06 11:02:17,42,2421,87.9,13.61,64.3
2026-09-06 11:02:18,89,1676,79.7,14.07,67.7
2026-09-06 11:02:19,101,828,92.7,13.23,63.6
2026-09-06 11:02:20,58,2126,83.0,14.34,65.7
2026-09-06 11:02:21,103,2697,89.2,14.25,42.3
2026-09-06 11:02:22,29,2836,84.0,13.6,30.5
2026-09-06 11:02:23,95,808,91.1,13.98,18.1
2026-09-06 11:02:24,19,1222,87.8,13.74,15.3
2026-09-06 11:02:25,115,2483,85.2,13.84,34.9
2026-09-06 11:02:26,49,2975,94.4,13.83,30.6
2026-09-06 11:02:27,113,2143,84.6,14.25,69.6
2026-09-06 11:02:28,72,1784,83.0,14.39,13.6
2026-09-06 11:02:29,11,1780,88.0,13.78,45.1
2026-09-06 11:02:30,11,3196,88.7,13.24,23.5
2026-09-06 11:02:31,33,1273,80.1,13.93,58.4
2026-09-06 11:02:32,36,2720,89.2,13.27,20.2
2026-09-06 11:02:33,83,1156,81.5,13.68,53.9
2026-09-06 11:02:34,80,3479,91.3,13.8,72.2
2026-09-06 11:02:35,33,2950,91.1,13.44,47.0
2026-09-06 11:02:36,102,1646,81.1,13.27,98.6
2026-09-06 11:02:37,93,1459,78.6,13.41,32.0
2026-09-06 11:02:38,105,3254,94.0,13.41,74.5
2026-09-06 11:02:39,13,3261,80.9,14.33,92.7
2026-09-06 11:02:40,78,2028,89.4,14.23,50.6
2026-09-06 11:02:41,35,1751,83.9,14.31,49.1
2026-09-06 11:02:42,17,2402,75.6,13.47,55.3
2026-09-06 11:02:43,34,1831,86.9,13.83,10.5
2026-09-06 11:02:44,4,1915,80.2,13.78,3.8
2026-09-06 11:02:45,62,3243,90.7,13.25,50.0
2026-09-06 11:02:46,21,2660,89.2,13.34,66.0
2026-09-06 11:02:47,99,3151,90.7,13.88,68.0
2026-09-06 11:02:48,111,861,86.4,13.35,77.8
2026-09-06 11:02:49,34,1271,77.9,13.62,37.3
2026-09-06 11:02:50,4,2475,76.9,14.35,63.6
2026-09-06 11:02:51,64,2455,82.0,14.09,55.4
2026-09-06 11:02:52,48,2725,83.7,13.97,85.1
2026-09-06 11:02:53,21,1383,84.9,14.26,36.1
2026-09-06 11:02:54,49,1526,85.9,13.81,51.0
2026-09-06 11:02:55,45,1983,77.2,13.99,39.0
2026-09-06 11:02:56,117,2621,90.3,13.31,38.9
2026-09-06 11:02:57,65,1772,79.3,14.13,19.3
2026-09-06 11:02:58,14,1800,76.1,14.15,81.6
2026-09-06 11:02:59,110,3255,93.5,13.45,48.0
2026-09-06 11:03:00,67,2370,78.7,13.52,29.2
2026-09-06 11:03:01,65,805,77.9,14.33,33.7
2026-09-06 11:03:02,52,2613,86.7,13.21,59.8
2026-09-06 11:03:03,23,1866,86.1,13.26,74.3
2026-09-06 11:03:04,81,1381,85.3,14.31,54.1
2026-09-06 11:03:05,78,1985,87.9,13.22,23.2
2026-09-06 11:03:06,100,2904,90.4,13.5,33.0
2026-09-06 11:03:07,14,2922,87.4,13.37,74.5
2026-09-06 11:03:08,87,2123,92.8,14.31,47.3
2026-09-06 11:03:09,99,2943,79.7,14.22,25.8
2026-09-06 11:03:10,92,1263,93.7,14.31,20.3
2026-09-06 11:03:11,25,3296,81.2,13.41,65.3
2026-09-06 11:03:12,0,3186,91.2,14.23,18.3
2026-09-06 11:03:13,14,2658,77.5,13.92,58.3
2026-09-06 11:03:14,84,2056,80.8,14.14,10.1
2026-09-06 11:03:15,17,948,87.3,13.4,32.9
2026-09-06 11:03:16,26,2507,77.3,13.61,39.7
2026-09-06 11:03:17,15,1464,87.3,13.71,84.7
2026-09-06 11:03:18,19,1280,93.6,13.43,66.8
2026-09-06 11:03:19,102,2970,89.4,14.15,18.5
2026-09-06 11:03:20,7,3497,88.7,14.39,56.6
2026-09-06 11:03:21,116,1407,91.2,13.46,58.9
2026-09-06 11:03:22,51,2885,83.9,13.49,68.3
2026-09-06 11:03:23,58,848,77.6,14.25,80.0
2026-09-06 11:03:24,107,2257,91.1,13.24,91.9
2026-09-06 11:03:25,4,3311,84.5,13.22,90.8
2026-09-06 11:03:26,50,3113,94.3,13.38,71.6
2026-09-06 11:03:27,88,1862,85.4,13.8,23.6
2026-09-06 11:03:28,14,1770,80.1,13.21,41.1
2026-09-06 11:03:29,96,3126,86.1,13.93,83.1
2026-09-06 11:03:30,19,2481,82.8,14.01,96.9
2026-09-06 11:03:31,1,1147,79.6,13.75,20.6
2026-09-06 11:03:32,114,2018,76.3,13.39,68.5
2026-09-06 11:03:33,27,3249,81.6,14.08,56.6
2026-09-06 11:03:34,108,2374,84.7,14.14,27.9
2026-09-06 11:03:35,43,2113,90.4,13.29,35.8
2026-09-06 11:03:36,32,2415,75.6,14.0,4.0
2026-09-06 11:03:37,75,2420,86.4,14.28,93.2
2026-09-06 11:03:38,104,2227,91.9,13.67,21.6
2026-09-06 11:03:39,70,2079,84.7,14.17,16.9
2026-09-06 11:03:40,21,3005,91.0,13.39,63.5
2026-09-06 11:03:41,117,1192,78.7,13.57,87.5
2026-09-06 11:03:42,2,1487,77.6,13.72,55.4
2026-09-06 11:03:43,69,2611,87.6,14.33,54.5
2026-09-06 11:03:44,49,2021,77.0,14.38,1.9
2026-09-06 11:03:45,76,3456,87.2,13.41,25.6
2026-09-06 11:03:46,96,2454,80.1,14.08,18.6
2026-09-06 11:03:47,113,3015,86.3,14.21,59.7
2026-09-06 11:03:48,57,1478,77.7,13.26,6.5
2026-09-06 11:03:49,60,2526,79.4,14.38,12.6
2026-09-06 11:03:50,22,1518,75.3,13.75,44.5
2026-09-06 11:03:51,71,1121,92.6,13.88,10.8
2026-09-06 11:03:52,111,2564,85.4,13.94,15.4
2026-09-06 11:03:53,104,3301,88.4,14.36,63.5
2026-09-06 11:03:54,97,2874,86.6,13.57,69.6
2026-09-06 11:03:55,25,3448,95.0,13.53,54.4
2026-09-06 11:03:56,111,1329,84.4,13.45,95.5
2026-09-06 11:03:57,102,2371,78.3,13.57,94.0
2026-09-06 11:03:58,92,1824,81.1,13.24,27.1
2026-09-06 11:03:59,12,888,87.9,13.28,84.2
2026-09-06 11:04:00,41,1325,82.5,14.14,32.1
2026-09-06 11:04:01,63,1200,86.1,13.91,13.9
2026-09-06 11:04:02,101,1035,91.4,13.58,82.0
2026-09-06 11:04:03,92,2736,87.8,13.34,80.8
2026-09-06 11:04:04,58,967,91.8,14.28,13.1
2026-09-06 11:04:05,108,1854,79.8,13.7,41.9
2026-09-06 11:04:06,90,3480,93.3,14.23,26.9
2026-09-06 11:04:07,82,893,81.1,14.16,93.8
2026-09-06 11:04:08,27,985,78.1,13.71,10.7
2026-09-06 11:04:09,110,3142,80.9,13.78,45.9
2026-09-06 11:04:10,105,1954,86.3,13.2,75.5
2026-09-06 11:04:11,120,3476,89.7,14.08,47.9
2026-09-06 11:04:12,102,1020,91.0,13.9,93.3
2026-09-06 11:04:13,17,2080,79.4,13.94,5.7
2026-09-06 11:04:14,25,2564,76.7,13.52,98.4
2026-09-06 11:04:15,3,1324,92.7,13.97,38.2
2026-09-06 11:04:16,106,2569,88.4,13.8,69.5
2026-09-06 11:04:17,4,2601,82.4,14.2,42.3
2026-09-06 11:04:18,117,2406,87.6,14.39,24.0
2026-09-06 11:04:19,44,921,76.8,13.42,94.8
2026-09-06 11:04:20,81,3141,89.1,13.83,1.5
2026-09-06 11:04:21,22,2245,75.6,13.3,78.4
2026-09-06 11:04:22,68,2427,83.1,14.18,65.2
2026-09-06 11:04:23,111,3164,80.0,14.39,46.1
2026-09-06 11:04:24,91,1896,92.6,13.89,86.7
2026-09-06 11:04:25,72,2522,81.0,14.15,4.8
2026-09-06 11:04:26,14,2143,86.2,13.63,0.4
2026-09-06 11:04:27,45,2810,94.8,13.79,67.2
2026-09-06 11:04:28,5,2877,80.5,14.2,12.5
2026-09-06 11:04:29,101,3376,94.6,13.84,64.2
2026-09-06 11:04:30,30,2324,92.6,13.39,41.2
2026-09-06 11:04:31,107,2021,75.7,14.04,5.3
2026-09-06 11:04:32,117,982,93.1,13.4,17.4
2026-09-06 11:04:33,31,1096,76.9,13.91,87.6
2026-09-06 11:04:34,108,3087,88.7,14.35,94.1
2026-09-06 11:04:35,14,2671,87.1,13.46,0.9
2026-09-06 11:04:36,20,1994,87.3,14.03,34.2
2026-09-06 11:04:37,73,1413,93.5,13.83,99.2
2026-09-06 11:04:38,111,2486,75.9,13.34,89.1
2026-09-06 11:04:39,111,864,87.9,13.49,91.7
2026-09-06 11:04:40,64,2186,91.7,13.47,11.2
2026-09-06 11:04:41,27,3010,85.6,13.53,6.2
2026-09-06 11:04:42,22,3486,75.5,14.13,52.4
2026-09-06 11:04:43,98,2732,76.4,13.58,62.3
2026-09-06 11:04:44,40,1889,78.0,13.32,89.5
2026-09-06 11:04:45,94,1878,87.4,14.24,43.8
2026-09-06 11:04:46,80,2530,79.8,13.66,68.3
2026-09-06 11:04:47,51,1298,76.6,13.65,9.6
2026-09-06 11:04:48,98,1269,93.8,13.79,40.9
2026-09-06 11:04:49,72,2949,88.4,14.3,61.8
2026-09-06 11:04:50,33,2360,78.5,14.12,25.9
2026-09-06 11:04:51,95,1119,79.5,13.76,96.4
2026-09-06 11:04:52,101,1022,90.8,14.35,82.9
2026-09-06 11:04:53,116,2997,80.4,14.31,31.0
2026-09-06 11:04:54,8,2215,94.4,13.44,0.5
2026-09-06 11:04:55,19,1124,78.4,13.59,26.3
2026-09-06 11:04:56,7,2351,93.1,13.21,85.2
2026-09-06 11:04:57,65,1207,89.5,14.26,22.6
2026-09-06 11:04:58,1,1872,91.7,13.47,88.7
2026-09-06 11:04:59,98,2067,91.6,13.91,32.7
2026-09-06 11:05:00,96,1057,75.1,13.3,3.2
2026-09-06 11:05:01,81,3093,81.2,14.16,80.1
2026-09-06 11:05:02,84,2747,82.4,14.0,54.5
2026-09-06 11:05:03,26,1146,83.0,13.88,77.5
2026-09-06 11:05:04,22,1548,79.6,14.27,59.7
2026-09-06 11:05:05,75,1105,81.6,13.35,63.8
2026-09-06 11:05:06,80,3355,84.9,13.22,4.7
2026-09-06 11:05:07,58,3112,93.1,13.75,37.2
2026-09-06 11:05:08,93,2751,82.0,13.91,73.2
2026-09-06 11:05:09,13,1296,75.7,13.21,94.5
2026-09-06 11:05:10,111,1803,89.5,13.37,43.1
2026-09-06 11:05:11,0,873,87.6,13.84,70.1
2026-09-06 11:05:12,70,2876,88.3,14.07,56.0
2026-09-06 11:05:13,10,2486,86.5,13.56,10.0
2026-09-06 11:05:14,118,3052,90.4,13.32,50.9
2026-09-06 11:05:15,100,2876,90.5,13.27,40.6
2026-09-06 11:05:16,63,1211,80.0,14.34,51.1
2026-09-06 11:05:17,85,2680,82.4,14.2,15.0
2026-09-06 11:05:18,68,1904,80.6,13.33,72.1
2026-09-06 11:05:19,33,2429,79.0,13.76,91.3
2026-09-06 11:05:20,111,2378,86.7,14.39,6.0
2026-09-06 11:05:21,17,2479,79.9,14.28,26.2
2026-09-06 11:05:22,93,912,93.3,13.36,57.9
2026-09-06 11:05:23,97,2261,87.6,13.62,47.5
2026-09-06 11:05:24,86,2910,78.3,13.73,75.3
2026-09-06 11:05:25,38,2575,93.6,13.91,90.1
2026-09-06 11:05:26,9,2793,83.6,14.35,51.1
2026-09-06 11:05:27,114,2825,80.2,13.69,0.5
2026-09-06 11:05:28,69,1769,77.5,13.66,10.5
2026-09-06 11:05:29,81,877,86.9,14.14,11.6
2026-09-06 11:05:30,60,2595,82.4,13.68,89.8
2026-09-06 11:05:31,37,3464,76.9,14.36,91.4
2026-09-06 11:05:32,33,3457,86.4,13.44,60.8
2026-09-06 11:05:33,72,2044,94.3,13.83,81.4
2026-09-06 11:05:34,7,1776,89.8,13.43,60.8
2026-09-06 11:05:35,67,1252,78.9,14.05,73.7
2026-09-06 11:05:36,16,2243,76.6,13.73,7.6
2026-09-06 11:05:37,120,3185,76.1,13.81,67.1
2026-09-06 11:05:38,117,1263,93.0,13.58,35.3
2026-09-06 11:05:39,86,1207,82.3,14.18,22.6
2026-09-06 11:05:40,66,3209,76.0,14.14,36.9
2026-09-06 11:05:41,28,2939,90.7,13.29,70.0
2026-09-06 11:05:42,17,1839,76.0,13.95,52.4
2026-09-06 11:05:43,49,1292,82.3,13.27,84.5
2026-09-06 11:05:44,41,3092,91.6,14.06,74.0
2026-09-06 11:05:45,27,3374,78.7,14.27,20.7
2026-09-06 11:05:46,108,2566,88.7,13.45,30.4
2026-09-06 11:05:47,118,1349,84.1,13.95,73.5
2026-09-06 11:05:48,7,2542,76.8,14.24,65.0
2026-09-06 11:05:49,103,938,90.5,13.66,84.3
2026-09-06 11:05:50,5,3053,84.5,13.69,66.8
2026-09-06 11:05:51,78,2425,85.7,14.01,71.8
2026-09-06 11:05:52,115,3206,91.1,13.71,28.6
2026-09-06 11:05:53,84,3305,94.5,14.04,30.2
2026-09-06 11:05:54,60,1255,83.4,13.64,37.6
2026-09-06 11:05:55,7,1489,85.6,14.07,25.0
2026-09-06 11:05:56,67,1428,88.7,13.49,65.7
2026-09-06 11:05:57,97,1070,81.3,14.14,58.7
2026-09-06 11:05:58,1,2953,82.3,14.05,58.2
2026-09-06 11:05:59,24,2368,78.1,13.49,84.1
2026-09-06 11:06:00,115,2004,81.3,14.26,36.6
2026-09-06 11:06:01,117,1664,78.5,14.0,72.7
2026-09-06 11:06:02,94,1237,85.8,13.64,78.4
2026-09-06 11:06:03,66,1066,90.1,13.8,80.4
2026-09-06 11:06:04,53,3369,94.6,13.52,48.6
2026-09-06 11:06:05,95,3446,75.6,14.29,47.0
2026-09-06 11:06:06,4,2415,76.2,13.67,35.0
2026-09-06 11:06:07,68,2726,76.5,13.35,53.6
2026-09-06 11:06:08,58,2419,86.6,13.52,91.3
2026-09-06 11:06:09,38,3418,76.5,14.35,91.3
2026-09-06 11:06:10,13,1505,86.7,13.55,72.8
2026-09-06 11:06:11,34,2040,79.9,13.25,61.6
2026-09-06 11:06:12,90,2506,76.6,13.38,30.2
2026-09-06 11:06:13,91,1060,92.7,13.28,18.8
2026-09-06 11:06:14,47,1452,88.1,13.24,60.6
2026-09-06 11:06:15,115,843,75.2,13.23,65.1
2026-09-06 11:06:16,96,1858,86.0,14.31,61.2
2026-09-06 11:06:17,54,3432,92.3,14.23,57.7
2026-09-06 11:06:18,6,1355,86.7,13.55,24.2
2026-09-06 11:06:19,45,1945,82.9,13.31,50.5
2026-09-06 11:06:20,51,1453,93.9,14.03,13.1
2026-09-06 11:06:21,3,2206,92.2,14.09,70.6
2026-09-06 11:06:22,37,2113,76.1,13.4,4.3
2026-09-06 11:06:23,105,3025,90.0,13.42,36.2
2026-09-06 11:06:24,86,2876,91.5,13.84,65.3
2026-09-06 11:06:25,51,2566,81.1,14.0,95.3
2026-09-06 11:06:26,108,1148,94.6,13.22,87.2
2026-09-06 11:06:27,91,933,75.4,14.06,60.8
2026-09-06 11:06:28,39,3226,80.1,13.92,13.8
2026-09-06 11:06:29,66,2070,90.8,14.11,25.6
2026-09-06 11:06:30,115,1167,87.7,13.87,86.6
2026-09-06 11:06:31,31,1845,80.1,14.08,50.8
2026-09-06 11:06:32,9,1132,89.7,13.31,91.8
2026-09-06 11:06:33,7,1482,90.3,13.95,55.4
2026-09-06 11:06:34,9,977,82.5,13.58,2.2
2026-09-06 11:06:35,98,2379,79.2,13.9,65.1
2026-09-06 11:06:36,78,1134,90.2,13.58,62.9
2026-09-06 11:06:37,84,2827,89.1,13.31,14.3
2026-09-06 11:06:38,25,1805,90.4,13.34,88.8
2026-09-06 11:06:39,30,1267,84.3,14.39,10.3
2026-09-06 11:06:40,50,1383,94.6,14.05,70.5
2026-09-06 11:06:41,113,1351,91.8,13.48,75.4
2026-09-06 11:06:42,4,2169,88.8,13.27,64.6
2026-09-06 11:06:43,70,1424,89.8,13.29,91.4
2026-09-06 11:06:44,18,2128,90.7,14.03,13.9
2026-09-06 11:06:45,96,2052,92.6,13.55,37.8
2026-09-06 11:06:46,117,1785,84.3,13.65,94.2
2026-09-06 11:06:47,93,2187,84.1,13.26,73.0
2026-09-06 11:06:48,42,2548,87.7,13.51,54.4
2026-09-06 11:06:49,50,1542,90.5,13.82,27.9
2026-09-06 11:06:50,90,952,85.5,13.77,36.7
2026-09-06 11:06:51,23,2035,78.5,13.62,77.9
2026-09-06 11:06:52,0,3001,87.7,13.88,35.3
2026-09-06 11:06:53,83,2447,89.1,13.38,82.8
2026-09-06 11:06:54,101,3180,89.1,14.14,80.0
2026-09-06 11:06:55,44,1799,92.6,13.79,14.0
2026-09-06 11:06:56,66,3105,79.0,13.35,22.0
2026-09-06 11:06:57,52,2173,84.7,14.21,6.7
2026-09-06 11:06:58,117,1930,93.7,13.56,65.5
2026-09-06 11:06:59,61,1684,79.7,13.28,77.4
2026-09-06 11:07:00,64,1263,87.7,13.43,88.4
2026-09-06 11:07:01,29,3206,92.0,13.48,26.7
2026-09-06 11:07:02,70,1319,90.2,13.61,25.2
2026-09-06 11:07:03,10,1853,92.8,13.83,1.5
2026-09-06 11:07:04,120,1039,76.4,14.12,45.7
2026-09-06 11:07:05,21,3086,89.6,13.97,91.3
2026-09-06 11:07:06,88,849,79.5,13.95,85.3
2026-09-06 11:07:07,23,2684,94.8,13.9,83.3
2026-09-06 11:07:08,63,1131,86.8,13.25,43.0
2026-09-06 11:07:09,48,2119,81.0,13.3,35.8
2026-09-06 11:07:10,10,1409,75.3,13.24,3.6
2026-09-06 11:07:11,59,3200,77.8,14.13,18.6
2026-09-06 11:07:12,110,3457,90.4,13.92,50.3
2026-09-06 11:07:13,119,3438,75.3,14.11,31.0
2026-09-06 11:07:14,15,1839,85.9,13.94,50.7
2026-09-06 11:07:15,119,3307,79.1,13.59,43.4
2026-09-06 11:07:16,91,1125,94.0,13.58,66.1
2026-09-06 11:07:17,17,2097,82.6,13.3,3.3
2026-09-06 11:07:18,53,1577,76.5,13.46,15.2
2026-09-06 11:07:19,62,2637,84.7,13.67,15.8
2026-09-06 11:07:20,80,1210,78.2,13.66,90.6
2026-09-06 11:07:21,7,1300,90.7,13.25,15.4
2026-09-06 11:07:22,64,1214,87.4,13.89,57.5
2026-09-06 11:07:23,58,1189,92.3,14.17,49.8
2026-09-06 11:07:24,14,3133,77.3,13.35,82.6
2026-09-06 11:07:25,62,1400,78.2,13.67,31.2
2026-09-06 11:07:26,99,3298,90.9,13.32,60.0
2026-09-06 11:07:27,85,1895,78.1,14.22,4.9
2026-09-06 11:07:28,10,3312,86.3,13.68,50.3
2026-09-06 11:07:29,4,3233,77.3,13.88,28.5
2026-09-06 11:07:30,70,3194,83.7,13.59,90.9
2026-09-06 11:07:31,14,2526,84.4,14.06,35.2
2026-09-06 11:07:32,24,3131,94.5,13.72,49.7
2026-09-06 11:07:33,68,2856,83.3,14.02,61.0
2026-09-06 11:07:34,70,1438,85.1,13.79,60.5
2026-09-06 11:07:35,57,2067,93.7,13.29,59.7
2026-09-06 11:07:36,93,1415,87.3,14.14,67.7
2026-09-06 11:07:37,40,1556,89.9,13.8,54.8
2026-09-06 11:07:38,64,3468,76.1,13.44,49.7
2026-09-06 11:07:39,49,2985,79.0,14.21,12.2
2026-09-06 11:07:40,2,1362,80.4,13.25,58.7
2026-09-06 11:07:41,91,1605,81.6,14.35,13.0
2026-09-06 11:07:42,29,3282,80.6,14.25,43.8
2026-09-06 11:07:43,66,1537,77.8,13.3,42.8
2026-09-06 11:07:44,105,1718,84.5,13.22,4.3
2026-09-06 11:07:45,35,2435,80.6,14.13,14.7
2026-09-06 11:07:46,60,2982,89.7,14.18,16.5
2026-09-06 11:07:47,56,2326,79.0,13.73,92.6
2026-09-06 11:07:48,6,2396,82.8,14.08,83.0
2026-09-06 11:07:49,89,2761,90.6,13.58,74.3
2026-09-06 11:07:50,2,1306,75.3,14.05,15.6
2026-09-06 11:07:51,104,1487,94.4,13.77,21.0
2026-09-06 11:07:52,118,1206,89.3,13.21,20.8
2026-09-06 11:07:53,98,1194,75.8,14.11,72.3
2026-09-06 11:07:54,98,2649,77.5,13.3,21.9
2026-09-06 11:07:55,75,1256,79.0,14.39,20.1
2026-09-06 11:07:56,19,2390,81.0,14.28,79.2
2026-09-06 11:07:57,90,1748,85.9,14.15,68.7
2026-09-06 11:07:58,35,2582,83.7,13.37,53.4
2026-09-06 11:07:59,91,1029,91.7,14.08,57.3
2026-09-06 11:08:00,31,952,77.2,13.73,89.0
2026-09-06 11:08:01,6,2185,84.9,14.16,94.7
2026-09-06 11:08:02,66,3490,84.4,14.22,11.4
2026-09-06 11:08:03,34,1168,79.3,13.74,35.5
2026-09-06 11:08:04,34,1213,94.1,13.89,23.8
2026-09-06 11:08:05,25,2237,87.4,14.36,80.9
2026-09-06 11:08:06,118,924,90.5,13.64,9.8
2026-09-06 11:08:07,47,1843,83.6,13.8,78.7
2026-09-06 11:08:08,94,1763,78.5,13.41,25.3
2026-09-06 11:08:09,2,1369,81.4,13.41,4.6
2026-09-06 11:08:10,65,3089,89.6,13.77,81.7
2026-09-06 11:08:11,117,1655,76.1,14.1,62.5
2026-09-06 11:08:12,119,1488,75.4,14.0,82.3
2026-09-06 11:08:13,57,964,80.9,13.63,38.1
2026-09-06 11:08:14,85,2420,92.3,14.25,79.7
2026-09-06 11:08:15,48,2530,92.8,14.08,70.1
2026-09-06 11:08:16,40,2976,89.1,13.9,60.6
2026-09-06 11:08:17,62,3111,77.8,13.35,79.9
2026-09-06 11:08:18,29,1049,94.3,13.99,99.4
2026-09-06 11:08:19,67,928,84.3,13.53,11.8
2026-09-06 11:08:20,53,2880,86.9,14.29,94.0
2026-09-06 11:08:21,45,2347,92.2,13.65,1.2
2026-09-06 11:08:22,107,958,91.1,14.19,84.0
2026-09-06 11:08:23,0,2780,91.0,13.38,98.4
2026-09-06 11:08:24,41,2748,90.5,14.23,22.1
2026-09-06 11:08:25,104,1047,82.3,13.96,52.3
2026-09-06 11:08:26,111,2060,83.8,13.74,0.9
2026-09-06 11:08:27,88,1804,83.5,14.29,78.2
2026-09-06 11:08:28,115,2751,79.9,13.42,63.3
2026-09-06 11:08:29,80,1991,93.7,13.33,18.1
2026-09-06 11:08:30,52,1738,78.7,14.25,47.6
2026-09-06 11:08:31,14,3251,75.1,13.31,21.3
2026-09-06 11:08:32,41,2521,89.7,14.12,38.7
2026-09-06 11:08:33,98,2641,88.8,14.13,10.5
2026-09-06 11:08:34,11,1914,87.2,13.95,64.9
2026-09-06 11:08:35,0,2347,78.8,13.85,10.1
2026-09-06 11:08:36,48,2352,87.1,13.89,98.1
2026-09-06 11:08:37,4,1076,89.2,13.3,14.1
2026-09-06 11:08:38,42,2987,92.5,13.75,100.0
2026-09-06 11:08:39,43,2328,94.0,13.78,42.1
2026-09-06 11:08:40,106,1313,86.7,14.22,49.1
2026-09-06 11:08:41,115,2710,85.5,13.57,63.5
2026-09-06 11:08:42,55,2994,93.5,13.58,74.7
2026-09-06 11:08:43,105,1988,78.8,14.06,72.9
2026-09-06 11:08:44,3,1824,92.5,13.29,98.1
2026-09-06 11:08:45,118,2907,86.3,13.99,29.3
2026-09-06 11:08:46,97,1691,94.9,13.2,59.0
2026-09-06 11:08:47,101,2101,81.3,13.22,91.3
2026-09-06 11:08:48,99,2836,87.6,13.35,73.5
2026-09-06 11:08:49,75,1131,87.9,13.36,97.8
2026-09-06 11:08:50,3,2586,84.0,13.84,92.0
2026-09-06 11:08:51,31,2774,83.6,14.28,32.8
2026-09-06 11:08:52,55,2145,82.1,13.25,32.9
2026-09-06 11:08:53,51,846,75.7,13.84,94.9
2026-09-06 11:08:54,46,2148,88.6,13.46,90.8
2026-09-06 11:08:55,80,1931,84.1,13.36,89.9
2026-09-06 11:08:56,35,3486,82.7,13.57,23.0
2026-09-06 11:08:57,101,1791,94.9,14.02,39.9
2026-09-06 11:08:58,26,1821,81.4,13.61,8.2
2026-09-06 11:08:59,102,3272,88.4,13.26,48.1
2026-09-06 11:09:00,11,1652,92.7,13.39,83.6
2026-09-06 11:09:01,77,2582,89.7,13.32,97.5
2026-09-06 11:09:02,10,1382,93.4,13.76,49.0
2026-09-06 11:09:03,15,1340,76.1,13.45,17.0
2026-09-06 11:09:04,21,2647,75.7,14.17,98.3
2026-09-06 11:09:05,18,1224,87.0,13.2,9.8
2026-09-06 11:09:06,95,2816,81.8,13.52,10.6
2026-09-06 11:09:07,41,1057,83.3,13.79,29.3
2026-09-06 11:09:08,10,1965,79.0,13.43,57.6
2026-09-06 11:09:09,114,1032,93.7,14.06,16.7
2026-09-06 11:09:10,85,2755,82.6,13.87,71.9
2026-09-06 11:09:11,15,2157,87.8,14.23,14.7
2026-09-06 11:09:12,91,2869,82.5,13.47,97.7
2026-09-06 11:09:13,44,1059,88.2,13.7,94.0
2026-09-06 11:09:14,7,1167,94.9,14.31,96.9
2026-09-06 11:09:15,74,3245,82.6,14.03,32.7
2026-09-06 11:09:16,75,2291,94.0,13.31,92.3
2026-09-06 11:09:17,47,2113,84.9,14.34,59.3
2026-09-06 11:09:18,52,1886,87.0,14.31,41.3
2026-09-06 11:09:19,112,869,77.1,13.97,77.1
2026-09-06 11:09:20,49,3393,84.3,14.1,89.3
2026-09-06 11:09:21,88,1192,87.6,13.59,24.6
2026-09-06 11:09:22,12,2561,85.9,13.83,47.7
2026-09-06 11:09:23,6,1568,84.1,13.89,5.6
2026-09-06 11:09:24,8,3407,89.2,13.83,24.8
2026-09-06 11:09:25,111,1658,87.6,14.07,79.0
2026-09-06 11:09:26,94,2235,94.2,13.2,77.1
2026-09-06 11:09:27,63,3098,79.1,13.84,25.0
2026-09-06 11:09:28,84,2787,94.1,13.82,35.8
2026-09-06 11:09:29,39,3123,80.6,14.09,53.6
2026-09-06 11:09:30,41,1831,91.2,14.02,94.5
2026-09-06 11:09:31,99,2256,81.7,14.34,88.1
2026-09-06 11:09:32,37,2235,88.4,13.22,15.0
2026-09-06 11:09:33,104,3255,92.0,13.39,24.2
2026-09-06 11:09:34,43,2403,84.9,14.33,43.6
2026-09-06 11:09:35,39,3189,91.0,14.03,82.7
2026-09-06 11:09:36,8,2751,94.2,13.47,10.9
2026-09-06 11:09:37,33,1025,90.5,14.22,67.0
2026-09-06 11:09:38,48,3447,92.9,13.57,29.8
2026-09-06 11:09:39,66,1733,83.0,13.83,81.7
2026-09-06 11:09:40,19,3214,93.3,13.79,38.5
2026-09-06 11:09:41,97,985,81.3,14.37,15.9
2026-09-06 11:09:42,92,2910,88.5,13.35,63.7
2026-09-06 11:09:43,24,2781,80.5,13.47,83.0
2026-09-06 11:09:44,30,3480,79.6,13.71,47.4
2026-09-06 11:09:45,92,1422,76.5,14.36,70.1
2026-09-06 11:09:46,77,2514,82.2,13.54,44.2
2026-09-06 11:09:47,98,2041,83.2,13.41,90.7
2026-09-06 11:09:48,98,2089,78.9,13.47,49.6
2026-09-06 11:09:49,11,2915,84.6,13.79,25.3
2026-09-06 11:09:50,91,1421,77.8,13.45,24.5
2026-09-06 11:09:51,40,3242,92.8,13.48,53.4
2026-09-06 11:09:52,105,2523,93.8,13.38,58.6
2026-09-06 11:09:53,92,998,75.8,14.23,29.4
2026-09-06 11:09:54,116,3387,84.3,13.62,58.9
2026-09-06 11:09:55,79,1167,94.4,13.29,5.3
2026-09-06 11:09:56,37,1069,76.0,14.32,5.6
2026-09-06 11:09:57,8,2655,91.2,13.76,40.4
2026-09-06 11:09:58,43,1039,91.9,14.33,46.1
2026-09-06 11:09:59,50,3482,82.9,14.11,46.0
2026-09-06 11:10:00,112,2106,85.2,13.25,66.8
2026-09-06 11:10:01,111,3364,89.9,13.7,81.2
2026-09-06 11:10:02,3,1233,86.7,13.86,48.4
2026-09-06 11:10:03,69,2362,94.2,13.78,71.9
2026-09-06 11:10:04,49,1252,84.6,13.29,37.4
2026-09-06 11:10:05,4,2339,94.7,13.28,86.8
2026-09-06 11:10:06,33,956,77.3,14.22,15.5
2026-09-06 11:10:07,11,1494,80.2,14.2,62.0
2026-09-06 11:10:08,109,2490,92.1,13.72,39.6
2026-09-06 11:10:09,114,2720,77.6,13.26,63.4
2026-09-06 11:10:10,53,1645,78.4,13.74,45.5
2026-09-06 11:10:11,96,2327,78.7,14.26,76.6
2026-09-06 11:10:12,106,1465,82.5,14.29,5.5
2026-09-06 11:10:13,93,1504,81.7,13.72,84.7
2026-09-06 11:10:14,61,1959,91.7,13.37,74.4
2026-09-06 11:10:15,91,2652,91.4,14.09,21.9
2026-09-06 11:10:16,63,1322,91.1,13.35,13.6
2026-09-06 11:10:17,3,3338,79.6,13.94,23.3
2026-09-06 11:10:18,110,812,83.0,13.75,84.7
2026-09-06 11:10:19,118,2980,82.2,13.43,76.3
2026-09-06 11:10:20,3,2263,80.1,13.54,62.0
2026-09-06 11:10:21,46,2207,79.7,13.64,40.4
2026-09-06 11:10:22,84,2101,83.8,13.55,18.9
2026-09-06 11:10:23,88,1951,81.3,13.43,2.0
2026-09-06 11:10:24,28,3207,77.9,13.43,16.6
2026-09-06 11:10:25,96,993,91.1,13.52,30.3
2026-09-06 11:10:26,7,3404,84.7,13.6,8.9
2026-09-06 11:10:27,60,1157,88.4,13.83,67.1
2026-09-06 11:10:28,73,2284,81.4,13.69,23.5
2026-09-06 11:10:29,84,1924,79.8,14.37,48.1
2026-09-06 11:10:30,68,1185,80.5,13.53,68.8
2026-09-06 11:10:31,38,2494,85.3,14.11,81.6
2026-09-06 11:10:32,29,1798,92.3,14.33,36.3
2026-09-06 11:10:33,77,1417,93.3,13.81,30.7
2026-09-06 11:10:34,1,3422,81.9,13.87,5.2
2026-09-06 11:10:35,96,3114,86.1,13.25,73.3
2026-09-06 11:10:36,32,1408,88.0,13.92,28.2
2026-09-06 11:10:37,92,1751,77.1,13.72,7.6
2026-09-06 11:10:38,15,2781,92.1,13.79,89.3
2026-09-06 11:10:39,22,1690,88.7,14.23,17.3
2026-09-06 11:10:40,33,3203,76.7,13.24,21.1
2026-09-06 11:10:41,90,1193,75.0,13.33,85.1
2026-09-06 11:10:42,103,950,78.8,14.32,82.2
2026-09-06 11:10:43,21,2260,78.8,14.21,50.9
2026-09-06 11:10:44,52,1350,94.6,13.45,86.1
2026-09-06 11:10:45,15,2470,91.7,13.49,55.3
2026-09-06 11:10:46,13,2984,92.7,14.06,55.1
2026-09-06 11:10:47,106,2190,91.4,14.32,82.9
2026-09-06 11:10:48,48,3254,77.9,14.28,5.9
2026-09-06 11:10:49,95,1475,79.2,13.56,8.8
2026-09-06 11:10:50,64,1628,75.7,14.33,49.4
2026-09-06 11:10:51,31,1594,83.2,14.4,10.6
2026-09-06 11:10:52,16,2904,86.9,14.03,76.6
2026-09-06 11:10:53,118,869,91.5,13.7,10.4
2026-09-06 11:10:54,48,2907,78.5,13.73,86.8
2026-09-06 11:10:55,62,1386,75.7,13.48,27.4
2026-09-06 11:10:56,69,2368,79.3,13.38,16.7
2026-09-06 11:10:57,57,1792,83.6,13.2,37.6
2026-09-06 11:10:58,88,1621,88.0,13.5,0.1
2026-09-06 11:10:59,65,1495,75.9,13.83,77.4
2026-09-06 11:11:00,21,2480,85.7,14.21,26.9
2026-09-06 11:11:01,63,2909,94.8,14.23,31.7
2026-09-06 11:11:02,13,3209,84.1,13.69,47.8
2026-09-06 11:11:03,86,1630,77.8,13.73,93.1
2026-09-06 11:11:04,108,1831,89.0,14.27,91.3
2026-09-06 11:11:05,97,3114,92.7,13.8,2.9
2026-09-06 11:11:06,76,2698,82.5,13.95,93.0
2026-09-06 11:11:07,5,2240,88.8,14.05,66.6
2026-09-06 11:11:08,56,1470,77.5,14.22,62.8
2026-09-06 11:11:09,96,1490,86.0,13.23,6.1
2026-09-06 11:11:10,1,2813,93.9,13.21,20.5
2026-09-06 11:11:11,76,1204,86.9,13.32,11.7
2026-09-06 11:11:12,54,1888,84.0,14.16,58.7
2026-09-06 11:11:13,62,1096,75.4,14.12,74.2
2026-09-06 11:11:14,96,2225,80.2,13.67,20.2
2026-09-06 11:11:15,104,2319,82.8,13.78,14.2
2026-09-06 11:11:16,8,1261,91.7,13.57,88.6
2026-09-06 11:11:17,87,3027,85.8,14.13,39.4
2026-09-06 11:11:18,44,2254,81.2,14.33,41.7
2026-09-06 11:11:19,18,814,87.8,14.08,42.2
2026-09-06 11:11:20,30,3305,79.6,13.56,11.3
2026-09-06 11:11:21,50,1099,75.0,13.7,97.3
2026-09-06 11:11:22,49,1869,87.4,13.25,78.4
2026-09-06 11:11:23,67,1323,86.1,13.45,5.6
2026-09-06 11:11:24,48,2153,91.1,14.05,43.6
2026-09-06 11:11:25,1,3019,88.1,13.67,1.0
2026-09-06 11:11:26,58,1017,78.9,14.01,15.0
2026-09-06 11:11:27,81,1442,85.7,14.4,88.9
2026-09-06 11:11:28,20,1336,84.5,13.84,46.8
2026-09-06 11:11:29,119,3459,93.4,13.85,29.8
2026-09-06 11:11:30,21,3137,89.3,13.44,41.2
2026-09-06 11:11:31,16,2463,82.7,14.37,14.2
2026-09-06 11:11:32,1,1012,85.8,13.53,24.0
2026-09-06 11:11:33,7,3461,88.7,14.03,35.6
2026-09-06 11:11:34,24,1493,86.6,13.36,32.4
2026-09-06 11:11:35,10,1154,82.7,13.82,44.7
2026-09-06 11:11:36,108,2985,83.1,14.21,1.5
2026-09-06 11:11:37,28,3383,83.8,13.51,71.9
2026-09-06 11:11:38,117,3308,78.5,14.18,21.5
2026-09-06 11:11:39,100,1750,91.4,13.25,17.6
2026-09-06 11:11:40,81,1562,85.3,14.27,45.9
2026-09-06 11:11:41,11,1772,90.8,14.1,13.8
2026-09-06 11:11:42,30,3169,81.7,13.93,3.7
2026-09-06 11:11:43,108,2625,92.8,13.63,5.9
2026-09-06 11:11:44,70,1541,88.6,13.58,15.8
2026-09-06 11:11:45,34,3150,90.4,14.04,37.4
2026-09-06 11:11:46,105,2876,85.4,13.9,91.5
2026-09-06 11:11:47,26,1880,77.2,13.63,83.7
2026-09-06 11:11:48,70,2408,82.9,13.68,74.9
2026-09-06 11:11:49,56,1797,78.7,14.02,37.7
2026-09-06 11:11:50,54,3046,85.4,13.55,37.3
2026-09-06 11:11:51,113,2612,93.5,13.68,62.5
2026-09-06 11:11:52,40,1096,87.9,13.53,70.0
2026-09-06 11:11:53,103,2274,76.7,13.46,58.1
2026-09-06 11:11:54,62,3349,84.4,13.73,55.2
2026-09-06 11:11:55,30,2635,91.7,14.08,99.9
2026-09-06 11:11:56,68,2471,76.8,13.56,3.9
2026-09-06 11:11:57,73,2653,90.6,13.81,87.0
2026-09-06 11:11:58,38,1155,90.6,13.93,20.7
2026-09-06 11:11:59,87,2783,88.8,13.63,57.2
2026-09-06 11:12:00,30,1855,94.0,13.82,81.5
2026-09-06 11:12:01,115,827,82.2,14.21,93.9
2026-09-06 11:12:02,54,3024,85.5,13.2,79.3
2026-09-06 11:12:03,25,1249,90.6,13.44,95.5
2026-09-06 11:12:04,104,1976,87.0,14.32,38.7
2026-09-06 11:12:05,102,2044,93.3,13.55,73.6
2026-09-06 11:12:06,40,2232,75.9,13.23,91.5
2026-09-06 11:12:07,108,1382,80.1,13.58,6.8
2026-09-06 11:12:08,67,1167,76.1,13.25,18.7
2026-09-06 11:12:09,39,2538,76.7,13.25,87.5
2026-09-06 11:12:10,13,2727,79.8,14.18,1.4
2026-09-06 11:12:11,116,3455,82.1,13.32,20.4
2026-09-06 11:12:12,78,2747,92.4,14.19,21.1
2026-09-06 11:12:13,75,1754,89.1,14.17,43.6
2026-09-06 11:12:14,53,2650,76.4,14.11,14.3
2026-09-06 11:12:15,47,1771,79.4,13.34,81.0
2026-09-06 11:12:16,20,2240,88.3,13.62,20.2
2026-09-06 11:12:17,64,1201,82.2,14.17,2.3
2026-09-06 11:12:18,102,3362,84.7,13.53,46.8
2026-09-06 11:12:19,105,2495,90.8,13.79,24.7
2026-09-06 11:12:20,96,2808,76.3,13.37,92.8
2026-09-06 11:12:21,34,2783,90.3,14.01,5.2
2026-09-06 11:12:22,78,1496,77.9,14.0,95.7
2026-09-06 11:12:23,83,3017,83.8,13.6,23.7
2026-09-06 11:12:24,74,1864,75.6,14.38,71.9
2026-09-06 11:12:25,110,2277,75.1,14.02,81.6
2026-09-06 11:12:26,104,2237,92.4,13.36,54.2
2026-09-06 11:12:27,39,1785,93.4,14.16,54.9
2026-09-06 11:12:28,72,2042,92.0,14.31,55.6
2026-09-06 11:12:29,44,974,88.8,14.24,2.1
2026-09-06 11:12:30,95,1502,87.5,14.09,81.2
2026-09-06 11:12:31,66,1012,88.5,14.18,65.9
2026-09-06 11:12:32,57,2719,94.8,14.19,80.7
2026-09-06 11:12:33,31,3334,82.5,14.18,95.7
2026-09-06 11:12:34,15,1088,78.7,14.08,9.5
2026-09-06 11:12:35,5,2639,92.1,13.8,59.5
2026-09-06 11:12:36,22,3211,94.9,13.24,6.1
2026-09-06 11:12:37,79,1431,76.8,13.71,74.7
2026-09-06 11:12:38,39,1808,79.9,14.34,15.9
2026-09-06 11:12:39,56,998,79.7,13.83,21.0
2026-09-06 11:12:40,92,3027,83.2,14.31,22.4
2026-09-06 11:12:41,82,3419,88.0,13.85,79.4
2026-09-06 11:12:42,62,869,87.9,13.92,78.8
2026-09-06 11:12:43,112,1757,78.9,13.36,65.4
2026-09-06 11:12:44,84,2480,93.6,13.33,34.5
2026-09-06 11:12:45,108,1713,91.8,14.15,13.4
2026-09-06 11:12:46,51,1592,84.6,14.13,65.2
2026-09-06 11:12:47,78,1655,75.4,13.84,56.5
2026-09-06 11:12:48,11,884,79.2,14.34,32.3
2026-09-06 11:12:49,21,2269,75.9,13.57,6.5
2026-09-06 11:12:50,47,2476,87.3,14.0,34.5
2026-09-06 11:12:51,47,1828,88.5,13.25,11.7
2026-09-06 11:12:52,31,952,84.7,14.05,40.2
2026-09-06 11:12:53,82,3273,78.6,14.31,37.9
2026-09-06 11:12:54,119,2808,86.9,13.7,32.0
2026-09-06 11:12:55,116,2667,90.2,13.56,45.7
2026-09-06 11:12:56,70,3133,93.9,13.8,69.6
2026-09-06 11:12:57,81,2984,89.5,14.22,8.4
2026-09-06 11:12:58,49,1122,77.4,13.67,7.8
2026-09-06 11:12:59,68,2268,86.2,13.34,41.7
2026-09-06 11:13:00,77,2716,78.1,13.26,13.1
2026-09-06 11:13:01,28,963,86.5,14.11,38.5
2026-09-06 11:13:02,64,2409,80.6,14.34,18.9
2026-09-06 11:13:03,97,1492,81.4,13.32,76.2
2026-09-06 11:13:04,73,3264,77.8,13.78,82.4
2026-09-06 11:13:05,15,2057,94.7,13.51,2.4
2026-09-06 11:13:06,2,2854,84.6,13.89,33.7
2026-09-06 11:13:07,15,1648,84.6,13.38,22.2
2026-09-06 11:13:08,28,2785,94.9,13.62,41.6
2026-09-06 11:13:09,23,1320,77.0,14.21,77.7
2026-09-06 11:13:10,118,1289,93.5,14.33,26.5
2026-09-06 11:13:11,36,3125,84.9,13.97,33.0
2026-09-06 11:13:12,20,1506,84.3,13.27,94.5
2026-09-06 11:13:13,102,3234,82.7,13.77,97.2
2026-09-06 11:13:14,39,2463,80.1,13.97,80.0
2026-09-06 11:13:15,32,1317,86.8,14.13,62.1
2026-09-06 11:13:16,75,1222,75.2,14.14,24.4
2026-09-06 11:13:17,16,2307,94.3,13.98,43.2
2026-09-06 11:13:18,55,1247,88.5,13.87,19.7
2026-09-06 11:13:19,1,2449,78.0,13.67,0.9
2026-09-06 11:13:20,83,2245,78.5,13.91,68.4
2026-09-06 11:13:21,82,1552,87.9,13.32,7.6
2026-09-06 11:13:22,26,3140,78.0,14.14,36.3
2026-09-06 11:13:23,76,1945,93.8,14.07,24.6
2026-09-06 11:13:24,55,1401,94.1,14.0,42.2
2026-09-06 11:13:25,90,2485,94.3,14.12,95.3
2026-09-06 11:13:26,109,2201,76.9,13.51,75.9
2026-09-06 11:13:27,68,3106,85.8,14.37,22.9
2026-09-06 11:13:28,114,1631,90.9,13.46,18.6
2026-09-06 11:13:29,69,1916,93.3,13.37,33.3
2026-09-06 11:13:30,45,2216,85.6,13.77,17.9
2026-09-06 11:13:31,6,2275,78.5,14.18,87.2
2026-09-06 11:13:32,9,3411,79.4,13.47,83.4
2026-09-06 11:13:33,5,1943,83.0,13.29,67.1
2026-09-06 11:13:34,65,2442,92.9,14.2,9.1
2026-09-06 11:13:35,17,941,88.8,13.88,19.7
2026-09-06 11:13:36,39,2269,88.6,14.09,81.0
2026-09-06 11:13:37,57,1493,75.8,13.43,22.8
2026-09-06 11:13:38,3,3470,87.5,13.98,85.0
2026-09-06 11:13:39,19,1728,81.2,13.71,79.9
2026-09-06 11:13:40,112,3003,82.9,13.68,8.9
2026-09-06 11:13:41,8,1774,89.0,13.68,97.2
2026-09-06 11:13:42,10,2310,77.0,13.27,8.0
2026-09-06 11:13:43,79,1237,85.0,13.77,26.3
2026-09-06 11:13:44,13,1496,92.5,13.42,78.7
2026-09-06 11:13:45,26,1765,77.1,13.22,26.2
2026-09-06 11:13:46,71,2321,83.0,13.71,94.3
2026-09-06 11:13:47,77,3343,89.3,13.98,20.2
2026-09-06 11:13:48,81,1450,81.6,13.37,18.4
2026-09-06 11:13:49,27,2087,77.1,13.59,96.5
2026-09-06 11:13:50,106,2799,88.4,14.09,0.2
2026-09-06 11:13:51,54,1232,83.5,13.31,89.4
2026-09-06 11:13:52,20,2557,77.1,13.77,8.9
2026-09-06 11:13:53,118,2343,75.9,13.67,89.5
2026-09-06 11:13:54,99,1860,83.4,13.22,75.8
2026-09-06 11:13:55,44,3335,81.4,13.91,28.0
2026-09-06 11:13:56,5,1171,86.2,13.26,61.8
2026-09-06 11:13:57,26,1662,81.1,13.49,86.4
2026-09-06 11:13:58,67,3318,81.0,13.36,9.7
2026-09-06 11:13:59,50,1521,80.5,14.36,36.7
2026-09-06 11:14:00,15,1301,92.3,13.87,72.9
2026-09-06 11:14:01,29,814,92.9,14.07,16.0
2026-09-06 11:14:02,51,2398,81.9,13.96,68.6
2026-09-06 11:14:03,76,3368,78.8,14.23,69.0
2026-09-06 11:14:04,87,927,91.8,13.99,60.6
2026-09-06 11:14:05,35,1586,77.8,13.32,85.0
2026-09-06 11:14:06,95,1503,82.3,14.3,26.3
2026-09-06 11:14:07,99,2827,80.4,13.36,88.3
2026-09-06 11:14:08,98,2850,87.8,13.85,16.8
2026-09-06 11:14:09,9,1287,75.2,14.35,35.2
2026-09-06 11:14:10,110,3125,89.6,14.05,86.1
2026-09-06 11:14:11,5,1486,87.6,14.01,56.4
2026-09-06 11:14:12,28,846,78.7,13.71,56.4
2026-09-06 11:14:13,1,3462,80.8,13.22,28.1
2026-09-06 11:14:14,16,2573,77.8,14.14,99.0
2026-09-06 11:14:15,1,1727,85.3,14.02,63.3
2026-09-06 11:14:16,21,1053,86.3,14.04,89.5
2026-09-06 11:14:17,52,3083,91.0,13.28,82.7
2026-09-06 11:14:18,29,3328,92.5,13.72,22.9
2026-09-06 11:14:19,61,1126,93.7,13.46,65.5
2026-09-06 11:14:20,68,1616,78.7,13.65,10.5
2026-09-06 11:14:21,29,2708,85.6,13.89,44.0
2026-09-06 11:14:22,64,3385,88.7,13.41,5.4
2026-09-06 11:14:23,76,3497,84.1,13.69,66.8
2026-09-06 11:14:24,91,1479,80.1,13.92,45.4
2026-09-06 11:14:25,40,2445,78.6,14.22,4.2
2026-09-06 11:14:26,49,3019,81.9,13.96,13.6
2026-09-06 11:14:27,61,2806,93.6,13.69,95.2
2026-09-06 11:14:28,18,1918,82.1,13.87,10.7
2026-09-06 11:14:29,120,2251,87.2,13.43,36.0
2026-09-06 11:14:30,0,1543,78.7,14.35,77.6
2026-09-06 11:14:31,107,1279,94.4,14.27,26.2
2026-09-06 11:14:32,56,1595,85.5,14.38,70.5
2026-09-06 11:14:33,30,2130,93.4,14.17,77.6
2026-09-06 11:14:34,74,3310,85.7,13.63,21.0
2026-09-06 11:14:35,99,2837,78.1,13.45,15.6
2026-09-06 11:14:36,73,2604,94.1,13.73,85.7
2026-09-06 11:14:37,28,3216,77.8,14.2,86.9
2026-09-06 11:14:38,107,3031,78.4,13.29,11.9
2026-09-06 11:14:39,23,2790,78.2,13.96,26.3
2026-09-06 11:14:40,115,1288,89.0,13.79,57.8
2026-09-06 11:14:41,27,1955,94.8,14.21,20.3
2026-09-06 11:14:42,77,1811,81.4,13.48,19.8
2026-09-06 11:14:43,41,832,80.2,14.28,32.3
2026-09-06 11:14:44,119,2559,83.8,13.73,14.8
2026-09-06 11:14:45,40,2287,84.6,13.39,61.3
2026-09-06 11:14:46,21,3053,80.5,14.15,74.6
2026-09-06 11:14:47,55,3253,82.7,13.69,14.8
2026-09-06 11:14:48,65,2283,82.9,14.07,11.7
2026-09-06 11:14:49,92,2306,77.5,13.7,95.9
2026-09-06 11:14:50,92,934,77.0,14.29,83.9
2026-09-06 11:14:51,101,2638,78.2,13.56,76.4
2026-09-06 11:14:52,67,2209,94.7,13.96,79.0
2026-09-06 11:14:53,10,2545,93.9,13.35,91.7
2026-09-06 11:14:54,66,2695,79.6,13.88,47.0
2026-09-06 11:14:55,86,1450,87.3,14.3,66.4
2026-09-06 11:14:56,37,1123,81.5,14.18,52.8
2026-09-06 11:14:57,61,973,89.1,14.35,51.1
2026-09-06 11:14:58,49,902,84.1,14.12,92.7
2026-09-06 11:14:59,39,890,88.0,14.05,52.1
2026-09-06 11:15:00,105,1310,88.1,13.22,72.8
2026-09-06 11:15:01,14,2058,92.5,13.9,35.0
2026-09-06 11:15:02,42,2631,86.4,14.31,18.9
2026-09-06 11:15:03,30,1841,83.8,14.05,4.9
2026-09-06 11:15:04,30,3478,94.7,13.94,26.4
2026-09-06 11:15:05,55,2272,85.0,14.3,7.5
2026-09-06 11:15:06,6,1859,80.4,14.19,6.8
2026-09-06 11:15:07,52,932,92.5,13.76,65.0
2026-09-06 11:15:08,51,1614,89.1,13.64,26.6
2026-09-06 11:15:09,2,3293,91.0,13.31,3.9
2026-09-06 11:15:10,83,1152,92.4,14.03,32.6
2026-09-06 11:15:11,6,1144,78.1,13.51,96.1
2026-09-06 11:15:12,28,1364,89.5,14.4,74.9
2026-09-06 11:15:13,83,1312,75.9,14.3,75.3
2026-09-06 11:15:14,72,3372,88.8,13.81,96.2
2026-09-06 11:15:15,40,2918,84.6,13.94,9.2
2026-09-06 11:15:16,19,2570,94.4,13.49,15.6
2026-09-06 11:15:17,26,1590,77.8,14.33,53.2
2026-09-06 11:15:18,46,1556,94.2,13.46,14.3
2026-09-06 11:15:19,9,3409,93.1,13.21,90.9
2026-09-06 11:15:20,103,2096,93.0,13.56,94.7
2026-09-06 11:15:21,46,1705,85.8,14.29,55.4
2026-09-06 11:15:22,55,997,93.8,13.79,68.9
2026-09-06 11:15:23,84,941,85.8,13.55,66.7
2026-09-06 11:15:24,42,2699,82.9,13.52,29.9
2026-09-06 11:15:25,70,1566,80.7,13.63,15.1
2026-09-06 11:15:26,44,2338,89.5,14.35,45.3
2026-09-06 11:15:27,120,3113,75.3,13.43,32.3
2026-09-06 11:15:28,64,1442,90.6,14.31,32.7
2026-09-06 11:15:29,11,3196,93.6,13.94,40.8
2026-09-06 11:15:30,37,2102,86.5,13.95,91.5
2026-09-06 11:15:31,0,2849,83.0,13.67,29.5
2026-09-06 11:15:32,72,2135,91.9,13.96,48.9
2026-09-06 11:15:33,100,1002,86.0,14.32,70.4
2026-09-06 11:15:34,87,2693,83.3,14.0,30.3
2026-09-06 11:15:35,31,2096,91.2,13.48,43.7
2026-09-06 11:15:36,115,2541,93.3,13.71,89.3
2026-09-06 11:15:37,57,2121,88.4,14.24,64.0
2026-09-06 11:15:38,34,1373,93.8,14.11,12.4
2026-09-06 11:15:39,111,2246,78.0,13.62,39.2
2026-09-06 11:15:40,87,3129,80.8,13.74,75.4
2026-09-06 11:15:41,67,1257,86.3,14.02,75.9
2026-09-06 11:15:42,65,1537,88.6,13.84,61.5
2026-09-06 11:15:43,46,1117,77.1,14.17,5.5
2026-09-06 11:15:44,24,2753,87.0,13.21,31.1
2026-09-06 11:15:45,1,2245,76.3,14.31,67.8
2026-09-06 11:15:46,15,1896,79.2,14.02,69.9
2026-09-06 11:15:47,45,1882,77.6,13.26,86.2
2026-09-06 11:15:48,63,2632,94.1,13.86,11.8
2026-09-06 11:15:49,2,1962,90.0,14.32,97.4
2026-09-06 11:15:50,27,916,76.4,14.04,17.5
2026-09-06 11:15:51,85,2622,94.7,13.96,84.9
2026-09-06 11:15:52,49,2968,75.5,13.69,43.6
2026-09-06 11:15:53,3,1112,92.4,13.95,29.2
2026-09-06 11:15:54,70,1721,83.8,13.85,76.7
2026-09-06 11:15:55,64,2131,77.2,13.46,73.9
2026-09-06 11:15:56,108,3186,94.6,13.55,37.1
2026-09-06 11:15:57,69,2658,78.1,14.06,19.1
2026-09-06 11:15:58,117,1013,88.9,13.92,37.6
2026-09-06 11:15:59,103,2440,82.5,14.09,93.4
2026-09-06 11:16:00,103,1289,93.4,14.29,25.3
2026-09-06 11:16:01,55,1317,95.0,13.88,97.3
2026-09-06 11:16:02,94,2803,80.2,13.87,96.4
2026-09-06 11:16:03,35,2343,83.9,13.36,62.1
2026-09-06 11:16:04,85,3171,86.9,14.06,52.6
2026-09-06 11:16:05,109,1425,92.8,13.33,76.2
2026-09-06 11:16:06,58,3425,77.8,14.09,80.7
2026-09-06 11:16:07,99,831,88.6,13.65,3.1
2026-09-06 11:16:08,79,2987,83.8,14.04,25.9
2026-09-06 11:16:09,47,2035,90.6,13.72,65.5
2026-09-06 11:16:10,3,2062,85.7,13.78,56.4
2026-09-06 11:16:11,109,1803,92.5,14.39,21.4
2026-09-06 11:16:12,32,2812,88.6,13.75,44.4
2026-09-06 11:16:13,47,1721,82.6,13.28,23.0
2026-09-06 11:16:14,106,2364,84.6,13.39,69.5
2026-09-06 11:16:15,74,2380,81.0,13.46,94.2
2026-09-06 11:16:16,59,2917,81.2,13.29,94.6
2026-09-06 11:16:17,72,2120,94.8,13.53,19.1
2026-09-06 11:16:18,46,2687,92.6,13.22,18.2
2026-09-06 11:16:19,53,885,80.1,13.54,63.2
2026-09-06 11:16:20,25,1553,84.8,13.6,62.5
2026-09-06 11:16:21,57,3434,83.6,13.88,24.8
2026-09-06 11:16:22,73,2005,75.7,13.51,44.9
2026-09-06 11:16:23,2,2046,76.9,14.38,72.5
2026-09-06 11:16:24,87,1678,88.9,13.74,5.3
2026-09-06 11:16:25,84,1131,81.3,14.24,24.8
2026-09-06 11:16:26,18,1652,79.9,13.55,43.6
2026-09-06 11:16:27,109,993,93.5,13.7,58.2
2026-09-06 11:16:28,38,979,93.5,13.27,66.0
2026-09-06 11:16:29,19,2049,90.5,13.82,23.4
2026-09-06 11:16:30,63,1046,86.0,14.05,83.8
2026-09-06 11:16:31,75,1539,86.1,14.33,10.0
2026-09-06 11:16:32,59,3187,80.8,14.08,48.7
2026-09-06 11:16:33,6,3281,80.2,13.97,39.8
2026-09-06 11:16:34,48,929,83.6,14.18,28.3
2026-09-06 11:16:35,79,2264,90.4,13.94,29.0
2026-09-06 11:16:36,105,1948,93.5,13.76,42.5
2026-09-06 11:16:37,7,1054,91.1,13.79,5.8
2026-09-06 11:16:38,120,1859,78.9,13.67,3.7
2026-09-06 11:16:39,15,2793,84.1,13.96,5.8
2026-09-06 11:16:40,100,3478,82.5,14.29,69.6
2026-09-06 11:16:41,5,1471,84.3,13.62,57.8
2026-09-06 11:16:42,75,2562,86.9,14.05,97.2
2026-09-06 11:16:43,119,3100,94.3,13.98,79.3
2026-09-06 11:16:44,44,3011,86.4,14.16,11.2
2026-09-06 11:16:45,85,2015,90.8,13.39,94.1
2026-09-06 11:16:46,37,2295,76.9,14.0,79.1
2026-09-06 11:16:47,119,2701,93.6,13.67,32.0
2026-09-06 11:16:48,22,2901,91.8,14.22,74.7
2026-09-06 11:16:49,67,1155,82.5,13.57,7.5
2026-09-06 11:16:50,23,2160,87.0,13.52,14.9
2026-09-06 11:16:51,76,2915,88.3,13.2,14.8
2026-09-06 11:16:52,82,3030,77.2,13.22,93.6
2026-09-06 11:16:53,82,1719,85.9,14.23,5.5
2026-09-06 11:16:54,8,2966,80.6,14.06,89.1
2026-09-06 11:16:55,115,2771,85.0,14.26,90.6
2026-09-06 11:16:56,92,804,93.6,14.27,38.1
2026-09-06 11:16:57,106,2088,79.6,13.63,53.3
2026-09-06 11:16:58,27,3088,89.3,13.38,89.3
2026-09-06 11:16:59,57,2040,79.9,13.33,76.5
2026-09-06 11:17:00,88,1434,94.1,13.98,75.2
2026-09-06 11:17:01,117,2017,75.0,14.34,57.3
2026-09-06 11:17:02,77,1169,76.8,13.33,98.1
2026-09-06 11:17:03,92,3043,79.0,13.96,64.5
2026-09-06 11:17:04,14,1134,84.8,13.66,35.4
2026-09-06 11:17:05,83,2681,79.3,13.58,19.5
2026-09-06 11:17:06,47,1382,84.9,13.66,6.6
2026-09-06 11:17:07,32,806,84.2,13.24,7.8
2026-09-06 11:17:08,59,3005,82.7,14.3,81.9
2026-09-06 11:17:09,115,2316,77.3,13.99,36.2
2026-09-06 11:17:10,26,1092,78.6,14.23,92.3
2026-09-06 11:17:11,35,3339,85.6,13.9,12.2
2026-09-06 11:17:12,93,2412,75.7,14.27,20.4
2026-09-06 11:17:13,32,1208,90.9,13.84,7.0
2026-09-06 11:17:14,108,1572,83.6,14.27,35.0
2026-09-06 11:17:15,41,3021,85.8,13.5,50.5
2026-09-06 11:17:16,5,1263,91.1,13.53,21.7
2026-09-06 11:17:17,51,3084,81.6,13.63,94.6
2026-09-06 11:17:18,77,841,84.7,13.56,49.6
2026-09-06 11:17:19,25,1016,82.1,13.25,15.5
2026-09-06 11:17:20,16,3385,75.5,13.55,92.5
2026-09-06 11:17:21,13,3337,77.6,13.2,20.0
2026-09-06 11:17:22,13,2603,91.0,13.33,36.4
2026-09-06 11:17:23,8,3255,87.8,14.03,92.8
2026-09-06 11:17:24,61,1016,78.6,13.72,3.7
2026-09-06 11:17:25,116,3172,82.1,13.84,49.6
2026-09-06 11:17:26,86,2731,92.8,13.39,94.7
2026-09-06 11:17:27,36,3335,77.5,13.22,6.7
2026-09-06 11:17:28,119,2978,80.1,14.25,20.5
2026-09-06 11:17:29,101,1158,86.1,14.38,42.2
2026-09-06 11:17:30,106,2586,77.8,14.32,86.0
2026-09-06 11:17:31,60,2810,77.5,13.76,62.0
2026-09-06 11:17:32,87,2849,81.1,13.51,84.4
2026-09-06 11:17:33,27,3315,83.3,13.91,56.1
2026-09-06 11:17:34,111,1391,87.1,13.79,67.2
2026-09-06 11:17:35,81,926,85.1,14.2,95.4
2026-09-06 11:17:36,51,1624,90.2,14.05,78.1
2026-09-06 11:17:37,55,1401,79.2,13.86,61.0
2026-09-06 11:17:38,22,2417,81.7,13.38,34.3
2026-09-06 11:17:39,74,3150,77.2,13.79,82.4
2026-09-06 11:17:40,117,967,80.2,13.68,88.1
2026-09-06 11:17:41,77,1775,90.9,13.4,86.5
2026-09-06 11:17:42,78,1433,83.8,13.77,57.7
2026-09-06 11:17:43,119,3025,77.1,13.37,22.4
2026-09-06 11:17:44,89,1371,81.3,13.75,26.6
2026-09-06 11:17:45,102,1045,91.2,13.96,69.8
2026-09-06 11:17:46,102,1099,89.0,13.8,22.4
2026-09-06 11:17:47,31,1957,83.5,13.44,98.5
2026-09-06 11:17:48,4,3191,94.0,14.39,22.8
2026-09-06 11:17:49,21,1197,77.6,13.76,43.7
2026-09-06 11:17:50,87,1179,78.3,13.64,92.4
2026-09-06 11:17:51,14,2687,94.7,13.6,57.3
2026-09-06 11:17:52,53,880,77.1,13.34,8.7
2026-09-06 11:17:53,61,2737,91.5,14.12,90.9
2026-09-06 11:17:54,76,2211,84.5,14.0,44.1
2026-09-06 11:17:55,59,1491,75.9,13.21,77.9
2026-09-06 11:17:56,69,3493,82.8,13.25,38.6
2026-09-06 11:17:57,50,2846,90.4,13.97,94.8
2026-09-06 11:17:58,58,2883,81.1,13.69,98.5
2026-09-06 11:17:59,53,1943,80.6,13.54,55.0
2026-09-06 11:18:00,114,2240,87.7,14.25,3.5
2026-09-06 11:18:01,93,1172,78.7,13.57,61.2
2026-09-06 11:18:02,20,1173,82.1,13.66,81.5
2026-09-06 11:18:03,94,1096,85.2,13.6,49.3
2026-09-06 11:18:04,47,1663,88.2,13.91,14.8
2026-09-06 11:18:05,79,2054,90.6,14.19,89.2
2026-09-06 11:18:06,96,3431,86.2,13.91,7.6
2026-09-06 11:18:07,93,3250,77.0,14.31,38.7
2026-09-06 11:18:08,33,1934,93.9,13.31,57.3
2026-09-06 11:18:09,91,1259,77.7,13.63,30.3
2026-09-06 11:18:10,39,2082,92.0,14.09,87.4
2026-09-06 11:18:11,31,1051,88.3,13.31,52.3
2026-09-06 11:18:12,52,1284,76.5,13.68,37.7
2026-09-06 11:18:13,116,1599,78.2,14.19,65.1
2026-09-06 11:18:14,16,2784,92.0,14.2,86.5
2026-09-06 11:18:15,96,1818,75.1,13.58,49.0
2026-09-06 11:18:16,105,2468,94.4,13.77,29.6
2026-09-06 11:18:17,102,3493,79.4,13.63,7.9
2026-09-06 11:18:18,68,1198,83.2,13.24,69.1
2026-09-06 11:18:19,89,1963,88.1,13.78,86.8
2026-09-06 11:18:20,24,3342,92.3,13.62,98.6
2026-09-06 11:18:21,10,979,76.5,14.31,14.6
2026-09-06 11:18:22,110,2301,89.2,14.36,38.6
2026-09-06 11:18:23,103,2917,91.0,13.9,66.0
2026-09-06 11:18:24,109,1913,79.0,13.22,85.0
2026-09-06 11:18:25,110,3008,93.7,13.56,24.5
2026-09-06 11:18:26,51,1539,91.6,13.61,55.0
2026-09-06 11:18:27,106,1634,85.7,14.14,54.3
2026-09-06 11:18:28,86,860,87.5,14.05,5.0
2026-09-06 11:18:29,27,1500,84.6,14.31,98.9
2026-09-06 11:18:30,1,1050,94.4,13.32,30.7
2026-09-06 11:18:31,43,2128,79.6,13.89,33.1
2026-09-06 11:18:32,101,3323,79.0,14.24,2.2
2026-09-06 11:18:33,61,2470,86.2,13.8,78.7
2026-09-06 11:18:34,96,2167,92.6,13.51,15.3
2026-09-06 11:18:35,115,2159,89.6,13.46,98.2
2026-09-06 11:18:36,72,3058,86.4,13.5,65.6
2026-09-06 11:18:37,120,2936,76.3,13.64,86.3
2026-09-06 11:18:38,108,2830,84.8,13.75,16.5
2026-09-06 11:18:39,38,2976,84.9,13.86,11.1
2026-09-06 11:18:40,106,1443,84.7,13.44,11.5
2026-09-06 11:18:41,114,3430,94.1,14.36,58.4
2026-09-06 11:18:42,119,3154,86.9,13.9,26.1
2026-09-06 11:18:43,78,2559,79.8,14.05,60.8
2026-09-06 11:18:44,80,1282,79.6,13.43,88.2
2026-09-06 11:18:45,0,1122,86.1,13.71,26.3
2026-09-06 11:18:46,112,2631,86.6,14.04,33.1
2026-09-06 11:18:47,32,2091,78.7,14.05,65.9
2026-09-06 11:18:48,6,1561,87.7,14.06,59.9
2026-09-06 11:18:49,63,3110,81.7,13.33,47.1
2026-09-06 11:18:50,114,1359,91.7,13.2,48.3
2026-09-06 11:18:51,117,1953,90.1,13.37,60.0
2026-09-06 11:18:52,115,1313,89.1,13.41,1.8
2026-09-06 11:18:53,63,2592,94.7,13.5,65.0
2026-09-06 11:18:54,118,3310,77.1,14.06,55.1
2026-09-06 11:18:55,13,1348,90.7,14.04,5.9
2026-09-06 11:18:56,4,2582,76.0,14.23,65.0
2026-09-06 11:18:57,49,1766,85.0,13.51,40.8
2026-09-06 11:18:58,11,2785,88.4,13.79,22.7
2026-09-06 11:18:59,51,2817,90.1,13.72,88.9
2026-09-06 11:19:00,111,2090,87.9,13.81,64.9
2026-09-06 11:19:01,94,944,92.2,14.24,49.3
2026-09-06 11:19:02,24,2743,83.7,14.22,57.8
2026-09-06 11:19:03,67,1197,89.6,13.68,65.3
2026-09-06 11:19:04,1,1119,87.4,14.13,89.2
2026-09-06 11:19:05,67,1750,76.4,14.08,47.1
2026-09-06 11:19:06,4,2715,81.4,13.33,8.5
2026-09-06 11:19:07,41,2460,92.2,13.98,87.0
2026-09-06 11:19:08,86,2731,80.8,13.53,66.1
2026-09-06 11:19:09,109,1034,93.4,14.26,17.6
2026-09-06 11:19:10,81,1756,81.2,13.8,75.8
2026-09-06 11:19:11,32,1920,75.7,13.99,28.9
2026-09-06 11:19:12,57,1787,88.8,13.9,93.5
2026-09-06 11:19:13,107,2492,88.8,14.12,90.0
2026-09-06 11:19:14,69,3426,86.8,13.93,59.7
2026-09-06 11:19:15,57,1418,89.5,13.48,8.1
2026-09-06 11:19:16,28,3496,80.7,13.39,88.6
2026-09-06 11:19:17,32,3186,87.4,13.49,94.9
2026-09-06 11:19:18,68,3041,86.6,13.59,75.0
2026-09-06 11:19:19,18,1749,94.8,13.36,36.7
2026-09-06 11:19:20,111,2553,85.2,13.66,70.8
2026-09-06 11:19:21,80,1071,89.3,13.39,93.4
2026-09-06 11:19:22,44,2539,81.3,13.73,49.5
2026-09-06 11:19:23,105,2300,90.9,13.82,23.0
2026-09-06 11:19:24,35,908,91.6,13.78,83.4
2026-09-06 11:19:25,73,2531,78.9,13.23,78.6
2026-09-06 11:19:26,89,1894,93.2,13.86,17.7
2026-09-06 11:19:27,42,1535,78.6,13.53,82.4
2026-09-06 11:19:28,111,3069,77.8,13.58,24.7
2026-09-06 11:19:29,16,1439,78.3,14.36,7.2
2026-09-06 11:19:30,62,2420,79.9,13.61,67.1
2026-09-06 11:19:31,33,2924,85.3,14.1,73.6
2026-09-06 11:19:32,9,3231,90.2,13.55,80.6
2026-09-06 11:19:33,37,1241,81.7,14.35,48.3
2026-09-06 11:19:34,14,1599,83.4,13.64,79.3
2026-09-06 11:19:35,98,1781,85.4,13.55,38.2
2026-09-06 11:19:36,65,1925,79.8,13.83,25.2
2026-09-06 11:19:37,17,942,82.5,13.3,1.1
2026-09-06 11:19:38,41,3009,94.5,13.37,60.3
2026-09-06 11:19:39,34,1608,83.9,13.2,0.8
2026-09-06 11:19:40,108,3448,92.7,14.06,51.0
2026-09-06 11:19:41,24,2018,92.4,13.59,79.6
2026-09-06 11:19:42,90,978,83.6,14.03,86.5
2026-09-06 11:19:43,80,1463,78.4,13.39,88.2
2026-09-06 11:19:44,25,1087,82.0,13.68,49.6
2026-09-06 11:19:45,100,2639,85.7,13.81,77.2
2026-09-06 11:19:46,118,2254,81.3,13.7,73.5
2026-09-06 11:19:47,47,919,87.8,13.92,95.0
2026-09-06 11:19:48,106,931,84.1,13.58,27.5
2026-09-06 11:19:49,56,943,82.3,14.03,92.1
2026-09-06 11:19:50,11,2804,85.6,14.38,55.8
2026-09-06 11:19:51,8,1871,85.8,13.22,71.0
2026-09-06 11:19:52,65,1169,87.1,13.29,69.4
2026-09-06 11:19:53,79,3381,77.9,13.7,16.2
2026-09-06 11:19:54,56,1752,82.9,13.45,26.3
2026-09-06 11:19:55,78,2811,88.0,14.05,21.6
2026-09-06 11:19:56,7,862,93.4,13.31,69.7
2026-09-06 11:19:57,104,1017,84.8,14.12,4.6
2026-09-06 11:19:58,64,1214,92.7,13.93,95.0
2026-09-06 11:19:59,5,3268,80.3,14.22,5.8
2026-09-06 11:20:00,44,1313,93.3,13.31,33.0
2026-09-06 11:20:01,81,2303,88.7,13.69,2.0
2026-09-06 11:20:02,49,3264,94.2,13.37,8.1
2026-09-06 11:20:03,94,3197,92.6,14.35,9.7
2026-09-06 11:20:04,37,881,84.9,13.46,20.0
2026-09-06 11:20:05,54,2696,79.1,13.62,74.4
2026-09-06 11:20:06,86,1459,86.6,14.11,27.4
2026-09-06 11:20:07,110,2487,85.7,13.99,81.0
2026-09-06 11:20:08,33,1580,82.5,14.09,10.4
2026-09-06 11:20:09,49,1169,87.1,13.59,46.2
2026-09-06 11:20:10,7,2324,80.3,13.68,24.5
2026-09-06 11:20:11,21,1412,85.0,14.13,60.7
2026-09-06 11:20:12,27,2496,91.4,13.64,57.7
2026-09-06 11:20:13,120,2057,93.2,14.1,35.8
2026-09-06 11:20:14,91,1213,81.7,14.28,51.4
2026-09-06 11:20:15,11,1682,77.9,13.97,70.7
2026-09-06 11:20:16,7,1109,94.8,14.03,0.7
2026-09-06 11:20:17,50,1852,89.7,13.85,84.1
2026-09-06 11:20:18,63,1045,75.2,13.9,50.6
2026-09-06 11:20:19,86,1992,88.0,13.92,23.5
2026-09-06 11:20:20,92,3002,92.0,13.73,12.1
2026-09-06 11:20:21,34,3329,88.3,13.45,26.6
2026-09-06 11:20:22,16,834,85.0,14.1,19.9
2026-09-06 11:20:23,32,1092,81.6,13.58,74.1
2026-09-06 11:20:24,19,899,81.9,14.01,81.9
2026-09-06 11:20:25,91,2904,75.6,13.71,11.6
2026-09-06 11:20:26,16,2006,94.9,14.3,90.1
2026-09-06 11:20:27,57,2166,79.7,13.31,89.8
2026-09-06 11:20:28,83,964,88.5,13.83,87.8
2026-09-06 11:20:29,73,2775,81.2,14.06,16.3
2026-09-06 11:20:30,101,1533,76.3,13.26,32.8
2026-09-06 11:20:31,103,2998,92.9,14.26,10.1
2026-09-06 11:20:32,70,896,88.7,14.24,52.0
2026-09-06 11:20:33,36,2445,89.7,14.26,12.7
2026-09-06 11:20:34,28,2739,75.7,13.66,25.6
2026-09-06 11:20:35,23,1158,75.1,14.29,8.7
2026-09-06 11:20:36,59,1500,83.0,13.65,36.6
2026-09-06 11:20:37,99,972,90.6,14.35,93.4
2026-09-06 11:20:38,86,2933,93.1,14.2,94.0
2026-09-06 11:20:39,89,1645,82.9,13.32,8.6
2026-09-06 11:20:40,90,2485,94.0,14.13,30.4
2026-09-06 11:20:41,5,2315,80.3,13.64,49.0
2026-09-06 11:20:42,32,3121,89.8,13.37,10.2
2026-09-06 11:20:43,110,1272,86.0,13.79,12.1
2026-09-06 11:20:44,33,3354,85.1,13.47,21.4
2026-09-06 11:20:45,34,966,83.7,13.34,62.2
2026-09-06 11:20:46,86,3338,89.8,14.17,90.9
2026-09-06 11:20:47,45,1401,93.9,13.26,50.2
2026-09-06 11:20:48,6,3137,83.4,13.79,99.3
2026-09-06 11:20:49,55,2193,83.7,14.07,72.7
2026-09-06 11:20:50,16,3113,79.3,14.39,61.2
2026-09-06 11:20:51,81,2295,77.5,14.24,10.7
2026-09-06 11:20:52,37,1499,90.2,13.37,80.6
2026-09-06 11:20:53,20,960,85.4,13.46,50.7
2026-09-06 11:20:54,111,1119,92.7,13.44,16.8
2026-09-06 11:20:55,111,3393,88.4,14.13,57.6
2026-09-06 11:20:56,37,3151,77.7,13.75,25.0
2026-09-06 11:20:57,62,861,81.2,13.43,10.0
2026-09-06 11:20:58,33,1162,88.1,13.68,71.5
2026-09-06 11:20:59,31,2993,81.6,13.85,94.4
2026-09-06 11:21:00,97,1282,94.7,14.08,61.5
2026-09-06 11:21:01,24,3120,88.6,13.34,17.5
2026-09-06 11:21:02,96,3150,80.8,14.04,94.6
2026-09-06 11:21:03,24,3422,80.7,13.59,71.5
2026-09-06 11:21:04,53,1127,79.9,14.25,74.1
2026-09-06 11:21:05,14,1436,79.5,13.87,98.2
2026-09-06 11:21:06,57,2552,79.0,13.99,23.9
2026-09-06 11:21:07,80,864,87.1,13.59,81.0
2026-09-06 11:21:08,38,2812,77.6,13.31,92.8
2026-09-06 11:21:09,48,2537,85.3,14.0,28.3
2026-09-06 11:21:10,14,1054,88.3,13.64,5.1
2026-09-06 11:21:11,45,2043,93.0,14.12,62.0
2026-09-06 11:21:12,10,2185,88.6,13.85,51.8
2026-09-06 11:21:13,112,2081,77.9,13.22,82.4
2026-09-06 11:21:14,78,2058,84.1,14.24,38.9
2026-09-06 11:21:15,7,2437,93.7,14.01,25.7
2026-09-06 11:21:16,112,2145,92.6,14.07,39.1
2026-09-06 11:21:17,13,985,93.1,13.42,35.8
2026-09-06 11:21:18,19,3025,85.6,13.99,36.4
2026-09-06 11:21:19,120,2675,92.7,13.26,52.5
2026-09-06 11:21:20,3,1610,84.1,14.16,74.3
2026-09-06 11:21:21,21,3319,76.4,14.0,21.4
2026-09-06 11:21:22,4,2718,82.1,13.81,49.9
2026-09-06 11:21:23,6,1277,91.2,13.46,39.0
2026-09-06 11:21:24,105,1972,77.4,13.42,10.5
2026-09-06 11:21:25,41,1632,86.9,13.56,37.3
2026-09-06 11:21:26,107,1613,79.2,13.94,51.1
2026-09-06 11:21:27,92,2485,80.6,14.08,33.6
2026-09-06 11:21:28,50,2685,88.7,13.81,46.6
2026-09-06 11:21:29,26,3259,80.8,13.84,98.5
2026-09-06 11:21:30,64,1732,93.8,14.12,73.8
2026-09-06 11:21:31,99,2611,81.2,13.43,93.7
2026-09-06 11:21:32,7,2378,82.5,14.16,71.6
2026-09-06 11:21:33,110,1765,94.9,13.33,1.7
2026-09-06 11:21:34,16,1422,83.2,14.01,66.7
2026-09-06 11:21:35,27,3366,80.9,13.28,52.4
2026-09-06 11:21:36,0,2254,86.0,13.51,78.0
2026-09-06 11:21:37,18,2174,85.2,14.31,49.2
2026-09-06 11:21:38,112,1734,76.4,13.86,7.3
2026-09-06 11:21:39,19,2823,90.6,14.05,85.9
2026-09-06 11:21:40,9,3432,89.0,13.35,99.0
2026-09-06 11:21:41,100,1829,82.3,13.47,83.4
2026-09-06 11:21:42,65,3350,83.3,14.13,77.0
2026-09-06 11:21:43,85,1234,94.7,13.87,33.3
2026-09-06 11:21:44,16,1247,87.6,13.47,13.0
2026-09-06 11:21:45,81,1820,94.7,13.47,35.1
2026-09-06 11:21:46,0,2528,91.4,13.25,90.5
2026-09-06 11:21:47,4,2955,90.5,14.15,35.4
2026-09-06 11:21:48,4,1216,77.5,13.47,28.4
2026-09-06 11:21:49,43,3099,79.9,14.08,22.7
2026-09-06 11:21:50,92,3390,76.2,13.55,40.1
2026-09-06 11:21:51,40,1323,86.1,13.48,56.6
2026-09-06 11:21:52,37,1803,89.2,14.19,39.7
2026-09-06 11:21:53,72,2165,79.3,13.62,84.4
2026-09-06 11:21:54,65,1982,75.6,13.27,47.0
2026-09-06 11:21:55,59,2057,87.2,14.01,9.2
2026-09-06 11:21:56,61,2324,78.7,14.24,85.1
2026-09-06 11:21:57,61,3246,77.1,13.27,81.8
2026-09-06 11:21:58,93,2952,75.8,14.11,66.2
2026-09-06 11:21:59,108,3107,77.3,14.32,8.6
2026-09-06 11:22:00,109,2005,90.1,14.27,18.7
2026-09-06 11:22:01,83,2545,87.4,14.16,91.2
2026-09-06 11:22:02,0,3138,85.9,13.96,23.6
2026-09-06 11:22:03,110,2953,75.8,14.37,88.7
2026-09-06 11:22:04,111,1448,84.8,13.87,63.0
2026-09-06 11:22:05,87,1774,87.6,13.25,97.0
2026-09-06 11:22:06,86,2560,78.1,13.59,28.4
2026-09-06 11:22:07,89,1469,77.8,14.11,58.9
2026-09-06 11:22:08,116,875,76.6,14.14,7.3
2026-09-06 11:22:09,27,913,94.2,14.11,14.6
2026-09-06 11:22:10,35,2727,89.0,14.34,95.9
2026-09-06 11:22:11,106,1574,76.0,13.24,98.9
2026-09-06 11:22:12,78,1189,76.5,14.02,64.1
2026-09-06 11:22:13,89,3323,81.4,14.26,8.5
2026-09-06 11:22:14,30,2939,82.4,14.23,54.5
2026-09-06 11:22:15,107,832,87.4,13.81,64.5
2026-09-06 11:22:16,103,1366,86.1,13.67,82.9
2026-09-06 11:22:17,82,3003,86.6,13.7,36.8
2026-09-06 11:22:18,4,2738,94.1,13.43,32.0
2026-09-06 11:22:19,118,859,78.6,13.86,34.5
2026-09-06 11:22:20,16,2496,94.4,13.41,46.9
2026-09-06 11:22:21,84,1843,76.6,14.25,48.5
2026-09-06 11:22:22,111,1550,93.3,13.28,98.5
2026-09-06 11:22:23,72,2419,77.0,13.72,90.6
2026-09-06 11:22:24,75,2625,90.3,13.46,39.7
2026-09-06 11:22:25,71,2856,92.3,14.24,98.6
2026-09-06 11:22:26,52,870,91.5,13.89,65.9
2026-09-06 11:22:27,35,3445,87.6,13.97,44.5
2026-09-06 11:22:28,63,1853,94.1,13.75,56.6
2026-09-06 11:22:29,75,2359,89.3,13.72,60.4
2026-09-06 11:22:30,74,2502,90.6,13.95,29.1
2026-09-06 11:22:31,94,1890,77.4,13.47,42.0
2026-09-06 11:22:32,56,3352,83.9,14.13,16.9
2026-09-06 11:22:33,119,805,92.9,14.28,66.4
2026-09-06 11:22:34,85,1769,93.5,13.91,96.8
2026-09-06 11:22:35,74,2945,78.8,13.52,20.7
2026-09-06 11:22:36,100,1148,78.2,13.54,45.4
2026-09-06 11:22:37,83,2568,76.5,13.67,75.8
2026-09-06 11:22:38,32,1995,83.3,14.28,92.5
2026-09-06 11:22:39,108,3496,78.0,14.15,98.3
2026-09-06 11:22:40,31,3247,94.6,14.37,86.3
2026-09-06 11:22:41,81,3452,80.2,13.36,74.5
2026-09-06 11:22:42,60,2176,86.1,13.9,13.1
2026-09-06 11:22:43,32,1505,76.0,13.22,21.7
2026-09-06 11:22:44,107,2633,80.3,13.96,8.0
2026-09-06 11:22:45,34,2070,75.5,14.36,25.7
2026-09-06 11:22:46,102,1550,83.0,14.15,66.4
2026-09-06 11:22:47,92,2895,91.2,14.2,74.1
2026-09-06 11:22:48,18,2078,81.2,14.1,35.7
2026-09-06 11:22:49,17,1076,77.3,14.22,69.8
2026-09-06 11:22:50,73,2198,94.7,14.04,90.3
2026-09-06 11:22:51,54,2029,84.2,14.16,12.7
2026-09-06 11:22:52,54,2965,76.9,13.35,31.5
2026-09-06 11:22:53,27,2937,79.0,13.78,80.4
2026-09-06 11:22:54,42,1201,94.0,13.7,12.5
2026-09-06 11:22:55,16,2288,86.3,13.52,92.7
2026-09-06 11:22:56,65,3107,92.7,13.89,98.4
2026-09-06 11:22:57,42,2392,81.0,14.15,4.2
2026-09-06 11:22:58,79,1603,92.6,13.63,6.5
2026-09-06 11:22:59,58,2719,90.5,13.63,33.9
2026-09-06 11:23:00,33,2650,84.4,13.58,53.7
2026-09-06 11:23:01,7,2012,91.8,14.24,91.9
2026-09-06 11:23:02,113,1131,92.4,13.79,32.7
2026-09-06 11:23:03,119,2962,75.7,13.79,73.7
2026-09-06 11:23:04,109,2037,84.2,14.08,11.5
2026-09-06 11:23:05,11,2593,92.5,13.78,20.9
2026-09-06 11:23:06,102,817,77.7,14.19,71.6
2026-09-06 11:23:07,29,1794,77.1,13.63,65.6
2026-09-06 11:23:08,34,2078,81.3,14.29,66.6
2026-09-06 11:23:09,112,3223,92.8,13.39,58.8
2026-09-06 11:23:10,52,1065,81.3,14.34,95.7
2026-09-06 11:23:11,91,1551,82.3,13.26,57.0
2026-09-06 11:23:12,53,1026,93.2,13.88,58.4
2026-09-06 11:23:13,92,3309,84.2,13.82,90.7
2026-09-06 11:23:14,30,1763,77.0,13.69,22.6
2026-09-06 11:23:15,70,2741,93.4,13.92,78.1
2026-09-06 11:23:16,101,3339,88.1,13.82,3.3
2026-09-06 11:23:17,55,2295,89.0,13.98,59.0
2026-09-06 11:23:18,16,3333,84.3,13.79,30.1
2026-09-06 11:23:19,70,1702,93.4,13.77,93.2
2026-09-06 11:23:20,55,1396,91.7,13.72,61.7
2026-09-06 11:23:21,44,3208,87.5,13.21,14.2
2026-09-06 11:23:22,111,815,92.4,13.27,17.9
2026-09-06 11:23:23,86,3358,88.5,13.93,20.5
2026-09-06 11:23:24,9,3341,89.8,13.31,63.4
2026-09-06 11:23:25,120,1837,80.9,13.79,57.4
2026-09-06 11:23:26,57,1013,93.8,13.81,86.7
2026-09-06 11:23:27,26,2325,86.0,14.33,32.4
2026-09-06 11:23:28,96,3393,84.4,13.83,83.0
2026-09-06 11:23:29,22,2417,76.1,13.71,83.1
2026-09-06 11:23:30,23,1572,90.9,13.5,15.8
2026-09-06 11:23:31,107,1169,86.8,14.07,42.2
2026-09-06 11:23:32,8,1833,79.6,14.34,12.2
2026-09-06 11:23:33,56,2950,89.9,13.35,62.3
2026-09-06 11:23:34,48,1380,90.2,13.67,47.7
2026-09-06 11:23:35,39,1016,94.9,13.68,97.9
2026-09-06 11:23:36,23,2009,92.9,13.39,40.1
2026-09-06 11:23:37,65,2256,90.7,13.76,34.8
2026-09-06 11:23:38,28,2544,77.8,13.94,82.4
2026-09-06 11:23:39,38,1214,90.0,13.54,22.2
2026-09-06 11:23:40,59,3360,80.0,14.18,63.8
2026-09-06 11:23:41,41,1892,79.7,13.64,71.6
2026-09-06 11:23:42,20,2274,93.6,14.37,71.6
2026-09-06 11:23:43,97,1164,79.8,13.47,3.5
2026-09-06 11:23:44,24,825,79.6,13.65,3.1
2026-09-06 11:23:45,22,3353,81.7,14.05,7.2
2026-09-06 11:23:46,19,1206,92.5,14.39,7.9
2026-09-06 11:23:47,110,1589,91.3,14.25,1.1
2026-09-06 11:23:48,20,950,86.7,13.73,77.8
2026-09-06 11:23:49,44,1412,82.3,13.39,57.7
2026-09-06 11:23:50,31,3111,88.6,14.18,44.0
2026-09-06 11:23:51,96,2614,84.9,13.68,11.4
2026-09-06 11:23:52,81,3478,78.3,14.21,83.1
2026-09-06 11:23:53,99,1416,92.0,14.23,43.6
2026-09-06 11:23:54,48,3425,77.5,13.25,6.4
2026-09-06 11:23:55,72,2683,86.6,13.92,33.4
2026-09-06 11:23:56,9,2240,86.9,14.08,78.5
2026-09-06 11:23:57,64,3379,83.6,13.64,15.0
2026-09-06 11:23:58,101,2877,87.0,13.27,76.4
2026-09-06 11:23:59,25,1682,90.4,13.8,8.5
2026-09-06 11:24:00,105,914,78.1,13.87,25.4
2026-09-06 11:24:01,98,1381,84.4,14.08,91.5
2026-09-06 11:24:02,53,3107,86.1,13.62,19.8
2026-09-06 11:24:03,52,2455,83.9,13.41,76.7
2026-09-06 11:24:04,80,1710,85.2,13.97,46.0
2026-09-06 11:24:05,113,1103,85.5,13.25,75.7
2026-09-06 11:24:06,38,2943,86.0,13.71,83.9
2026-09-06 11:24:07,93,935,82.1,14.03,7.3
2026-09-06 11:24:08,14,2435,88.2,14.08,8.5
2026-09-06 11:24:09,88,1114,80.5,13.53,19.8
2026-09-06 11:24:10,35,1403,80.0,13.24,78.9
2026-09-06 11:24:11,75,2899,87.3,14.17,58.4
2026-09-06 11:24:12,75,2650,94.4,13.75,47.9
2026-09-06 11:24:13,2,3034,89.8,14.3,49.8
2026-09-06 11:24:14,38,2993,91.6,13.37,91.4
2026-09-06 11:24:15,22,2113,94.9,13.52,58.5
2026-09-06 11:24:16,0,3361,84.0,13.32,2.5
2026-09-06 11:24:17,82,1916,91.7,13.72,58.4
2026-09-06 11:24:18,91,3034,77.2,14.08,35.5
2026-09-06 11:24:19,68,1827,91.5,13.81,89.7
2026-09-06 11:24:20,8,3358,84.3,14.06,27.3
2026-09-06 11:24:21,93,3276,77.7,14.09,30.0
2026-09-06 11:24:22,39,1603,79.3,14.4,24.9
2026-09-06 11:24:23,78,1731,85.6,13.62,9.2
2026-09-06 11:24:24,47,1148,93.4,13.35,84.5
2026-09-06 11:24:25,47,1296,78.1,13.57,33.2
2026-09-06 11:24:26,115,1351,82.2,13.26,82.0
2026-09-06 11:24:27,43,2301,78.0,13.46,22.7
2026-09-06 11:24:28,91,3214,83.4,13.94,42.5
2026-09-06 11:24:29,23,1087,90.9,13.23,54.1
2026-09-06 11:24:30,101,2984,93.2,13.53,38.9
2026-09-06 11:24:31,87,3140,93.2,13.92,12.1
2026-09-06 11:24:32,110,3420,85.1,13.32,84.4
2026-09-06 11:24:33,25,1065,90.9,14.04,20.5
2026-09-06 11:24:34,39,3480,76.9,13.25,78.9
2026-09-06 11:24:35,98,1872,85.3,13.37,54.4
2026-09-06 11:24:36,88,3409,76.6,13.89,15.0
2026-09-06 11:24:37,97,3008,86.6,14.24,4.5
2026-09-06 11:24:38,84,2378,80.5,13.65,98.4
2026-09-06 11:24:39,102,2289,83.1,14.09,62.3
2026-09-06 11:24:40,21,2774,93.5,13.46,68.6
2026-09-06 11:24:41,90,2091,75.2,13.91,18.0
2026-09-06 11:24:42,25,1046,83.0,14.03,9.2
2026-09-06 11:24:43,87,2679,94.0,13.42,45.2
2026-09-06 11:24:44,24,1734,89.2,13.72,98.1
2026-09-06 11:24:45,47,912,95.0,13.93,66.5
2026-09-06 11:24:46,20,3277,81.8,13.96,86.4
2026-09-06 11:24:47,68,3128,84.1,13.94,74.1
2026-09-06 11:24:48,25,2555,94.2,14.09,54.4
2026-09-06 11:24:49,87,3494,87.3,14.22,61.6
2026-09-06 11:24:50,105,3114,88.5,13.4,36.1
2026-09-06 11:24:51,52,1722,89.9,13.21,70.9
2026-09-06 11:24:52,109,1362,87.0,14.18,44.7
2026-09-06 11:24:53,100,3391,83.3,13.29,76.2
2026-09-06 11:24:54,17,2379,89.3,14.03,3.2
2026-09-06 11:24:55,44,1852,81.9,13.36,66.7
2026-09-06 11:24:56,112,1010,84.3,14.01,71.1
2026-09-06 11:24:57,43,808,92.5,13.61,69.0
2026-09-06 11:24:58,93,2998,90.1,13.48,23.8
2026-09-06 11:24:59,20,1461,86.5,14.25,89.4
2026-09-06 11:25:00,37,2022,78.3,14.29,62.5
2026-09-06 11:25:01,13,1737,78.3,14.18,39.2
2026-09-06 11:25:02,24,3464,78.2,13.38,85.1
2026-09-06 11:25:03,79,1507,79.6,14.33,60.4
2026-09-06 11:25:04,70,2184,88.5,13.73,49.2
2026-09-06 11:25:05,82,3192,80.2,13.66,84.0
2026-09-06 11:25:06,117,2789,84.4,14.01,37.5
2026-09-06 11:25:07,44,1616,81.3,13.26,89.4
2026-09-06 11:25:08,12,2099,83.3,14.26,86.8
2026-09-06 11:25:09,42,2573,84.3,14.07,18.0
2026-09-06 11:25:10,87,2916,80.9,14.17,64.7
2026-09-06 11:25:11,23,3018,89.1,14.25,30.2
2026-09-06 11:25:12,19,1203,81.4,14.14,79.7
2026-09-06 11:25:13,15,996,87.8,13.2,34.1
2026-09-06 11:25:14,30,2371,78.6,14.38,94.8
2026-09-06 11:25:15,93,2323,87.4,13.52,5.6
2026-09-06 11:25:16,118,2787,85.9,14.01,25.4
2026-09-06 11:25:17,53,3192,84.2,13.6,55.5
2026-09-06 11:25:18,66,1146,94.7,13.65,80.1
2026-09-06 11:25:19,49,2360,78.7,13.28,53.5
2026-09-06 11:25:20,37,2338,89.1,14.32,0.9
2026-09-06 11:25:21,62,2772,81.4,13.48,72.1
2026-09-06 11:25:22,5,1270,79.4,13.36,17.8
2026-09-06 11:25:23,50,3423,75.1,13.89,25.3
2026-09-06 11:25:24,75,1339,77.3,13.88,65.8
2026-09-06 11:25:25,43,3115,75.1,14.16,50.6
2026-09-06 11:25:26,61,2864,95.0,13.86,2.1
2026-09-06 11:25:27,43,1584,85.1,13.67,77.9
2026-09-06 11:25:28,105,955,84.1,13.6,97.2
2026-09-06 11:25:29,9,1557,80.5,13.7,58.3
2026-09-06 11:25:30,108,3396,80.1,14.22,42.2
2026-09-06 11:25:31,5,2340,75.4,13.82,88.4
2026-09-06 11:25:32,7,880,75.5,13.69,62.9
2026-09-06 11:25:33,37,1506,75.5,13.78,87.6
2026-09-06 11:25:34,57,1375,76.2,14.01,46.4
2026-09-06 11:25:35,95,2443,93.6,13.28,73.2
2026-09-06 11:25:36,30,2619,88.7,13.99,96.3
2026-09-06 11:25:37,48,2918,75.8,13.71,85.9
2026-09-06 11:25:38,71,1616,86.7,14.29,28.0
2026-09-06 11:25:39,50,3154,89.3,14.36,42.8
2026-09-06 11:25:40,119,1188,77.4,14.15,50.2
2026-09-06 11:25:41,26,2399,83.8,14.04,93.6
2026-09-06 11:25:42,25,1185,76.2,14.24,56.9
2026-09-06 11:25:43,53,2998,83.3,13.72,36.9
2026-09-06 11:25:44,15,863,85.4,13.3,50.3
2026-09-06 11:25:45,12,2414,80.2,13.99,94.0
2026-09-06 11:25:46,81,3147,94.3,13.68,58.7
2026-09-06 11:25:47,36,2185,83.7,13.79,70.4
2026-09-06 11:25:48,105,878,82.1,13.56,95.3
2026-09-06 11:25:49,111,2549,91.9,13.35,9.9
2026-09-06 11:25:50,9,3074,90.7,13.93,91.0
2026-09-06 11:25:51,53,1746,88.7,13.87,57.1
2026-09-06 11:25:52,62,1028,81.8,14.31,69.5
2026-09-06 11:25:53,92,1111,94.4,14.37,19.0
2026-09-06 11:25:54,27,807,86.4,14.14,94.3
2026-09-06 11:25:55,98,3244,88.8,13.24,56.0
2026-09-06 11:25:56,40,1958,76.6,13.26,51.1
2026-09-06 11:25:57,28,894,78.2,14.07,8.4
2026-09-06 11:25:58,102,894,90.3,14.28,83.7
2026-09-06 11:25:59,22,3188,94.3,13.57,5.5
2026-09-06 11:26:00,115,3423,78.3,13.67,61.6
2026-09-06 11:26:01,79,1636,81.3,14.11,93.5
2026-09-06 11:26:02,47,2374,89.4,13.79,54.2
2026-09-06 11:26:03,20,3072,90.9,13.74,44.1
2026-09-06 11:26:04,16,2209,75.7,13.53,35.8
2026-09-06 11:26:05,120,2026,84.0,13.32,51.2
2026-09-06 11:26:06,116,1610,85.2,14.18,55.5
2026-09-06 11:26:07,106,3394,92.8,13.51,79.7
2026-09-06 11:26:08,86,809,90.4,14.22,51.0
2026-09-06 11:26:09,101,2777,87.2,14.13,81.0
2026-09-06 11:26:10,29,1824,80.7,14.23,70.3
2026-09-06 11:26:11,99,2300,81.7,13.55,78.3
2026-09-06 11:26:12,12,1976,90.4,13.28,9.3
2026-09-06 11:26:13,71,2755,78.3,13.65,92.7
2026-09-06 11:26:14,25,2933,81.9,13.53,39.1
2026-09-06 11:26:15,48,2564,84.7,14.34,49.9
2026-09-06 11:26:16,22,1689,88.1,13.93,54.5
2026-09-06 11:26:17,95,1017,87.5,14.21,75.3
2026-09-06 11:26:18,111,2999,84.2,13.91,65.1
2026-09-06 11:26:19,50,1490,93.4,13.37,24.5
2026-09-06 11:26:20,115,3106,92.5,13.44,86.1
2026-09-06 11:26:21,67,1726,79.7,13.4,33.8
2026-09-06 11:26:22,114,1651,82.3,14.25,17.1
2026-09-06 11:26:23,19,900,91.0,14.01,76.7
2026-09-06 11:26:24,92,1366,92.4,14.28,51.6
2026-09-06 11:26:25,102,1286,78.3,13.98,28.4
2026-09-06 11:26:26,60,2895,86.8,14.23,30.2
2026-09-06 11:26:27,9,3206,76.5,14.01,46.9
2026-09-06 11:26:28,118,3079,91.0,14.35,29.3
2026-09-06 11:26:29,87,2892,94.4,13.64,16.1
2026-09-06 11:26:30,70,3130,77.2,13.6,47.8
2026-09-06 11:26:31,35,2797,75.7,14.18,7.8
2026-09-06 11:26:32,120,1167,88.6,14.26,26.7
2026-09-06 11:26:33,13,3227,87.3,13.63,19.1
2026-09-06 11:26:34,5,2989,90.6,13.84,82.1
2026-09-06 11:26:35,25,2698,76.0,14.16,30.3
2026-09-06 11:26:36,100,1939,77.1,13.68,90.6
2026-09-06 11:26:37,79,2570,87.4,13.87,63.7
2026-09-06 11:26:38,27,3419,77.6,13.44,9.2
2026-09-06 11:26:39,85,2603,87.2,14.06,63.6
2026-09-06 11:26:40,96,2396,87.6,13.27,17.1
2026-09-06 11:26:41,118,1321,92.2,13.63,34.2
2026-09-06 11:26:42,30,1140,79.7,13.74,74.2
2026-09-06 11:26:43,71,1055,85.2,13.96,12.8
2026-09-06 11:26:44,55,1252,85.3,13.38,1.1
2026-09-06 11:26:45,15,1608,81.7,14.26,94.6
2026-09-06 11:26:46,22,1860,94.0,14.2,8.3
2026-09-06 11:26:47,57,2548,80.5,14.39,37.3
2026-09-06 11:26:48,77,911,92.5,14.3,36.2
2026-09-06 11:26:49,81,3122,88.3,14.08,26.4
2026-09-06 11:26:50,56,3491,78.8,14.27,76.5
2026-09-06 11:26:51,85,1432,79.1,13.21,56.8
2026-09-06 11:26:52,75,879,81.6,13.74,65.2
2026-09-06 11:26:53,31,1977,79.8,13.41,68.8
2026-09-06 11:26:54,101,2338,78.2,14.34,96.3
2026-09-06 11:26:55,34,2439,89.5,13.83,79.3
2026-09-06 11:26:56,5,2530,81.3,13.45,65.6
2026-09-06 11:26:57,3,3474,94.3,13.99,95.9
2026-09-06 11:26:58,116,2174,84.7,13.26,94.7
2026-09-06 11:26:59,41,2003,90.6,14.34,99.3
2026-09-06 11:27:00,38,2388,79.4,13.7,93.0
2026-09-06 11:27:01,28,3208,91.1,13.83,63.9
2026-09-06 11:27:02,69,2727,94.3,14.07,61.6
2026-09-06 11:27:03,33,2134,77.7,13.37,12.6
2026-09-06 11:27:04,64,1020,89.7,13.44,28.0
2026-09-06 11:27:05,96,2514,91.5,13.58,17.2
2026-09-06 11:27:06,41,3406,83.0,14.05,90.9
2026-09-06 11:27:07,119,1625,90.4,13.23,16.1
2026-09-06 11:27:08,111,1230,88.9,14.28,65.5
2026-09-06 11:27:09,30,2829,83.5,13.82,88.8
2026-09-06 11:27:10,65,1534,92.5,13.59,78.0
2026-09-06 11:27:11,93,1612,81.3,13.44,97.5
2026-09-06 11:27:12,45,2319,84.8,13.94,35.0
2026-09-06 11:27:13,20,2870,94.9,13.99,75.4
2026-09-06 11:27:14,77,3165,89.5,14.35,22.4
2026-09-06 11:27:15,27,808,83.8,13.33,98.2
2026-09-06 11:27:16,13,3114,88.8,13.9,88.9
2026-09-06 11:27:17,105,3477,75.3,14.26,94.8
2026-09-06 11:27:18,89,2861,86.9,14.33,36.8
2026-09-06 11:27:19,1,1965,78.7,14.04,80.1
2026-09-06 11:27:20,35,1875,76.3,13.81,68.8
2026-09-06 11:27:21,113,1095,85.1,13.86,84.9
2026-09-06 11:27:22,34,3070,82.2,14.26,7.5
2026-09-06 11:27:23,27,2716,79.3,14.36,74.2
2026-09-06 11:27:24,64,3401,80.3,14.06,93.3
2026-09-06 11:27:25,32,1390,82.4,13.96,41.3
2026-09-06 11:27:26,21,3118,90.9,13.59,49.0
2026-09-06 11:27:27,38,2916,78.6,14.01,55.5
2026-09-06 11:27:28,54,1159,89.9,13.95,8.7
2026-09-06 11:27:29,107,1985,82.5,13.37,93.2
2026-09-06 11:27:30,45,2875,75.8,13.62,46.6
2026-09-06 11:27:31,8,3242,77.8,14.34,77.7
2026-09-06 11:27:32,6,2654,77.6,13.87,73.7
2026-09-06 11:27:33,62,2909,83.4,13.6,10.5
2026-09-06 11:27:34,73,3296,79.9,13.26,10.1
2026-09-06 11:27:35,85,1177,89.5,13.41,13.5
2026-09-06 11:27:36,34,1274,85.3,13.88,52.9
2026-09-06 11:27:37,24,1129,94.7,13.27,79.4
2026-09-06 11:27:38,96,2006,79.2,13.49,27.8
2026-09-06 11:27:39,39,2092,85.8,13.84,15.7
2026-09-06 11:27:40,59,1673,78.5,13.85,8.5
2026-09-06 11:27:41,33,3350,87.1,13.23,99.8
2026-09-06 11:27:42,94,3401,90.0,13.89,40.3
2026-09-06 11:27:43,15,2538,84.8,13.81,73.9
2026-09-06 11:27:44,0,2244,81.5,13.75,99.9
2026-09-06 11:27:45,1,1757,93.1,13.88,35.8
2026-09-06 11:27:46,21,3429,75.9,13.72,49.1
2026-09-06 11:27:47,37,1844,83.1,14.12,38.4
2026-09-06 11:27:48,45,2816,86.8,14.29,3.9
2026-09-06 11:27:49,118,1643,82.8,13.2,32.2
2026-09-06 11:27:50,89,3327,76.8,13.54,46.1
2026-09-06 11:27:51,101,1285,88.6,13.32,31.7
2026-09-06 11:27:52,110,1392,93.4,13.77,6.1
2026-09-06 11:27:53,69,2704,83.9,13.7,55.4
2026-09-06 11:27:54,42,1107,76.2,13.6,4.7
2026-09-06 11:27:55,56,2842,93.9,14.02,74.4
2026-09-06 11:27:56,116,3483,81.3,14.19,39.9
2026-09-06 11:27:57,120,2737,90.5,13.8,88.0
2026-09-06 11:27:58,48,3227,80.5,13.91,66.5
2026-09-06 11:27:59,106,1384,88.8,13.33,99.3
2026-09-06 11:28:00,79,3451,79.3,13.47,21.0
2026-09-06 11:28:01,70,1880,86.6,13.48,18.2
2026-09-06 11:28:02,51,2018,89.6,13.46,56.8
2026-09-06 11:28:03,69,1130,79.7,14.3,23.7
2026-09-06 11:28:04,103,3019,85.3,14.15,63.0
2026-09-06 11:28:05,40,2920,82.8,13.32,88.4
2026-09-06 11:28:06,87,965,86.8,14.38,18.0
2026-09-06 11:28:07,69,2091,88.9,14.39,6.5
2026-09-06 11:28:08,83,3067,77.6,14.06,7.1
2026-09-06 11:28:09,111,1354,88.8,13.72,29.3
2026-09-06 11:28:10,91,1207,88.1,13.28,13.9
2026-09-06 11:28:11,62,3159,85.4,14.14,13.6
2026-09-06 11:28:12,84,2706,85.2,14.3,46.4
2026-09-06 11:28:13,69,1906,77.8,14.21,69.0
2026-09-06 11:28:14,30,3323,94.7,13.58,15.2
2026-09-06 11:28:15,35,971,89.4,14.31,24.0
2026-09-06 11:28:16,115,1285,89.7,14.33,69.3
2026-09-06 11:28:17,15,2297,77.4,13.34,61.5
2026-09-06 11:28:18,63,1429,90.1,13.54,54.2
2026-09-06 11:28:19,95,3448,90.1,13.2,19.8
2026-09-06 11:28:20,107,2917,93.7,13.85,13.6
2026-09-06 11:28:21,30,1347,77.5,13.72,32.1
2026-09-06 11:28:22,98,3129,77.4,14.14,16.8
2026-09-06 11:28:23,13,2761,91.0,13.63,53.3
2026-09-06 11:28:24,103,2781,76.2,14.08,87.5
2026-09-06 11:28:25,46,3298,87.7,14.37,7.3
2026-09-06 11:28:26,11,3111,85.5,13.98,87.5
2026-09-06 11:28:27,18,3233,85.7,14.4,10.5
2026-09-06 11:28:28,32,2495,89.4,13.8,80.2
2026-09-06 11:28:29,38,822,85.2,14.04,91.2
2026-09-06 11:28:30,86,1651,92.0,13.88,53.1
2026-09-06 11:28:31,43,1153,92.8,14.23,30.8
2026-09-06 11:28:32,10,3486,87.4,13.39,6.3
2026-09-06 11:28:33,8,1641,91.4,14.23,74.1
2026-09-06 11:28:34,105,906,87.6,13.74,35.9
2026-09-06 11:28:35,67,802,83.5,13.37,43.2
2026-09-06 11:28:36,40,1058,92.1,14.18,96.1
2026-09-06 11:28:37,66,3030,82.4,14.28,7.3
2026-09-06 11:28:38,40,1818,89.3,14.33,2.3
2026-09-06 11:28:39,42,1150,94.6,13.6,91.8
2026-09-06 11:28:40,120,1598,80.6,13.4,1.4
2026-09-06 11:28:41,97,2000,90.5,14.34,40.0
2026-09-06 11:28:42,96,830,93.0,14.36,46.7
2026-09-06 11:28:43,75,2356,78.6,14.4,15.3
2026-09-06 11:28:44,111,1092,83.0,13.84,5.8
2026-09-06 11:28:45,29,3306,84.2,13.94,53.7
2026-09-06 11:28:46,22,2180,75.4,14.32,46.5
2026-09-06 11:28:47,84,2864,86.4,13.62,94.9
2026-09-06 11:28:48,109,2906,77.8,14.32,79.8
2026-09-06 11:28:49,7,1134,83.0,13.57,44.9
2026-09-06 11:28:50,80,2057,78.1,13.56,24.0
2026-09-06 11:28:51,8,2278,75.4,14.28,74.5
2026-09-06 11:28:52,13,1376,77.2,13.35,86.5
2026-09-06 11:28:53,95,2417,82.4,13.49,12.5
2026-09-06 11:28:54,27,2015,91.6,13.32,82.9
2026-09-06 11:28:55,4,3196,89.4,14.36,69.5
2026-09-06 11:28:56,47,3322,94.8,13.99,27.2
2026-09-06 11:28:57,97,1830,76.4,13.63,33.5
2026-09-06 11:28:58,72,2070,86.0,14.24,55.5
2026-09-06 11:28:59,111,3281,88.5,13.45,81.6
2026-09-06 11:29:00,73,2903,84.8,14.26,58.6
2026-09-06 11:29:01,22,3081,92.1,13.42,9.1
2026-09-06 11:29:02,23,2030,94.3,14.36,8.1
2026-09-06 11:29:03,66,1504,93.0,13.21,26.5
2026-09-06 11:29:04,31,3152,78.8,13.98,91.8
2026-09-06 11:29:05,45,1574,83.1,13.86,5.4
2026-09-06 11:29:06,99,2636,88.0,13.48,75.4
2026-09-06 11:29:07,60,1654,89.1,13.82,87.9
2026-09-06 11:29:08,111,2328,87.7,14.38,10.3
2026-09-06 11:29:09,43,2784,84.2,14.26,15.3
2026-09-06 11:29:10,97,2381,82.8,13.2,23.2
2026-09-06 11:29:11,12,940,80.6,13.91,73.6
2026-09-06 11:29:12,90,1801,79.5,13.28,17.1
2026-09-06 11:29:13,28,3372,77.3,14.19,12.4
2026-09-06 11:29:14,112,2497,82.2,13.36,46.8
2026-09-06 11:29:15,45,1419,81.1,13.87,44.1
2026-09-06 11:29:16,106,2611,85.6,13.54,92.2
2026-09-06 11:29:17,109,3472,85.9,13.66,6.8
2026-09-06 11:29:18,9,3298,81.8,13.22,7.9
2026-09-06 11:29:19,79,2228,92.8,14.12,65.3
2026-09-06 11:29:20,94,2131,88.3,14.38,57.7
2026-09-06 11:29:21,119,3335,92.1,14.23,38.4
2026-09-06 11:29:22,8,2393,75.2,14.24,49.5
2026-09-06 11:29:23,18,3139,93.3,14.18,52.6
2026-09-06 11:29:24,42,3139,90.9,13.75,78.7
2026-09-06 11:29:25,86,1978,81.7,13.73,83.9
2026-09-06 11:29:26,120,1707,75.8,13.95,73.1
2026-09-06 11:29:27,38,1797,79.2,13.49,20.3
2026-09-06 11:29:28,116,963,81.8,13.68,23.3
2026-09-06 11:29:29,46,1476,89.5,13.93,2.2
2026-09-06 11:29:30,73,984,82.0,13.98,59.8
2026-09-06 11:29:31,86,2887,81.0,13.8,17.7
2026-09-06 11:29:32,98,3296,82.4,13.36,8.7
2026-09-06 11:29:33,106,3362,76.0,13.72,45.4
2026-09-06 11:29:34,90,1311,76.7,14.05,44.6
2026-09-06 11:29:35,77,3220,78.6,13.84,46.7
2026-09-06 11:29:36,112,892,76.8,14.01,8.0
2026-09-06 11:29:37,3,973,92.2,14.0,31.5
2026-09-06 11:29:38,61,901,92.6,13.53,57.7
2026-09-06 11:29:39,53,1090,94.1,13.4,41.8
2026-09-06 11:29:40,52,1450,92.8,13.89,85.9
2026-09-06 11:29:41,39,2873,79.7,14.32,12.4
2026-09-06 11:29:42,61,2311,87.6,13.25,30.0
2026-09-06 11:29:43,30,1357,89.1,13.36,48.6
2026-09-06 11:29:44,120,2141,87.0,13.82,67.0
2026-09-06 11:29:45,81,1583,87.7,14.01,32.3
2026-09-06 11:29:46,112,1365,85.2,13.83,52.4
2026-09-06 11:29:47,51,3289,93.0,14.38,94.9
2026-09-06 11:29:48,12,1107,81.2,13.21,19.1
2026-09-06 11:29:49,9,1801,86.6,13.75,32.6
2026-09-06 11:29:50,36,2957,85.7,14.29,75.5
2026-09-06 11:29:51,82,2968,93.7,14.2,35.8
2026-09-06 11:29:52,113,838,83.8,14.31,19.9
2026-09-06 11:29:53,82,3379,89.5,13.98,82.2
2026-09-06 11:29:54,15,1673,86.2,14.26,63.1
2026-09-06 11:29:55,8,1014,82.8,13.71,52.0
2026-09-06 11:29:56,21,1193,81.5,13.31,65.5
2026-09-06 11:29:57,69,2237,84.1,13.63,26.0
2026-09-06 11:29:58,89,2629,93.4,13.28,34.2
2026-09-06 11:29:59,3,1476,87.2,14.12,52.6
2026-09-06 11:30:00,35,1857,93.6,13.42,74.2
2026-09-06 11:30:01,103,3174,85.4,13.47,82.4
2026-09-06 11:30:02,46,2610,77.7,13.43,1.4
2026-09-06 11:30:03,110,2867,89.9,13.68,78.0
2026-09-06 11:30:04,79,1919,82.5,13.4,57.0
2026-09-06 11:30:05,94,2334,82.5,13.46,79.9
2026-09-06 11:30:06,66,2993,84.8,13.65,1.2
2026-09-06 11:30:07,38,1446,83.1,13.63,90.2
2026-09-06 11:30:08,106,1440,81.2,14.36,73.8
2026-09-06 11:30:09,99,1612,84.4,13.71,80.5
2026-09-06 11:30:10,111,2658,85.3,13.61,19.7
2026-09-06 11:30:11,86,1286,92.4,13.95,39.7
2026-09-06 11:30:12,12,2650,93.4,14.39,12.8
2026-09-06 11:30:13,105,2714,92.5,14.16,47.4
2026-09-06 11:30:14,111,2455,84.9,13.51,42.3
2026-09-06 11:30:15,14,2744,93.6,13.35,7.4
2026-09-06 11:30:16,3,1960,76.8,14.0,59.2
2026-09-06 11:30:17,78,1221,82.7,13.68,93.2
2026-09-06 11:30:18,53,2409,85.4,13.52,20.4
2026-09-06 11:30:19,13,1104,79.6,13.79,95.1
2026-09-06 11:30:20,58,1622,77.5,14.25,71.3
2026-09-06 11:30:21,91,3162,82.7,13.85,42.5
2026-09-06 11:30:22,70,1690,78.8,14.16,88.8
2026-09-06 11:30:23,87,2890,94.9,14.13,34.0
2026-09-06 11:30:24,79,966,77.4,13.71,10.1
2026-09-06 11:30:25,85,2690,85.9,14.35,62.2
2026-09-06 11:30:26,40,1853,87.4,13.27,80.1
2026-09-06 11:30:27,116,2186,95.0,13.42,35.1
2026-09-06 11:30:28,5,994,91.8,13.25,18.0
2026-09-06 11:30:29,56,914,87.6,13.77,89.1
2026-09-06 11:30:30,9,2905,76.6,13.27,4.2
2026-09-06 11:30:31,3,1976,91.6,13.86,58.2
2026-09-06 11:30:32,57,1641,77.7,14.25,78.7
2026-09-06 11:30:33,90,2672,79.2,14.12,58.8
2026-09-06 11:30:34,118,977,85.8,14.11,59.8
2026-09-06 11:30:35,104,1535,76.1,14.38,4.1
2026-09-06 11:30:36,33,2041,92.5,13.58,49.4
2026-09-06 11:30:37,61,1053,86.6,13.82,5.8
2026-09-06 11:30:38,32,3177,79.5,13.59,10.3
2026-09-06 11:30:39,78,1138,94.0,14.09,36.6
2026-09-06 11:30:40,96,3265,81.3,13.28,64.1
2026-09-06 11:30:41,93,1435,92.7,13.44,78.4
2026-09-06 11:30:42,105,1900,93.2,13.91,44.0
2026-09-06 11:30:43,41,2897,91.2,14.19,33.6
2026-09-06 11:30:44,12,1456,93.6,13.92,43.6
2026-09-06 11:30:45,12,2984,85.0,14.4,89.5
2026-09-06 11:30:46,99,2455,85.8,14.01,56.3
2026-09-06 11:30:47,98,2132,76.3,13.96,29.8
2026-09-06 11:30:48,114,1039,82.3,14.26,26.8
2026-09-06 11:30:49,81,1047,83.1,13.57,90.1
2026-09-06 11:30:50,105,1293,93.6,13.22,18.5
2026-09-06 11:30:51,87,873,81.2,14.05,63.3
2026-09-06 11:30:52,10,1233,92.4,13.6,60.6
2026-09-06 11:30:53,110,1228,76.3,13.28,46.0
2026-09-06 11:30:54,14,982,94.6,13.23,12.3
2026-09-06 11:30:55,116,1719,78.7,13.88,74.8
2026-09-06 11:30:56,103,1432,77.3,13.27,49.4
2026-09-06 11:30:57,111,1939,82.1,13.59,86.4
2026-09-06 11:30:58,88,998,82.3,13.39,8.4
2026-09-06 11:30:59,6,2817,82.1,14.18,98.0
2026-09-06 11:31:00,100,3230,82.3,13.68,23.8
2026-09-06 11:31:01,54,1849,93.1,13.36,37.7
2026-09-06 11:31:02,7,1756,81.1,13.23,1.4
2026-09-06 11:31:03,111,3494,92.9,14.22,40.0
2026-09-06 11:31:04,8,1736,87.1,13.49,81.9
2026-09-06 11:31:05,43,1726,79.7,14.33,82.3
2026-09-06 11:31:06,27,3048,88.2,13.92,17.9
2026-09-06 11:31:07,3,1934,81.7,14.15,52.1
2026-09-06 11:31:08,33,2488,84.3,14.35,98.5
2026-09-06 11:31:09,64,2356,89.7,14.34,70.2
2026-09-06 11:31:10,15,3062,90.9,14.07,12.6
2026-09-06 11:31:11,22,1439,91.8,13.59,99.2
2026-09-06 11:31:12,117,2171,90.4,13.98,73.1
2026-09-06 11:31:13,99,2548,89.5,13.96,66.5
2026-09-06 11:31:14,25,3074,85.3,13.39,88.1
2026-09-06 11:31:15,32,3066,81.3,14.27,54.5
2026-09-06 11:31:16,111,1491,87.0,13.87,65.4
2026-09-06 11:31:17,113,2759,77.9,13.69,73.0
2026-09-06 11:31:18,8,2543,88.4,13.59,8.0
2026-09-06 11:31:19,89,1326,85.2,13.32,96.7
2026-09-06 11:31:20,57,3479,80.2,13.93,86.6
2026-09-06 11:31:21,31,2369,80.6,13.72,19.9
2026-09-06 11:31:22,52,2382,87.3,13.27,40.7
2026-09-06 11:31:23,109,1032,80.3,14.12,9.9
2026-09-06 11:31:24,116,2726,92.3,14.14,30.5
2026-09-06 11:31:25,88,1606,81.2,13.54,27.8
2026-09-06 11:31:26,98,1701,95.0,14.04,90.1
2026-09-06 11:31:27,29,2088,76.9,13.22,76.8
2026-09-06 11:31:28,14,3417,81.0,14.07,67.1
2026-09-06 11:31:29,64,1840,94.1,13.62,54.7
2026-09-06 11:31:30,13,2685,85.8,13.36,65.1
2026-09-06 11:31:31,110,2557,75.1,13.47,64.9
2026-09-06 11:31:32,80,1207,84.2,14.04,23.8
2026-09-06 11:31:33,91,3412,81.5,13.31,96.4
2026-09-06 11:31:34,110,3003,81.4,14.25,7.5
2026-09-06 11:31:35,55,2467,80.9,14.02,72.7
2026-09-06 11:31:36,3,2458,87.3,13.33,70.3
2026-09-06 11:31:37,82,1525,94.8,14.09,50.3
2026-09-06 11:31:38,75,1779,87.7,13.38,5.3
2026-09-06 11:31:39,62,2150,80.9,14.26,61.1
2026-09-06 11:31:40,35,3003,87.5,13.39,83.1
2026-09-06 11:31:41,112,1670,78.1,13.65,64.2
2026-09-06 11:31:42,86,2982,87.7,13.57,69.5
2026-09-06 11:31:43,20,2557,77.8,13.87,89.3
2026-09-06 11:31:44,81,3101,75.6,13.81,45.8
2026-09-06 11:31:45,9,3092,79.7,14.15,46.6
2026-09-06 11:31:46,22,2833,93.7,13.33,62.5
2026-09-06 11:31:47,84,1753,88.5,14.06,34.0
2026-09-06 11:31:48,38,1061,85.2,14.36,34.0
2026-09-06 11:31:49,2,2851,82.3,14.35,20.2
2026-09-06 11:31:50,114,2563,84.7,14.03,48.3
2026-09-06 11:31:51,90,1547,88.7,13.48,42.3
2026-09-06 11:31:52,12,1953,76.6,13.59,0.7
2026-09-06 11:31:53,63,2926,77.5,14.0,45.5
2026-09-06 11:31:54,53,1463,94.2,13.56,4.7
2026-09-06 11:31:55,17,2200,91.6,13.25,77.0
2026-09-06 11:31:56,45,2488,77.3,14.31,20.7
2026-09-06 11:31:57,10,3071,75.4,14.03,45.6
2026-09-06 11:31:58,5,876,82.2,13.3,43.2
2026-09-06 11:31:59,112,3271,87.9,14.11,77.3
2026-09-06 11:32:00,69,1539,85.9,13.71,4.2
2026-09-06 11:32:01,64,3162,84.9,14.18,53.5
2026-09-06 11:32:02,31,2285,81.2,13.23,5.8
2026-09-06 11:32:03,5,1792,83.8,13.21,39.8
2026-09-06 11:32:04,35,1999,79.3,13.99,8.7
2026-09-06 11:32:05,33,3368,79.3,13.54,95.7
2026-09-06 11:32:06,50,1398,77.8,13.77,66.6
2026-09-06 11:32:07,112,1978,77.6,14.08,18.8
2026-09-06 11:32:08,97,906,86.8,13.72,18.1
2026-09-06 11:32:09,118,1861,87.2,13.74,50.5
2026-09-06 11:32:10,81,1434,88.7,13.69,85.0
2026-09-06 11:32:11,19,3327,92.8,13.22,78.3
2026-09-06 11:32:12,14,2089,94.4,14.09,41.1
2026-09-06 11:32:13,50,977,84.2,13.51,17.2
2026-09-06 11:32:14,45,1593,88.1,14.25,45.4
2026-09-06 11:32:15,66,2609,80.0,13.57,63.0
2026-09-06 11:32:16,22,2003,87.7,14.09,37.6
2026-09-06 11:32:17,7,2202,81.1,14.04,26.8
2026-09-06 11:32:18,42,3452,92.5,13.28,0.5
2026-09-06 11:32:19,80,1880,77.4,14.31,63.0
2026-09-06 11:32:20,103,2556,77.7,14.05,1.1
2026-09-06 11:32:21,36,1293,76.5,14.3,78.3
2026-09-06 11:32:22,86,3326,76.0,13.35,0.5
2026-09-06 11:32:23,76,2826,93.4,14.04,1.4
2026-09-06 11:32:24,35,1192,77.7,13.31,3.5
2026-09-06 11:32:25,65,3293,84.0,13.74,95.6
2026-09-06 11:32:26,50,2153,82.9,14.29,37.8
2026-09-06 11:32:27,71,3408,79.9,13.27,85.6
2026-09-06 11:32:28,78,1185,88.5,14.28,50.1
2026-09-06 11:32:29,10,2627,80.9,13.47,36.2
2026-09-06 11:32:30,3,906,80.3,13.34,18.4
2026-09-06 11:32:31,100,1028,77.9,13.7,79.3
2026-09-06 11:32:32,73,1339,90.4,14.16,89.4
2026-09-06 11:32:33,99,3296,87.7,14.3,0.8
2026-09-06 11:32:34,77,3278,89.5,13.55,49.6
2026-09-06 11:32:35,68,1766,91.4,14.24,48.9
2026-09-06 11:32:36,115,1552,78.8,13.28,87.5
2026-09-06 11:32:37,40,1707,90.1,14.35,38.0
2026-09-06 11:32:38,28,3145,89.4,13.33,10.7
2026-09-06 11:32:39,65,1194,89.7,13.88,67.8
2026-09-06 11:32:40,2,2963,77.4,13.74,46.6
2026-09-06 11:32:41,54,2622,90.3,13.77,51.1
2026-09-06 11:32:42,60,1206,91.0,13.37,19.7
2026-09-06 11:32:43,74,3209,76.9,13.87,38.3
2026-09-06 11:32:44,63,2892,92.0,13.5,37.1
2026-09-06 11:32:45,16,2559,79.3,13.89,11.2
2026-09-06 11:32:46,50,3448,86.4,13.21,41.4
2026-09-06 11:32:47,9,2919,79.7,13.26,48.0
2026-09-06 11:32:48,96,2322,94.1,14.22,79.8
2026-09-06 11:32:49,103,1359,89.3,14.0,40.0
2026-09-06 11:32:50,19,2565,77.6,13.76,92.2
2026-09-06 11:32:51,59,1589,75.7,13.69,74.1
2026-09-06 11:32:52,58,3203,85.1,13.52,39.9
2026-09-06 11:32:53,84,3355,89.5,13.98,90.9
2026-09-06 11:32:54,79,2827,84.4,13.24,16.3
2026-09-06 11:32:55,112,2939,88.5,14.24,14.4
2026-09-06 11:32:56,11,3340,94.6,14.17,19.3
2026-09-06 11:32:57,10,965,85.6,13.64,60.1
2026-09-06 11:32:58,22,2434,85.1,13.31,68.9
2026-09-06 11:32:59,15,2973,91.0,13.29,86.0
2026-09-06 11:33:00,61,1202,93.0,13.58,86.8
2026-09-06 11:33:01,15,1622,89.0,13.44,49.9
2026-09-06 11:33:02,90,2235,76.7,14.39,37.8
2026-09-06 11:33:03,1,2056,87.7,13.64,6.5
2026-09-06 11:33:04,35,2966,76.1,13.72,3.4
2026-09-06 11:33:05,25,1123,94.0,13.7,61.7
2026-09-06 11:33:06,12,2868,80.5,14.39,16.9
2026-09-06 11:33:07,59,2263,80.6,13.36,28.0
2026-09-06 11:33:08,26,2122,87.2,13.25,11.3
2026-09-06 11:33:09,119,2501,77.9,14.27,88.4
2026-09-06 11:33:10,92,3045,75.9,14.08,42.1
2026-09-06 11:33:11,45,1830,77.7,13.43,62.7
2026-09-06 11:33:12,110,2996,83.8,13.66,50.9
2026-09-06 11:33:13,117,2956,90.1,13.43,27.4
2026-09-06 11:33:14,87,1246,75.5,13.38,14.6
2026-09-06 11:33:15,83,1965,78.6,13.98,95.7
2026-09-06 11:33:16,57,1223,81.9,13.63,44.4
2026-09-06 11:33:17,58,1767,75.0,13.92,77.6
2026-09-06 11:33:18,106,1992,86.2,13.39,55.0
2026-09-06 11:33:19,23,1525,85.8,13.65,10.4
2026-09-06 11:33:20,18,1089,80.6,13.85,14.6
2026-09-06 11:33:21,91,3262,86.0,13.39,29.5
2026-09-06 11:33:22,92,1598,82.4,13.58,15.0
2026-09-06 11:33:23,117,1572,85.3,13.85,9.7
2026-09-06 11:33:24,110,2223,77.1,13.29,70.2
2026-09-06 11:33:25,82,2638,88.2,13.92,78.3
2026-09-06 11:33:26,119,954,90.4,14.07,7.2
2026-09-06 11:33:27,14,1185,91.1,13.31,88.2
2026-09-06 11:33:28,117,2715,75.5,14.31,17.1
2026-09-06 11:33:29,30,1651,85.5,14.06,41.4
2026-09-06 11:33:30,114,849,92.5,13.78,21.2
2026-09-06 11:33:31,67,2465,76.9,13.56,47.6
2026-09-06 11:33:32,61,1424,79.0,13.28,95.7
2026-09-06 11:33:33,114,862,86.2,13.81,81.6
2026-09-06 11:33:34,104,1040,81.7,13.67,98.2
2026-09-06 11:33:35,27,1790,83.9,13.61,72.0
2026-09-06 11:33:36,43,3411,77.3,14.26,21.9
2026-09-06 11:33:37,73,2702,75.6,14.04,43.9
2026-09-06 11:33:38,23,1869,83.2,13.78,4.5
2026-09-06 11:33:39,15,1234,88.8,14.0,0.9
2026-09-06 11:33:40,10,3492,93.0,13.68,31.5
2026-09-06 11:33:41,114,3365,82.2,13.28,2.9
2026-09-06 11:33:42,13,3020,86.4,13.33,62.9
2026-09-06 11:33:43,34,1971,86.3,13.9,93.1
2026-09-06 11:33:44,32,2959,94.4,13.22,70.0
2026-09-06 11:33:45,65,3345,83.1,14.36,26.2
2026-09-06 11:33:46,87,2588,83.9,13.94,81.1
2026-09-06 11:33:47,8,2870,81.3,13.89,70.2
2026-09-06 11:33:48,114,1467,90.3,14.04,24.8
2026-09-06 11:33:49,24,2793,78.6,13.57,10.1
2026-09-06 11:33:50,99,3210,94.5,13.61,47.8
2026-09-06 11:33:51,94,1862,82.0,13.39,18.9
2026-09-06 11:33:52,88,3159,76.0,14.0,81.4
2026-09-06 11:33:53,43,2417,88.6,14.0,60.3
2026-09-06 11:33:54,68,882,82.8,13.59,3.9
2026-09-06 11:33:55,28,3460,84.5,14.34,7.0
2026-09-06 11:33:56,33,1298,80.6,13.56,57.5
2026-09-06 11:33:57,62,2889,80.8,13.42,79.0
2026-09-06 11:33:58,61,2867,75.6,13.91,0.6
2026-09-06 11:33:59,50,2765,76.0,13.85,57.7
2026-09-06 11:34:00,120,3451,89.5,14.26,79.9
2026-09-06 11:34:01,12,3265,88.7,13.86,21.5
2026-09-06 11:34:02,30,1052,89.4,13.22,89.6
2026-09-06 11:34:03,50,1231,91.2,13.33,44.1
2026-09-06 11:34:04,18,1455,92.8,13.78,14.9
2026-09-06 11:34:05,110,2755,82.9,13.77,5.0
2026-09-06 11:34:06,117,1820,78.6,13.65,31.5
2026-09-06 11:34:07,16,1909,89.8,13.69,99.3
2026-09-06 11:34:08,49,2319,79.9,13.37,2.1
2026-09-06 11:34:09,5,802,94.1,14.06,7.9
2026-09-06 11:34:10,1,1115,90.1,13.8,72.8
2026-09-06 11:34:11,119,2503,84.4,13.38,72.5
2026-09-06 11:34:12,86,2557,89.7,13.43,20.8
2026-09-06 11:34:13,109,1414,81.6,13.96,76.1
2026-09-06 11:34:14,57,823,93.3,13.82,52.9
2026-09-06 11:34:15,105,2092,88.9,13.53,40.6
2026-09-06 11:34:16,78,3460,80.6,13.21,81.5
2026-09-06 11:34:17,79,2200,82.4,13.73,6.6
2026-09-06 11:34:18,33,814,81.9,13.4,64.6
2026-09-06 11:34:19,53,2813,82.8,13.57,8.4
2026-09-06 11:34:20,32,2476,76.7,13.87,85.7
2026-09-06 11:34:21,45,1910,90.6,14.06,71.8
2026-09-06 11:34:22,82,1437,77.0,13.63,80.9
2026-09-06 11:34:23,51,1392,92.6,13.38,58.9
2026-09-06 11:34:24,90,1958,92.2,14.24,38.7
2026-09-06 11:34:25,75,1906,83.0,13.23,50.9
2026-09-06 11:34:26,74,1719,78.7,13.58,84.5
2026-09-06 11:34:27,116,3025,86.6,13.49,26.0
2026-09-06 11:34:28,69,3025,81.7,13.47,83.1
2026-09-06 11:34:29,70,1316,79.0,13.47,24.0
2026-09-06 11:34:30,10,936,76.8,13.97,34.9
2026-09-06 11:34:31,50,1983,80.3,13.28,34.4
2026-09-06 11:34:32,89,3057,83.7,13.7,34.2
2026-09-06 11:34:33,66,3436,80.0,14.23,57.2
2026-09-06 11:34:34,89,1503,91.8,13.47,59.2
2026-09-06 11:34:35,89,1361,81.1,13.92,48.5
2026-09-06 11:34:36,20,3098,79.4,14.02,67.0
2026-09-06 11:34:37,120,1562,90.7,13.23,34.3
2026-09-06 11:34:38,69,3482,91.0,13.78,27.9
2026-09-06 11:34:39,5,1703,88.6,14.39,26.7
2026-09-06 11:34:40,105,2937,89.9,14.0,68.8
2026-09-06 11:34:41,26,1644,89.6,13.94,49.9
2026-09-06 11:34:42,96,1719,92.6,14.37,8.4
2026-09-06 11:34:43,108,2664,92.3,14.39,77.6
2026-09-06 11:34:44,71,1947,78.9,14.01,83.9
2026-09-06 11:34:45,61,947,90.5,14.35,20.7
2026-09-06 11:34:46,21,1352,81.1,13.97,73.4
2026-09-06 11:34:47,3,2375,75.9,14.02,27.0
2026-09-06 11:34:48,82,1204,79.1,14.03,53.1
2026-09-06 11:34:49,41,1151,87.4,13.27,24.3
2026-09-06 11:34:50,51,2971,76.7,13.66,46.1
2026-09-06 11:34:51,35,2198,78.2,14.08,52.2
2026-09-06 11:34:52,14,1298,83.3,13.39,13.6
2026-09-06 11:34:53,64,2125,85.5,14.32,68.4
2026-09-06 11:34:54,111,1224,84.1,13.59,45.6
2026-09-06 11:34:55,70,3363,86.5,14.34,10.8
2026-09-06 11:34:56,17,3465,87.1,13.33,73.0
2026-09-06 11:34:57,25,1533,77.2,13.24,92.4
2026-09-06 11:34:58,63,2164,87.4,13.32,81.9
2026-09-06 11:34:59,36,1437,90.1,14.17,36.9
2026-09-06 11:35:00,76,2500,94.9,13.22,34.0
2026-09-06 11:35:01,25,2706,86.0,14.07,74.0
2026-09-06 11:35:02,114,3377,77.1,14.09,14.7
2026-09-06 11:35:03,111,3215,78.1,13.93,4.5
2026-09-06 11:35:04,116,3357,79.2,13.42,29.5
2026-09-06 11:35:05,11,1782,80.8,14.05,19.2
2026-09-06 11:35:06,90,1860,92.5,13.93,49.9
2026-09-06 11:35:07,66,2540,80.7,13.68,58.3
2026-09-06 11:35:08,120,1823,91.1,13.94,77.4
2026-09-06 11:35:09,50,3047,85.2,13.84,64.1
2026-09-06 11:35:10,93,2081,75.1,13.55,87.9
2026-09-06 11:35:11,26,2780,89.3,13.91,49.7
2026-09-06 11:35:12,37,3372,92.4,13.25,55.1
2026-09-06 11:35:13,58,3030,89.8,14.1,11.3
2026-09-06 11:35:14,58,1718,88.3,13.53,30.4
2026-09-06 11:35:15,76,3373,77.8,14.37,10.8
2026-09-06 11:35:16,5,3026,90.3,14.17,59.8
2026-09-06 11:35:17,24,1780,80.3,13.45,2.2
2026-09-06 11:35:18,58,2688,91.2,14.15,27.8
2026-09-06 11:35:19,37,812,83.2,13.61,47.2
2026-09-06 11:35:20,72,2354,84.5,14.09,1.9
2026-09-06 11:35:21,34,1903,93.1,13.6,51.2
2026-09-06 11:35:22,13,2644,92.5,14.28,17.4
2026-09-06 11:35:23,1,3261,79.6,14.27,72.9
2026-09-06 11:35:24,87,3326,80.2,13.83,93.9
2026-09-06 11:35:25,1,1049,83.7,13.99,8.7
2026-09-06 11:35:26,87,2602,94.7,14.19,9.3
2026-09-06 11:35:27,101,2239,75.8,13.42,58.4
2026-09-06 11:35:28,90,2815,83.8,13.84,90.3
2026-09-06 11:35:29,43,1970,79.6,14.39,11.7
2026-09-06 11:35:30,20,2882,75.9,13.72,31.7
2026-09-06 11:35:31,113,2697,87.6,13.59,91.0
2026-09-06 11:35:32,6,2680,87.1,13.96,80.2
2026-09-06 11:35:33,58,950,85.2,13.35,38.9
2026-09-06 11:35:34,17,1864,91.2,13.72,71.9
2026-09-06 11:35:35,39,3361,90.3,14.29,21.0
2026-09-06 11:35:36,103,3353,81.3,13.36,49.8
2026-09-06 11:35:37,85,1306,90.8,13.78,64.9
2026-09-06 11:35:38,17,1813,83.1,14.29,9.2
2026-09-06 11:35:39,56,2625,76.9,13.45,91.2
2026-09-06 11:35:40,33,2037,92.7,13.23,39.0
2026-09-06 11:35:41,76,804,89.2,13.61,48.7
2026-09-06 11:35:42,112,1019,79.7,14.05,27.5
2026-09-06 11:35:43,20,1173,79.8,13.41,78.4
2026-09-06 11:35:44,87,3113,85.6,13.82,62.1
2026-09-06 11:35:45,102,3255,94.6,14.16,20.4
2026-09-06 11:35:46,28,844,92.7,13.58,94.7
2026-09-06 11:35:47,40,1188,93.9,13.74,30.5
2026-09-06 11:35:48,118,3003,76.4,13.41,41.4
2026-09-06 11:35:49,6,1968,89.4,13.95,77.0
2026-09-06 11:35:50,71,1124,87.0,13.58,66.4
2026-09-06 11:35:51,71,2274,88.0,13.41,94.3
2026-09-06 11:35:52,35,1322,75.1,13.35,47.3
2026-09-06 11:35:53,107,3046,93.8,13.52,71.5
2026-09-06 11:35:54,43,1233,92.1,13.44,41.7
2026-09-06 11:35:55,28,2577,75.9,13.37,86.0
2026-09-06 11:35:56,107,2725,90.9,14.33,15.8
2026-09-06 11:35:57,55,3383,84.8,14.01,28.4
2026-09-06 11:35:58,11,3202,88.4,13.54,5.3
2026-09-06 11:35:59,98,1513,92.8,13.32,86.3
2026-09-06 11:36:00,64,2605,77.8,14.33,81.3
2026-09-06 11:36:01,57,2276,94.3,14.02,76.5
2026-09-06 11:36:02,92,2979,78.7,14.09,87.9
2026-09-06 11:36:03,39,2634,90.4,14.14,3.5
2026-09-06 11:36:04,75,2422,77.6,13.3,22.3
2026-09-06 11:36:05,18,3344,87.4,13.57,57.1
2026-09-06 11:36:06,101,1260,93.7,13.22,52.1
2026-09-06 11:36:07,106,3289,95.0,14.38,54.7
2026-09-06 11:36:08,42,2018,87.3,14.24,68.3
2026-09-06 11:36:09,19,2184,78.7,14.23,2.1
2026-09-06 11:36:10,41,1982,78.1,14.33,78.7
2026-09-06 11:36:11,114,2846,75.4,14.03,92.0
2026-09-06 11:36:12,64,3287,91.0,14.04,76.7
2026-09-06 11:36:13,4,3398,79.9,14.35,53.1
2026-09-06 11:36:14,65,3061,94.8,14.23,39.6
2026-09-06 11:36:15,103,3353,78.3,13.76,15.4
2026-09-06 11:36:16,61,2196,90.1,13.86,24.0
2026-09-06 11:36:17,14,1105,82.0,13.33,6.6
2026-09-06 11:36:18,67,2970,81.6,13.75,49.0
2026-09-06 11:36:19,60,2681,84.1,14.26,95.4
2026-09-06 11:36:20,110,1071,94.3,13.83,51.2
2026-09-06 11:36:21,111,2255,79.4,13.54,24.9
2026-09-06 11:36:22,49,3449,79.3,13.33,94.2
2026-09-06 11:36:23,75,3392,78.8,14.02,23.0
2026-09-06 11:36:24,96,1107,75.6,14.21,39.1
2026-09-06 11:36:25,51,2314,77.5,14.16,36.2
2026-09-06 11:36:26,96,1818,91.4,13.85,39.7
2026-09-06 11:36:27,113,891,91.7,13.4,0.5
2026-09-06 11:36:28,29,1660,87.9,13.64,52.2
2026-09-06 11:36:29,69,1956,89.4,13.92,59.6
2026-09-06 11:36:30,96,822,76.4,13.49,58.1
2026-09-06 11:36:31,56,1938,84.9,14.23,77.9
2026-09-06 11:36:32,108,1780,87.6,13.7,21.7
2026-09-06 11:36:33,57,2894,84.1,14.36,89.4
2026-09-06 11:36:34,18,3426,95.0,13.8,14.9
2026-09-06 11:36:35,77,2894,92.0,14.23,80.2
2026-09-06 11:36:36,3,3128,83.9,13.61,1.8
2026-09-06 11:36:37,27,2492,79.4,14.31,20.8
2026-09-06 11:36:38,49,927,78.6,13.72,86.3
2026-09-06 11:36:39,87,2039,79.7,14.05,92.8
2026-09-06 11:36:40,108,1088,81.0,14.38,16.4
2026-09-06 11:36:41,13,1115,77.4,13.32,85.8
2026-09-06 11:36:42,8,2519,91.9,14.03,42.1
2026-09-06 11:36:43,94,1041,79.9,13.31,93.9
2026-09-06 11:36:44,7,2823,78.8,13.87,63.8
2026-09-06 11:36:45,15,1818,75.8,14.25,12.5
2026-09-06 11:36:46,28,1730,94.1,13.59,92.0
2026-09-06 11:36:47,77,3382,82.6,14.35,80.2
2026-09-06 11:36:48,95,1892,79.3,13.28,26.4
2026-09-06 11:36:49,18,872,93.7,14.2,32.0
2026-09-06 11:36:50,45,3021,84.4,14.24,67.4
2026-09-06 11:36:51,105,1745,94.2,13.84,45.2
2026-09-06 11:36:52,27,1731,81.3,13.37,72.4
2026-09-06 11:36:53,87,3343,76.0,14.16,55.7
2026-09-06 11:36:54,93,904,89.7,14.32,11.6
2026-09-06 11:36:55,79,2901,77.7,13.45,44.7
2026-09-06 11:36:56,53,3031,80.0,13.91,93.9
2026-09-06 11:36:57,35,2077,84.0,14.17,74.8
2026-09-06 11:36:58,0,2506,87.9,13.72,7.9
2026-09-06 11:36:59,2,1862,81.8,13.77,75.1
2026-09-06 11:37:00,104,2358,95.0,14.37,85.2
2026-09-06 11:37:01,95,1988,87.0,13.39,55.8
2026-09-06 11:37:02,27,2814,90.0,13.94,54.1
2026-09-06 11:37:03,87,1986,78.7,14.17,60.3
2026-09-06 11:37:04,63,2047,93.3,13.46,71.6
2026-09-06 11:37:05,62,1741,91.3,14.21,9.9
2026-09-06 11:37:06,113,2849,88.8,14.36,85.1
2026-09-06 11:37:07,81,3181,78.5,14.29,87.7
2026-09-06 11:37:08,64,2989,83.2,13.56,27.9
2026-09-06 11:37:09,96,3201,94.6,13.51,98.9
2026-09-06 11:37:10,32,2702,90.3,13.8,65.5
2026-09-06 11:37:11,26,2046,93.2,13.32,6.7
2026-09-06 11:37:12,33,1743,78.3,13.33,49.4
2026-09-06 11:37:13,104,1746,90.9,13.61,13.7
2026-09-06 11:37:14,35,3223,87.8,13.7,94.6
2026-09-06 11:37:15,1,1203,77.7,13.56,70.0
2026-09-06 11:37:16,65,2121,79.2,13.42,33.6
2026-09-06 11:37:17,45,1177,85.7,14.3,62.9
2026-09-06 11:37:18,102,2474,90.4,13.76,6.3
2026-09-06 11:37:19,55,3287,84.1,13.21,15.9
2026-09-06 11:37:20,32,2860,83.9,13.81,42.0
2026-09-06 11:37:21,57,907,94.0,13.87,19.3
2026-09-06 11:37:22,86,3268,86.8,13.47,54.8
2026-09-06 11:37:23,23,2809,79.6,14.0,15.1
2026-09-06 11:37:24,10,2329,93.4,14.25,90.4
2026-09-06 11:37:25,30,3272,88.8,13.49,11.6
2026-09-06 11:37:26,6,1889,84.7,14.37,30.5
2026-09-06 11:37:27,51,2545,85.9,13.67,79.1
2026-09-06 11:37:28,71,854,81.1,13.99,54.2
2026-09-06 11:37:29,102,2082,93.1,14.27,5.6
2026-09-06 11:37:30,83,2514,84.5,13.45,84.9
2026-09-06 11:37:31,119,2281,89.5,13.85,65.6
2026-09-06 11:37:32,119,1227,92.5,13.7,76.0
2026-09-06 11:37:33,39,1940,92.2,14.19,73.5
2026-09-06 11:37:34,71,1761,81.4,13.23,3.2
2026-09-06 11:37:35,46,1509,76.5,13.67,37.2
2026-09-06 11:37:36,71,986,76.6,13.85,86.0
2026-09-06 11:37:37,41,1967,91.6,13.31,43.3
2026-09-06 11:37:38,118,2526,75.5,13.94,3.2
2026-09-06 11:37:39,96,2182,87.6,13.24,26.5
2026-09-06 11:37:40,68,2465,81.1,13.98,99.9
2026-09-06 11:37:41,53,3192,90.5,13.4,8.4
2026-09-06 11:37:42,69,3370,87.7,14.26,97.3
2026-09-06 11:37:43,43,2911,92.3,13.97,84.6
2026-09-06 11:37:44,2,2108,89.9,13.6,29.2
2026-09-06 11:37:45,19,3263,94.6,14.32,27.6
2026-09-06 11:37:46,52,2590,88.6,13.22,57.3
2026-09-06 11:37:47,11,999,89.2,14.34,69.5
2026-09-06 11:37:48,48,1316,79.6,13.32,89.3
2026-09-06 11:37:49,118,2507,82.9,13.7,72.8
2026-09-06 11:37:50,117,1193,83.6,14.29,60.9
2026-09-06 11:37:51,41,2053,91.4,13.57,96.4
2026-09-06 11:37:52,54,1773,83.9,13.97,67.6
2026-09-06 11:37:53,76,1068,78.4,13.89,67.5
2026-09-06 11:37:54,2,3170,93.5,13.47,75.7
2026-09-06 11:37:55,38,3092,92.3,13.79,14.0
2026-09-06 11:37:56,118,3239,76.3,14.37,78.4
2026-09-06 11:37:57,74,1341,81.8,13.46,0.6
2026-09-06 11:37:58,84,3333,83.5,14.01,46.6
2026-09-06 11:37:59,66,2335,92.6,13.55,71.7
2026-09-06 11:38:00,60,2354,86.4,14.1,92.0
2026-09-06 11:38:01,113,2203,76.0,13.63,54.3
2026-09-06 11:38:02,23,2333,84.7,14.38,67.4
2026-09-06 11:38:03,58,2771,75.3,13.2,97.1
2026-09-06 11:38:04,1,802,84.1,13.94,77.0
2026-09-06 11:38:05,118,3425,86.1,14.31,70.3
2026-09-06 11:38:06,94,2573,77.8,13.27,67.4
2026-09-06 11:38:07,86,2135,92.1,13.84,81.1
2026-09-06 11:38:08,21,1023,89.8,14.01,1.3
2026-09-06 11:38:09,69,3349,78.9,14.05,79.4
2026-09-06 11:38:10,37,1070,88.4,13.21,13.5
2026-09-06 11:38:11,34,2767,89.1,13.32,39.9
2026-09-06 11:38:12,84,1616,81.7,14.08,92.9
2026-09-06 11:38:13,27,1163,75.9,14.39,92.6
2026-09-06 11:38:14,82,1473,77.1,14.38,10.3
2026-09-06 11:38:15,76,2519,92.3,13.98,71.8
2026-09-06 11:38:16,94,1305,89.8,14.16,52.4
2026-09-06 11:38:17,99,2604,75.8,13.55,28.5
2026-09-06 11:38:18,36,1161,81.4,14.1,91.7
2026-09-06 11:38:19,107,1311,90.9,13.71,65.1
2026-09-06 11:38:20,36,888,76.6,13.41,74.1
2026-09-06 11:38:21,68,1556,91.8,13.76,12.9
2026-09-06 11:38:22,108,3357,85.8,13.31,90.5
2026-09-06 11:38:23,116,1876,84.6,13.32,31.2
2026-09-06 11:38:24,76,2779,84.1,13.25,15.8
2026-09-06 11:38:25,8,2546,86.5,13.75,20.8
2026-09-06 11:38:26,51,2873,86.9,13.45,42.5
2026-09-06 11:38:27,66,2474,89.5,13.35,83.4
2026-09-06 11:38:28,34,1386,94.3,14.02,4.0
2026-09-06 11:38:29,13,3384,81.9,13.27,99.9
2026-09-06 11:38:30,16,1389,89.3,13.65,19.8
2026-09-06 11:38:31,91,1962,86.7,13.89,79.3
2026-09-06 11:38:32,31,3294,92.9,14.06,58.9
2026-09-06 11:38:33,88,3134,81.7,14.01,31.5
2026-09-06 11:38:34,100,3454,85.0,13.77,93.0
2026-09-06 11:38:35,89,997,89.8,13.48,67.6
2026-09-06 11:38:36,99,1766,92.4,13.61,49.4
2026-09-06 11:38:37,113,1107,77.0,13.65,80.2
2026-09-06 11:38:38,72,1868,88.8,14.1,38.6
2026-09-06 11:38:39,71,3497,85.2,14.23,86.3
2026-09-06 11:38:40,98,1002,80.0,13.69,37.8
2026-09-06 11:38:41,17,2192,81.2,14.0,2.8
2026-09-06 11:38:42,100,1810,83.7,13.53,6.0
2026-09-06 11:38:43,87,2577,94.3,13.94,69.0
2026-09-06 11:38:44,35,1539,83.8,13.53,29.9
2026-09-06 11:38:45,112,855,77.1,13.91,52.1
2026-09-06 11:38:46,95,969,91.1,13.9,45.8
2026-09-06 11:38:47,57,1171,86.6,13.26,24.1
2026-09-06 11:38:48,78,3051,76.9,14.3,19.0
2026-09-06 11:38:49,49,1357,85.2,13.84,32.6
2026-09-06 11:38:50,119,2849,76.8,14.12,92.1
2026-09-06 11:38:51,106,2345,86.7,13.35,19.9
2026-09-06 11:38:52,54,1691,94.0,14.18,88.2
2026-09-06 11:38:53,102,964,76.2,14.38,29.2
2026-09-06 11:38:54,104,3285,84.5,13.81,1.1
2026-09-06 11:38:55,95,2637,81.4,13.75,41.6
2026-09-06 11:38:56,91,1695,92.1,14.14,95.5
2026-09-06 11:38:57,39,3294,77.0,14.31,91.9
2026-09-06 11:38:58,28,2947,85.5,14.02,86.6
2026-09-06 11:38:59,57,1673,82.6,14.34,13.3
2026-09-06 11:39:00,15,2184,92.6,14.11,87.0
2026-09-06 11:39:01,39,1002,81.6,14.3,15.7
2026-09-06 11:39:02,2,1496,83.3,13.86,60.2
2026-09-06 11:39:03,26,820,75.1,14.19,8.6
2026-09-06 11:39:04,66,3445,90.8,13.31,2.2
2026-09-06 11:39:05,45,2682,75.8,13.96,62.3
2026-09-06 11:39:06,107,886,75.1,13.49,22.1
2026-09-06 11:39:07,96,2638,91.7,13.97,26.5
2026-09-06 11:39:08,118,2500,82.4,13.82,45.5
2026-09-06 11:39:09,48,831,91.2,13.9,91.7
2026-09-06 11:39:10,42,1781,82.4,13.52,62.0
2026-09-06 11:39:11,43,1979,81.6,13.24,37.4
2026-09-06 11:39:12,104,2005,90.1,13.46,71.8
2026-09-06 11:39:13,71,2700,86.8,13.56,77.0
2026-09-06 11:39:14,81,1878,85.1,13.25,30.1
2026-09-06 11:39:15,99,1902,79.1,14.3,13.6
2026-09-06 11:39:16,40,3382,90.6,13.76,48.2
2026-09-06 11:39:17,9,1064,89.2,13.82,57.6
2026-09-06 11:39:18,23,2319,90.7,14.14,61.4
2026-09-06 11:39:19,15,1458,81.2,13.59,92.0
2026-09-06 11:39:20,59,1956,78.6,13.85,81.9
2026-09-06 11:39:21,101,3354,78.5,14.06,88.0
2026-09-06 11:39:22,26,1827,82.7,13.69,63.5
2026-09-06 11:39:23,112,3152,90.4,13.88,20.5
2026-09-06 11:39:24,4,3139,85.4,13.84,25.3
2026-09-06 11:39:25,104,1576,87.9,13.38,85.1
2026-09-06 11:39:26,37,2681,83.8,14.16,92.0
2026-09-06 11:39:27,32,2472,91.2,13.51,78.0
2026-09-06 11:39:28,90,1500,79.6,13.73,67.3
2026-09-06 11:39:29,85,1421,90.9,13.57,18.7
2026-09-06 11:39:30,103,2447,76.8,13.83,45.1
2026-09-06 11:39:31,119,3437,79.1,14.37,60.9
2026-09-06 11:39:32,69,1393,79.4,13.67,46.7
2026-09-06 11:39:33,17,3293,77.9,13.9,72.8
2026-09-06 11:39:34,87,867,81.1,13.28,10.0
2026-09-06 11:39:35,58,2290,76.1,13.67,60.7
2026-09-06 11:39:36,113,913,77.1,14.3,96.8
2026-09-06 11:39:37,2,921,78.4,14.19,77.0
2026-09-06 11:39:38,62,2593,78.4,13.75,55.7
2026-09-06 11:39:39,24,1012,88.5,14.0,18.1
2026-09-06 11:39:40,69,1731,92.4,13.47,34.0
2026-09-06 11:39:41,51,2610,82.1,14.28,39.0
2026-09-06 11:39:42,10,2395,76.0,13.84,75.1
2026-09-06 11:39:43,88,2724,76.1,13.25,57.0
2026-09-06 11:39:44,39,2651,81.5,13.33,10.1
2026-09-06 11:39:45,96,3489,89.6,14.21,9.3
2026-09-06 11:39:46,21,1761,78.4,14.14,13.9
2026-09-06 11:39:47,85,826,79.2,14.33,59.0
2026-09-06 11:39:48,62,815,84.0,14.26,99.4
2026-09-06 11:39:49,39,3232,86.7,14.25,8.4
2026-09-06 11:39:50,47,1139,90.9,14.39,94.6
2026-09-06 11:39:51,38,2559,88.6,13.28,93.5
2026-09-06 11:39:52,79,2472,79.6,13.79,19.7
2026-09-06 11:39:53,21,3004,89.2,13.76,42.7
2026-09-06 11:39:54,8,1528,90.0,14.06,22.7
2026-09-06 11:39:55,94,3402,77.7,13.42,82.1
2026-09-06 11:39:56,12,3185,94.3,13.69,45.4
2026-09-06 11:39:57,42,1989,88.0,13.87,22.6
2026-09-06 11:39:58,17,1920,78.9,13.88,44.6
2026-09-06 11:39:59,57,2616,77.8,14.38,35.3
2026-09-06 11:40:00,62,2794,82.2,13.97,27.2
2026-09-06 11:40:01,41,1784,86.2,13.72,21.8
2026-09-06 11:40:02,23,1854,85.6,13.94,44.6
2026-09-06 11:40:03,19,2581,92.4,13.76,92.0
2026-09-06 11:40:04,106,2973,77.2,13.7,84.1
2026-09-06 11:40:05,12,2032,90.0,14.25,0.8
2026-09-06 11:40:06,116,3327,88.7,13.83,4.8
2026-09-06 11:40:07,56,3326,83.0,14.35,70.9
2026-09-06 11:40:08,87,1169,76.3,14.14,33.6
2026-09-06 11:40:09,95,2683,76.3,13.47,68.7
2026-09-06 11:40:10,118,1132,92.9,13.89,27.6
2026-09-06 11:40:11,3,2798,89.8,14.32,38.6
2026-09-06 11:40:12,29,3018,86.0,13.72,59.7
2026-09-06 11:40:13,52,2836,90.2,13.33,52.2
2026-09-06 11:40:14,21,2060,85.9,13.3,72.0
2026-09-06 11:40:15,69,2649,80.9,13.52,1.4
2026-09-06 11:40:16,56,1890,90.3,14.33,0.7
2026-09-06 11:40:17,97,3139,90.0,14.3,16.5
2026-09-06 11:40:18,70,2514,94.8,14.28,89.6
2026-09-06 11:40:19,48,1735,82.3,14.29,0.7
2026-09-06 11:40:20,6,2174,81.2,13.77,28.4
2026-09-06 11:40:21,108,1096,90.7,14.03,95.9
2026-09-06 11:40:22,32,927,83.4,14.15,49.9
2026-09-06 11:40:23,55,2024,85.8,13.99,15.1
2026-09-06 11:40:24,33,2585,94.4,13.64,31.9
2026-09-06 11:40:25,35,989,86.7,13.59,14.4
2026-09-06 11:40:26,85,1955,92.5,13.51,1.8
2026-09-06 11:40:27,48,1020,76.1,14.22,45.7
2026-09-06 11:40:28,13,2434,81.4,13.98,82.8
2026-09-06 11:40:29,19,1049,77.8,13.27,58.5
2026-09-06 11:40:30,71,3065,83.1,13.49,67.6
2026-09-06 11:40:31,65,800,75.5,13.91,99.0
2026-09-06 11:40:32,4,968,82.2,13.41,61.7
2026-09-06 11:40:33,57,2697,94.2,13.54,46.8
2026-09-06 11:40:34,1,1183,89.5,14.03,42.6
2026-09-06 11:40:35,21,1850,76.6,13.75,16.7
2026-09-06 11:40:36,7,807,77.2,13.49,56.5
2026-09-06 11:40:37,35,876,81.6,14.08,16.2
2026-09-06 11:40:38,84,3130,79.4,14.37,68.0
2026-09-06 11:40:39,58,899,91.0,14.3,17.0
2026-09-06 11:40:40,28,3004,91.7,13.7,11.8
2026-09-06 11:40:41,110,1849,88.3,13.25,23.3
2026-09-06 11:40:42,116,2257,88.4,13.39,19.0
2026-09-06 11:40:43,37,1529,86.7,14.2,55.7
2026-09-06 11:40:44,66,1041,80.7,13.62,57.8
2026-09-06 11:40:45,98,1972,87.6,13.51,6.1
2026-09-06 11:40:46,81,1651,93.4,14.05,91.4
2026-09-06 11:40:47,21,3463,85.9,14.2,0.5
2026-09-06 11:40:48,117,3031,77.9,13.91,31.0
2026-09-06 11:40:49,81,1960,93.8,14.25,39.0
2026-09-06 11:40:50,93,1633,78.9,13.43,77.6
2026-09-06 11:40:51,28,3292,75.8,14.35,79.5
2026-09-06 11:40:52,18,2005,93.8,13.7,62.4
2026-09-06 11:40:53,84,1819,83.6,14.18,8.8
2026-09-06 11:40:54,84,2096,90.5,13.36,67.0
2026-09-06 11:40:55,45,1453,84.2,13.28,87.6
2026-09-06 11:40:56,3,1089,84.3,13.44,99.4
2026-09-06 11:40:57,114,2926,80.5,14.27,9.0
2026-09-06 11:40:58,115,1680,90.5,13.61,27.2
2026-09-06 11:40:59,42,3106,82.9,13.93,96.7
2026-09-06 11:41:00,115,1989,86.7,13.98,39.2
2026-09-06 11:41:01,72,2681,82.8,13.96,99.4
2026-09-06 11:41:02,86,3440,82.8,14.12,88.5
2026-09-06 11:41:03,40,2166,81.6,14.05,2.8
2026-09-06 11:41:04,62,1980,81.0,13.85,39.9
2026-09-06 11:41:05,36,1925,92.3,13.54,23.3
2026-09-06 11:41:06,12,1587,88.0,14.12,8.8
2026-09-06 11:41:07,119,2387,80.9,13.29,20.2
2026-09-06 11:41:08,40,3196,88.6,13.61,86.4
2026-09-06 11:41:09,114,1038,78.1,13.89,83.1
2026-09-06 11:41:10,44,2430,94.8,14.28,34.3
2026-09-06 11:41:11,98,1256,83.0,13.47,90.0
2026-09-06 11:41:12,2,3213,93.2,14.16,16.5
2026-09-06 11:41:13,31,902,80.3,14.3,17.0
2026-09-06 11:41:14,60,1385,76.2,13.85,86.8
2026-09-06 11:41:15,26,2020,92.4,13.48,28.1
2026-09-06 11:41:16,54,1206,81.6,13.3,17.0
2026-09-06 11:41:17,20,2451,80.9,14.25,55.6
2026-09-06 11:41:18,96,2177,80.6,13.31,0.3
2026-09-06 11:41:19,116,1937,92.7,13.81,28.0
2026-09-06 11:41:20,19,861,87.1,14.35,93.6
2026-09-06 11:41:21,87,2716,87.8,13.82,45.3
2026-09-06 11:41:22,76,1741,76.5,13.85,86.6
2026-09-06 11:41:23,116,3077,76.1,13.35,26.1
2026-09-06 11:41:24,13,2296,76.6,13.25,93.0
2026-09-06 11:41:25,12,2878,91.1,13.9,79.8
2026-09-06 11:41:26,68,1910,75.7,13.97,39.0
2026-09-06 11:41:27,33,1483,87.7,13.93,55.5
2026-09-06 11:41:28,86,949,80.8,14.34,15.1
2026-09-06 11:41:29,45,3020,88.1,13.4,42.8
2026-09-06 11:41:30,20,2675,76.6,13.9,81.2
2026-09-06 11:41:31,2,1684,85.0,13.37,43.9
2026-09-06 11:41:32,27,1615,80.8,14.08,9.2
2026-09-06 11:41:33,47,941,76.2,13.84,65.2
2026-09-06 11:41:34,91,3342,81.2,14.0,92.7
2026-09-06 11:41:35,45,2798,87.7,13.5,93.3
2026-09-06 11:41:36,103,1955,83.1,14.04,93.7
2026-09-06 11:41:37,16,2016,93.6,14.33,38.1
2026-09-06 11:41:38,85,1080,78.2,14.27,83.8
2026-09-06 11:41:39,62,900,91.8,13.46,58.3
2026-09-06 11:41:40,40,1370,78.2,13.28,87.9
2026-09-06 11:41:41,79,3319,76.9,13.27,37.1
2026-09-06 11:41:42,109,2875,91.3,13.89,27.5
2026-09-06 11:41:43,50,837,88.1,14.27,18.9
2026-09-06 11:41:44,36,1436,85.1,13.57,82.9
2026-09-06 11:41:45,60,2045,77.7,13.26,74.4
2026-09-06 11:41:46,115,3239,92.2,14.1,84.5
2026-09-06 11:41:47,77,2604,78.0,14.4,54.4
2026-09-06 11:41:48,6,2376,86.6,14.17,88.5
2026-09-06 11:41:49,72,1223,88.7,14.16,40.9
2026-09-06 11:41:50,9,2130,82.5,14.02,93.0
2026-09-06 11:41:51,45,1135,88.9,13.98,14.6
2026-09-06 11:41:52,104,2489,77.9,13.96,90.2
2026-09-06 11:41:53,109,2104,92.0,14.32,14.9
2026-09-06 11:41:54,109,3178,93.3,13.96,88.4
2026-09-06 11:41:55,105,1331,89.6,13.37,83.0
2026-09-06 11:41:56,56,1463,84.8,14.09,70.8
2026-09-06 11:41:57,78,2190,89.2,14.34,21.1
2026-09-06 11:41:58,109,2148,87.9,13.54,40.3
2026-09-06 11:41:59,63,2991,78.8,14.34,85.7
2026-09-06 11:42:00,103,1669,78.4,13.41,96.7
2026-09-06 11:42:01,54,2005,75.1,13.61,87.1
2026-09-06 11:42:02,6,2473,82.4,13.51,39.6
2026-09-06 11:42:03,31,3001,90.6,13.52,62.1
2026-09-06 11:42:04,54,3252,86.2,14.08,35.8
2026-09-06 11:42:05,67,3045,93.4,14.14,97.3
2026-09-06 11:42:06,9,1893,84.3,13.23,16.0
2026-09-06 11:42:07,17,1485,83.1,13.71,66.8
2026-09-06 11:42:08,103,3324,93.8,13.8,67.5
2026-09-06 11:42:09,16,2413,81.7,13.24,17.3
2026-09-06 11:42:10,36,1402,81.1,14.07,3.0
2026-09-06 11:42:11,35,1628,93.8,13.21,22.9
2026-09-06 11:42:12,21,3205,93.1,13.65,77.6
2026-09-06 11:42:13,95,1856,88.2,13.3,51.8
2026-09-06 11:42:14,117,2882,91.7,13.76,88.5
2026-09-06 11:42:15,24,2865,78.2,13.89,17.8
2026-09-06 11:42:16,19,1827,91.2,13.98,47.3
2026-09-06 11:42:17,71,3249,89.6,13.84,24.7
2026-09-06 11:42:18,27,1366,81.2,13.71,80.9
2026-09-06 11:42:19,28,2766,89.0,13.76,98.4
2026-09-06 11:42:20,73,2891,90.0,13.73,48.9
2026-09-06 11:42:21,8,3347,89.8,14.34,14.2
2026-09-06 11:42:22,53,2904,79.9,13.94,96.0
2026-09-06 11:42:23,118,1120,82.4,13.33,38.3
2026-09-06 11:42:24,109,1619,93.3,14.05,40.0
2026-09-06 11:42:25,69,2323,84.7,14.38,49.9
2026-09-06 11:42:26,49,3413,89.5,13.78,81.9
2026-09-06 11:42:27,5,1450,82.5,14.36,27.3
2026-09-06 11:42:28,105,1921,90.1,13.33,46.9
2026-09-06 11:42:29,111,3051,83.4,13.74,16.4
2026-09-06 11:42:30,46,1761,89.7,13.72,59.7
2026-09-06 11:42:31,71,2616,81.2,14.32,9.9
2026-09-06 11:42:32,30,2092,78.5,13.89,90.0
2026-09-06 11:42:33,77,2368,76.1,13.35,43.0
2026-09-06 11:42:34,93,3033,91.9,13.92,20.7
2026-09-06 11:42:35,106,2156,88.8,14.27,38.7
2026-09-06 11:42:36,101,2495,87.7,13.53,2.0
2026-09-06 11:42:37,37,2912,84.2,13.95,83.1
2026-09-06 11:42:38,89,2462,93.9,13.32,75.1
2026-09-06 11:42:39,53,1520,77.3,14.17,29.1
2026-09-06 11:42:40,44,1865,77.0,13.82,22.1
2026-09-06 11:42:41,17,2709,81.2,14.07,76.1
2026-09-06 11:42:42,91,2979,85.5,13.72,54.1
2026-09-06 11:42:43,42,3216,87.3,13.73,73.8
2026-09-06 11:42:44,117,3085,76.7,13.25,93.8
2026-09-06 11:42:45,23,3196,75.7,13.73,34.2
2026-09-06 11:42:46,55,963,87.7,14.22,43.7
2026-09-06 11:42:47,3,1481,86.3,13.41,95.1
2026-09-06 11:42:48,81,1269,80.2,13.62,58.0
2026-09-06 11:42:49,73,871,92.7,14.22,29.6
2026-09-06 11:42:50,69,2629,90.9,14.33,11.4
2026-09-06 11:42:51,72,897,94.0,13.27,87.3
2026-09-06 11:42:52,95,3025,93.1,13.63,11.8
2026-09-06 11:42:53,30,1883,81.5,13.47,66.2
2026-09-06 11:42:54,77,1658,91.8,13.96,57.4
2026-09-06 11:42:55,6,2192,81.1,13.87,61.9
2026-09-06 11:42:56,69,808,94.2,13.93,93.3
2026-09-06 11:42:57,116,1792,90.5,13.79,42.2
2026-09-06 11:42:58,85,3203,84.2,14.23,26.5
2026-09-06 11:42:59,91,3045,82.7,14.25,90.1
2026-09-06 11:43:00,26,2415,88.2,14.11,31.6
2026-09-06 11:43:01,21,1438,78.6,13.28,68.5
2026-09-06 11:43:02,85,2569,82.3,13.43,25.9
2026-09-06 11:43:03,42,2561,85.2,13.2,6.0
2026-09-06 11:43:04,100,2731,81.9,13.92,11.7
2026-09-06 11:43:05,85,2496,89.1,13.3,28.2
2026-09-06 11:43:06,56,2015,88.3,13.52,3.5
2026-09-06 11:43:07,46,1216,75.7,13.97,26.9
2026-09-06 11:43:08,81,1293,87.9,13.89,92.9
2026-09-06 11:43:09,55,1144,78.8,14.3,86.9
2026-09-06 11:43:10,78,1026,90.4,13.73,15.5
2026-09-06 11:43:11,31,1468,93.0,13.89,19.8
2026-09-06 11:43:12,31,2627,93.9,14.34,87.5
2026-09-06 11:43:13,35,2903,78.8,14.03,69.3
2026-09-06 11:43:14,78,3000,76.9,14.26,22.7
2026-09-06 11:43:15,96,2311,80.4,14.05,33.8
2026-09-06 11:43:16,113,1712,75.4,13.76,48.3
2026-09-06 11:43:17,12,3234,84.1,13.31,8.8
2026-09-06 11:43:18,39,2440,90.6,13.9,2.4
2026-09-06 11:43:19,34,1678,88.3,14.01,64.3
2026-09-06 11:43:20,9,2550,79.5,14.22,35.8
2026-09-06 11:43:21,117,1017,91.5,13.2,75.5
2026-09-06 11:43:22,35,2719,81.6,13.58,28.1
2026-09-06 11:43:23,95,2640,90.5,13.48,1.9
2026-09-06 11:43:24,86,2234,81.3,13.56,85.5
2026-09-06 11:43:25,104,1511,76.6,14.4,36.9
2026-09-06 11:43:26,0,1995,76.3,13.84,41.8
2026-09-06 11:43:27,98,1018,77.8,13.99,20.2
2026-09-06 11:43:28,78,2613,76.1,14.07,11.4
2026-09-06 11:43:29,42,3013,76.0,13.26,44.8
2026-09-06 11:43:30,34,2607,91.0,14.1,79.8
2026-09-06 11:43:31,50,970,89.1,13.4,84.4
2026-09-06 11:43:32,35,1181,87.0,14.11,73.2
2026-09-06 11:43:33,31,2497,78.1,13.81,94.7
2026-09-06 11:43:34,20,2062,83.3,14.37,46.6
2026-09-06 11:43:35,113,1433,93.0,14.14,89.3
2026-09-06 11:43:36,94,2830,91.6,13.71,74.1
2026-09-06 11:43:37,38,1354,87.2,13.34,79.6
2026-09-06 11:43:38,0,1156,85.0,13.95,92.7
2026-09-06 11:43:39,61,3183,78.2,13.92,95.8
2026-09-06 11:43:40,109,3430,79.4,13.71,47.6
2026-09-06 11:43:41,41,1564,82.2,13.65,40.6
2026-09-06 11:43:42,90,1778,84.8,13.94,87.7
2026-09-06 11:43:43,95,2990,83.2,13.34,87.0
2026-09-06 11:43:44,38,2994,90.9,13.38,61.8
2026-09-06 11:43:45,76,2067,82.2,13.69,31.2
2026-09-06 11:43:46,97,3029,88.6,14.32,99.8
2026-09-06 11:43:47,82,2857,85.6,13.49,61.6
2026-09-06 11:43:48,69,1867,84.1,13.73,64.7
2026-09-06 11:43:49,93,1148,92.8,14.22,12.0
2026-09-06 11:43:50,100,1044,92.0,13.72,2.2
2026-09-06 11:43:51,59,2850,89.6,13.27,53.4
2026-09-06 11:43:52,16,1227,83.4,13.78,19.9
2026-09-06 11:43:53,48,3273,80.1,13.72,27.2
2026-09-06 11:43:54,49,1403,83.4,14.09,71.8
2026-09-06 11:43:55,83,2796,88.8,14.01,4.4
2026-09-06 11:43:56,58,961,87.0,14.15,23.4
2026-09-06 11:43:57,71,1260,79.0,13.33,39.5
2026-09-06 11:43:58,5,1587,88.7,13.89,64.4
2026-09-06 11:43:59,116,1865,85.8,13.32,86.1
2026-09-06 11:44:00,55,3354,77.1,13.8,10.6
2026-09-06 11:44:01,18,1484,90.6,14.16,56.1
2026-09-06 11:44:02,84,2935,82.0,14.04,6.3
2026-09-06 11:44:03,20,2825,83.7,14.14,78.7
2026-09-06 11:44:04,115,1478,92.0,13.97,39.4
2026-09-06 11:44:05,88,3318,91.7,13.58,53.4
2026-09-06 11:44:06,116,2950,93.9,13.33,92.4
2026-09-06 11:44:07,33,1019,84.4,13.66,83.7
2026-09-06 11:44:08,17,2683,94.5,13.48,39.5
2026-09-06 11:44:09,35,1041,75.6,14.14,97.3
2026-09-06 11:44:10,70,3472,82.0,14.31,99.9
2026-09-06 11:44:11,32,1274,87.1,13.93,7.3
2026-09-06 11:44:12,45,1951,75.4,14.34,25.4
2026-09-06 11:44:13,8,1862,94.4,13.51,41.8
2026-09-06 11:44:14,107,2459,93.8,14.25,18.9
2026-09-06 11:44:15,65,1598,94.8,13.53,9.0
2026-09-06 11:44:16,72,1995,89.6,14.03,79.8
2026-09-06 11:44:17,99,1739,88.3,13.46,15.7
2026-09-06 11:44:18,84,2275,75.6,13.25,57.7
2026-09-06 11:44:19,4,2825,77.7,14.12,12.5
2026-09-06 11:44:20,20,3247,89.9,14.14,64.7
2026-09-06 11:44:21,48,1848,93.9,13.81,80.1
2026-09-06 11:44:22,92,2574,77.9,13.73,99.6
2026-09-06 11:44:23,39,1161,87.8,14.19,22.6
2026-09-06 11:44:24,5,3390,93.0,14.07,65.4
2026-09-06 11:44:25,103,1036,82.0,13.94,55.1
2026-09-06 11:44:26,23,3207,85.3,13.72,56.2
2026-09-06 11:44:27,83,1869,83.0,14.28,60.9
2026-09-06 11:44:28,79,2792,83.4,14.25,46.1
2026-09-06 11:44:29,26,2404,84.9,13.92,50.7
2026-09-06 11:44:30,40,1805,81.2,14.14,78.8
2026-09-06 11:44:31,64,1894,77.6,13.76,50.2
2026-09-06 11:44:32,52,2699,75.4,14.19,38.8
2026-09-06 11:44:33,109,2321,88.0,13.83,71.8
2026-09-06 11:44:34,89,2606,86.0,14.32,10.6
2026-09-06 11:44:35,1,2605,86.5,13.44,94.8
2026-09-06 11:44:36,118,2462,76.6,13.3,70.3
2026-09-06 11:44:37,69,1428,85.4,13.65,0.2
2026-09-06 11:44:38,74,2909,80.6,13.96,78.1
2026-09-06 11:44:39,96,2368,86.6,14.23,68.8
2026-09-06 11:44:40,113,1705,83.1,13.79,75.7
2026-09-06 11:44:41,11,2552,80.9,13.59,31.4
2026-09-06 11:44:42,43,2440,78.2,13.62,65.6
2026-09-06 11:44:43,12,2288,76.6,14.1,8.2
2026-09-06 11:44:44,14,2845,77.6,13.71,75.5
2026-09-06 11:44:45,31,1906,85.6,14.06,29.3
2026-09-06 11:44:46,112,3076,82.2,14.06,66.0
2026-09-06 11:44:47,89,3171,88.4,14.06,54.3
2026-09-06 11:44:48,101,2426,75.3,13.38,73.4
2026-09-06 11:44:49,70,2658,87.0,13.39,46.6
2026-09-06 11:44:50,55,2725,80.5,14.02,98.8
2026-09-06 11:44:51,5,3052,81.4,13.37,36.0
2026-09-06 11:44:52,22,955,86.2,14.36,75.2
2026-09-06 11:44:53,74,1960,86.8,13.9,89.4
2026-09-06 11:44:54,10,2590,85.5,13.89,32.2
2026-09-06 11:44:55,114,3264,88.1,14.34,47.7
2026-09-06 11:44:56,6,2177,89.5,13.82,35.7
2026-09-06 11:44:57,64,2167,94.8,13.6,12.7
2026-09-06 11:44:58,74,2856,79.3,13.34,81.5
2026-09-06 11:44:59,33,2117,83.8,13.87,31.4
2026-09-06 11:45:00,35,1975,87.6,13.51,98.9
2026-09-06 11:45:01,13,1066,86.8,13.62,69.0
2026-09-06 11:45:02,23,1185,81.8,14.28,31.6
2026-09-06 11:45:03,11,2330,85.1,13.7,50.4
2026-09-06 11:45:04,107,3180,93.0,13.66,43.9
2026-09-06 11:45:05,57,3498,84.7,14.32,95.3
2026-09-06 11:45:06,101,2609,91.3,13.97,14.0
2026-09-06 11:45:07,82,2767,79.9,13.92,99.4
2026-09-06 11:45:08,66,2185,84.0,13.58,64.0
2026-09-06 11:45:09,93,2644,89.9,13.36,31.2
2026-09-06 11:45:10,32,2873,83.6,13.36,32.2
2026-09-06 11:45:11,40,2155,76.6,13.88,16.1
2026-09-06 11:45:12,49,3096,83.2,13.95,20.7
2026-09-06 11:45:13,61,2833,90.4,14.37,84.1
2026-09-06 11:45:14,22,1310,89.0,14.13,56.4
2026-09-06 11:45:15,35,3217,79.9,13.51,79.2
2026-09-06 11:45:16,61,3176,78.8,13.85,7.5
2026-09-06 11:45:17,37,2388,87.9,13.9,12.1
2026-09-06 11:45:18,17,1859,83.5,14.29,96.5
2026-09-06 11:45:19,117,1722,78.3,13.46,42.5
2026-09-06 11:45:20,50,1100,87.6,13.26,24.1
2026-09-06 11:45:21,112,1806,92.5,13.9,81.1
2026-09-06 11:45:22,57,1743,86.0,13.47,72.8
2026-09-06 11:45:23,84,1324,78.4,14.08,9.7
2026-09-06 11:45:24,1,2313,87.9,14.4,74.1
2026-09-06 11:45:25,71,940,94.1,13.97,18.2
2026-09-06 11:45:26,12,2598,87.4,14.01,69.9
2026-09-06 11:45:27,78,2212,82.6,13.34,13.1
2026-09-06 11:45:28,91,2382,83.1,14.34,62.6
2026-09-06 11:45:29,49,2582,92.9,13.44,27.4
2026-09-06 11:45:30,34,2080,89.9,13.66,52.8
2026-09-06 11:45:31,114,1687,75.5,13.38,61.9
2026-09-06 11:45:32,94,2144,81.0,14.4,9.1
2026-09-06 11:45:33,21,2323,94.5,14.29,95.6
2026-09-06 11:45:34,101,1192,80.8,14.18,1.0
2026-09-06 11:45:35,106,2738,85.9,14.29,32.6
2026-09-06 11:45:36,52,2832,79.4,13.44,78.3
2026-09-06 11:45:37,64,3279,86.2,14.03,8.1
2026-09-06 11:45:38,40,2924,83.8,13.52,74.1
2026-09-06 11:45:39,71,1224,94.3,14.32,73.7
2026-09-06 11:45:40,73,1410,79.8,14.24,61.8
2026-09-06 11:45:41,104,3270,76.8,13.42,54.7
2026-09-06 11:45:42,22,1729,84.0,14.28,5.6
2026-09-06 11:45:43,52,2839,93.9,13.38,4.5
2026-09-06 11:45:44,76,2334,75.0,13.88,19.8
2026-09-06 11:45:45,10,1367,94.9,13.57,36.8
2026-09-06 11:45:46,4,1072,85.7,13.72,78.4
2026-09-06 11:45:47,84,2137,80.1,13.64,97.5
2026-09-06 11:45:48,68,3498,93.0,13.82,84.5
2026-09-06 11:45:49,107,1322,75.3,14.03,67.6
2026-09-06 11:45:50,94,1266,91.1,14.3,6.7
2026-09-06 11:45:51,45,2532,83.6,14.39,5.9
2026-09-06 11:45:52,58,1833,90.3,13.62,29.2
2026-09-06 11:45:53,37,1548,87.8,13.68,88.2
2026-09-06 11:45:54,33,1643,75.5,13.56,60.4
2026-09-06 11:45:55,41,1451,81.6,13.83,10.4
2026-09-06 11:45:56,41,2499,83.1,14.13,27.2
2026-09-06 11:45:57,81,1031,83.5,13.68,58.9
2026-09-06 11:45:58,11,2098,87.7,13.57,80.1
2026-09-06 11:45:59,18,1595,94.7,14.39,67.8
2026-09-06 11:46:00,106,2628,77.8,13.75,52.1
2026-09-06 11:46:01,27,2350,81.5,14.13,35.6
2026-09-06 11:46:02,29,3428,84.4,14.01,31.6
2026-09-06 11:46:03,89,3290,84.8,13.64,36.5
2026-09-06 11:46:04,52,938,80.1,13.69,47.8
2026-09-06 11:46:05,37,1236,86.6,14.31,81.5
2026-09-06 11:46:06,59,876,82.4,13.35,21.9
2026-09-06 11:46:07,35,2826,89.5,13.56,37.9
2026-09-06 11:46:08,21,2131,80.2,13.73,0.5
2026-09-06 11:46:09,119,1976,85.9,13.92,35.5
2026-09-06 11:46:10,73,3130,86.2,13.34,78.4
2026-09-06 11:46:11,8,926,79.7,13.92,31.2
2026-09-06 11:46:12,12,2554,91.2,13.87,54.4
2026-09-06 11:46:13,106,1243,91.9,13.26,16.0
2026-09-06 11:46:14,1,1037,84.8,13.79,4.5
2026-09-06 11:46:15,16,1214,90.1,13.95,91.6
2026-09-06 11:46:16,120,1357,88.4,13.97,10.1
2026-09-06 11:46:17,25,1476,87.5,14.32,15.3
2026-09-06 11:46:18,6,1967,75.7,14.18,96.6
2026-09-06 11:46:19,77,1440,83.7,13.3,90.4
2026-09-06 11:46:20,36,1782,93.9,13.99,42.4
2026-09-06 11:46:21,110,832,84.1,14.17,29.0
2026-09-06 11:46:22,82,1334,78.4,14.31,82.2
2026-09-06 11:46:23,63,1339,84.7,13.95,83.7
2026-09-06 11:46:24,49,2170,91.8,13.66,87.2
2026-09-06 11:46:25,77,1913,79.2,13.36,48.6
2026-09-06 11:46:26,61,2682,94.5,13.86,82.9
2026-09-06 11:46:27,70,1794,91.0,14.19,98.3
2026-09-06 11:46:28,115,869,87.7,13.25,64.2
2026-09-06 11:46:29,52,3085,78.1,13.54,94.9
2026-09-06 11:46:30,44,2685,79.8,13.57,64.2
2026-09-06 11:46:31,25,2420,83.0,14.18,85.3
2026-09-06 11:46:32,80,2877,75.4,14.29,65.9
2026-09-06 11:46:33,105,2578,94.1,13.68,84.6
2026-09-06 11:46:34,36,1214,94.0,13.59,46.7
2026-09-06 11:46:35,58,1190,87.8,13.42,95.0
2026-09-06 11:46:36,92,2731,85.3,13.64,16.3
2026-09-06 11:46:37,91,2577,94.3,13.57,90.1
2026-09-06 11:46:38,94,3213,79.3,13.32,9.9
2026-09-06 11:46:39,84,1714,92.6,13.38,59.1
2026-09-06 11:46:40,105,980,82.7,14.17,73.0
2026-09-06 11:46:41,87,1132,75.2,14.17,15.2
2026-09-06 11:46:42,33,2905,80.8,14.2,93.7
2026-09-06 11:46:43,55,1014,83.3,13.59,94.0
2026-09-06 11:46:44,30,2427,75.0,13.56,73.0
2026-09-06 11:46:45,100,3377,86.2,13.94,75.1
2026-09-06 11:46:46,55,2909,80.8,13.89,65.8
2026-09-06 11:46:47,33,2381,92.3,13.84,2.2
2026-09-06 11:46:48,68,3322,87.1,13.65,14.8
2026-09-06 11:46:49,58,2890,93.9,14.09,38.6
2026-09-06 11:46:50,12,3373,90.1,13.38,89.4
2026-09-06 11:46:51,49,3382,87.8,13.58,56.7
2026-09-06 11:46:52,117,2642,82.8,13.42,83.7
2026-09-06 11:46:53,80,3447,80.8,14.21,6.0
2026-09-06 11:46:54,65,3075,85.5,14.27,17.2
2026-09-06 11:46:55,120,1017,78.3,13.93,12.4
2026-09-06 11:46:56,62,1021,77.9,13.77,83.1
2026-09-06 11:46:57,3,3246,93.5,13.59,98.4
2026-09-06 11:46:58,40,1006,78.3,13.62,61.3
2026-09-06 11:46:59,71,826,86.9,13.43,80.9
2026-09-06 11:47:00,7,3214,82.3,13.45,7.6
2026-09-06 11:47:01,85,2198,89.2,13.94,97.3
2026-09-06 11:47:02,44,803,94.6,13.74,45.0
2026-09-06 11:47:03,25,2588,77.2,13.56,79.4
2026-09-06 11:47:04,89,2380,77.1,13.58,55.5
2026-09-06 11:47:05,73,2157,82.3,13.56,6.8
2026-09-06 11:47:06,17,2164,80.2,13.37,95.9
2026-09-06 11:47:07,52,2345,80.5,13.97,32.1
2026-09-06 11:47:08,83,1982,76.5,13.89,15.9
2026-09-06 11:47:09,3,1573,79.8,13.33,94.4
2026-09-06 11:47:10,27,1387,94.1,13.4,81.9
2026-09-06 11:47:11,94,3095,81.5,13.53,44.7
2026-09-06 11:47:12,118,2430,93.3,14.18,13.2
2026-09-06 11:47:13,107,2961,94.1,14.38,97.6
2026-09-06 11:47:14,43,996,79.1,13.28,92.7
2026-09-06 11:47:15,86,2894,92.8,13.74,30.6
2026-09-06 11:47:16,4,948,84.0,14.01,33.9
2026-09-06 11:47:17,17,2397,87.7,13.25,64.2
2026-09-06 11:47:18,41,1111,77.5,13.32,42.7
2026-09-06 11:47:19,96,2052,85.2,14.12,87.0
2026-09-06 11:47:20,26,3034,80.5,14.28,82.5
2026-09-06 11:47:21,84,2681,81.2,14.15,18.7
2026-09-06 11:47:22,100,1651,75.5,14.38,2.0
2026-09-06 11:47:23,11,2547,91.6,14.31,76.4
2026-09-06 11:47:24,7,1090,83.3,14.37,57.5
2026-09-06 11:47:25,69,3097,76.8,13.32,65.6
2026-09-06 11:47:26,101,2647,88.0,13.28,76.7
2026-09-06 11:47:27,27,2949,75.6,13.62,40.3
2026-09-06 11:47:28,84,1276,91.4,13.26,39.5
2026-09-06 11:47:29,85,3136,75.1,13.74,78.9
2026-09-06 11:47:30,66,2350,80.8,13.91,94.0
2026-09-06 11:47:31,113,2053,91.8,13.67,61.4
2026-09-06 11:47:32,100,3077,87.2,14.4,34.9
2026-09-06 11:47:33,74,2213,76.9,13.34,92.7
2026-09-06 11:47:34,103,2316,94.9,14.14,81.5
2026-09-06 11:47:35,68,2093,79.6,13.43,96.2
2026-09-06 11:47:36,7,866,93.6,13.26,94.0
2026-09-06 11:47:37,59,1254,87.0,14.13,9.4
2026-09-06 11:47:38,65,1481,78.7,13.36,38.7
2026-09-06 11:47:39,19,3410,82.7,13.92,93.5
2026-09-06 11:47:40,39,1495,93.2,13.67,62.7
2026-09-06 11:47:41,93,1603,75.3,14.26,94.0
2026-09-06 11:47:42,52,1174,93.9,13.67,77.7
2026-09-06 11:47:43,14,2769,80.8,14.35,61.3
2026-09-06 11:47:44,54,3039,78.7,13.68,1.7
2026-09-06 11:47:45,58,2245,93.8,13.71,77.0
2026-09-06 11:47:46,28,935,78.3,13.88,41.3
2026-09-06 11:47:47,73,3489,81.1,13.73,17.4
2026-09-06 11:47:48,39,2568,90.4,14.25,98.0
2026-09-06 11:47:49,119,2632,94.3,14.0,48.3
2026-09-06 11:47:50,95,2571,83.4,13.98,49.9
2026-09-06 11:47:51,78,2221,93.3,14.14,19.1
2026-09-06 11:47:52,26,2450,76.3,13.35,20.0
2026-09-06 11:47:53,22,840,81.4,14.27,50.6
2026-09-06 11:47:54,22,2299,89.6,13.36,76.1
2026-09-06 11:47:55,72,1820,91.9,14.4,14.7
2026-09-06 11:47:56,114,2359,94.8,13.42,86.8
2026-09-06 11:47:57,30,812,87.2,13.83,62.6
2026-09-06 11:47:58,42,1715,78.4,13.64,68.2
2026-09-06 11:47:59,82,1661,83.6,13.71,69.1
2026-09-06 11:48:00,80,2771,93.7,14.11,92.5
2026-09-06 11:48:01,103,1554,91.8,13.46,41.8
2026-09-06 11:48:02,80,1782,78.4,14.35,71.9
2026-09-06 11:48:03,12,2073,77.2,13.21,60.6
2026-09-06 11:48:04,13,2636,91.3,14.29,74.8
2026-09-06 11:48:05,91,2326,82.9,13.71,58.5
2026-09-06 11:48:06,26,3303,90.3,14.18,56.9
2026-09-06 11:48:07,120,2342,88.7,13.9,10.7
2026-09-06 11:48:08,25,1264,84.0,14.36,59.8
2026-09-06 11:48:09,75,1072,88.7,14.13,31.5
2026-09-06 11:48:10,115,3377,83.7,13.85,78.6
2026-09-06 11:48:11,78,1266,94.8,13.43,41.6
2026-09-06 11:48:12,3,1769,75.7,13.72,7.6
2026-09-06 11:48:13,5,2517,83.5,14.11,67.9
2026-09-06 11:48:14,7,2131,83.3,13.69,88.1
2026-09-06 11:48:15,22,2506,91.2,14.32,72.0
2026-09-06 11:48:16,97,2987,91.3,13.65,67.1
2026-09-06 11:48:17,3,1217,75.3,13.38,70.1
2026-09-06 11:48:18,93,3235,90.2,13.9,95.7
2026-09-06 11:48:19,92,2824,79.6,13.86,50.6
2026-09-06 11:48:20,30,2550,94.9,13.62,0.9
2026-09-06 11:48:21,30,1221,94.4,13.99,64.3
2026-09-06 11:48:22,104,803,89.3,13.66,51.3
2026-09-06 11:48:23,34,3085,83.8,13.63,35.1
2026-09-06 11:48:24,60,2138,91.2,13.62,30.9
2026-09-06 11:48:25,13,1618,90.5,14.27,49.3
2026-09-06 11:48:26,14,1026,76.1,14.33,40.0
2026-09-06 11:48:27,89,3456,76.2,13.51,23.2
2026-09-06 11:48:28,17,1690,79.3,13.92,99.7
2026-09-06 11:48:29,79,3013,92.4,13.89,37.0
2026-09-06 11:48:30,43,2898,80.0,14.32,69.5
2026-09-06 11:48:31,41,2238,75.5,13.33,43.8
2026-09-06 11:48:32,23,1220,84.7,13.56,51.2
2026-09-06 11:48:33,93,3254,93.5,14.19,21.5
2026-09-06 11:48:34,82,1321,90.9,13.34,67.0
2026-09-06 11:48:35,35,1738,87.6,14.12,29.6
2026-09-06 11:48:36,72,1233,89.4,13.95,33.6
2026-09-06 11:48:37,26,3407,85.9,13.68,38.3
2026-09-06 11:48:38,67,1526,81.7,13.5,91.4
2026-09-06 11:48:39,4,889,84.0,13.93,6.4
2026-09-06 11:48:40,38,2363,87.7,13.49,19.8
2026-09-06 11:48:41,110,1912,79.5,13.73,9.9
2026-09-06 11:48:42,96,2532,86.6,13.85,80.9
2026-09-06 11:48:43,11,1009,93.3,14.39,96.9
2026-09-06 11:48:44,101,3112,87.2,13.25,45.8
2026-09-06 11:48:45,68,3231,80.8,13.23,83.9
2026-09-06 11:48:46,56,1515,90.0,13.72,74.2
2026-09-06 11:48:47,67,2840,85.0,13.93,85.2
2026-09-06 11:48:48,45,2063,91.6,13.92,78.8
2026-09-06 11:48:49,31,2876,77.8,13.74,32.0
2026-09-06 11:48:50,89,1457,85.8,13.85,37.3
2026-09-06 11:48:51,118,3323,94.3,13.82,62.1
2026-09-06 11:48:52,25,3010,82.4,14.28,15.2
2026-09-06 11:48:53,46,2754,94.7,13.58,16.5
2026-09-06 11:48:54,54,3249,89.5,14.0,78.9
2026-09-06 11:48:55,82,3062,83.1,13.51,87.9
2026-09-06 11:48:56,84,811,94.0,13.99,67.1
2026-09-06 11:48:57,34,1139,92.4,13.69,87.1
2026-09-06 11:48:58,61,1895,92.6,14.22,68.6
2026-09-06 11:48:59,82,1423,82.4,13.98,22.8
2026-09-06 11:49:00,41,1861,90.5,13.94,81.8
2026-09-06 11:49:01,76,1881,85.2,14.34,60.4
2026-09-06 11:49:02,109,3245,93.4,14.26,34.8
2026-09-06 11:49:03,70,1984,94.8,13.34,10.2
2026-09-06 11:49:04,42,1570,77.8,14.09,99.9
2026-09-06 11:49:05,90,3492,91.8,13.34,13.1
2026-09-06 11:49:06,84,2051,78.1,13.24,77.1
2026-09-06 11:49:07,17,2717,78.7,14.33,37.9
2026-09-06 11:49:08,21,1591,86.6,13.96,19.1
2026-09-06 11:49:09,103,1293,91.2,13.65,56.9
2026-09-06 11:49:10,89,2792,86.7,13.96,36.8
2026-09-06 11:49:11,113,2926,93.4,13.37,98.1
2026-09-06 11:49:12,89,1884,82.3,14.38,44.7
2026-09-06 11:49:13,23,3380,84.3,14.23,92.4
2026-09-06 11:49:14,95,1414,93.9,13.39,38.2
2026-09-06 11:49:15,10,1466,90.9,13.81,69.2
2026-09-06 11:49:16,32,2488,84.0,14.12,4.2
2026-09-06 11:49:17,20,2755,94.0,13.35,74.1
2026-09-06 11:49:18,45,2480,83.9,14.24,19.3
2026-09-06 11:49:19,15,2815,93.3,13.77,39.5
2026-09-06 11:49:20,100,3085,77.2,13.93,79.0
2026-09-06 11:49:21,75,3478,87.9,14.1,95.1
2026-09-06 11:49:22,97,2037,81.8,13.43,89.4
2026-09-06 11:49:23,66,3281,78.6,13.78,1.5
2026-09-06 11:49:24,3,2817,89.5,14.13,49.1
2026-09-06 11:49:25,66,1952,92.3,13.76,92.9
2026-09-06 11:49:26,103,2496,82.6,14.29,98.6
2026-09-06 11:49:27,40,1517,91.3,13.29,19.4
2026-09-06 11:49:28,115,2584,81.4,13.88,4.1
2026-09-06 11:49:29,41,3110,94.1,13.34,93.0
2026-09-06 11:49:30,17,3184,79.2,13.25,28.9
2026-09-06 11:49:31,60,1376,90.7,13.42,98.8
2026-09-06 11:49:32,55,2696,77.8,13.72,93.2
2026-09-06 11:49:33,85,2548,87.4,13.35,83.2
2026-09-06 11:49:34,80,1197,88.4,13.32,66.0
2026-09-06 11:49:35,19,2941,86.5,13.76,32.7
2026-09-06 11:49:36,37,2879,81.7,13.99,88.8
2026-09-06 11:49:37,98,3256,94.7,13.97,62.0
2026-09-06 11:49:38,29,1786,80.0,14.1,78.9
2026-09-06 11:49:39,30,1412,85.1,13.4,72.2
2026-09-06 11:49:40,84,991,83.4,14.35,70.6
2026-09-06 11:49:41,60,2216,89.0,13.86,72.0
2026-09-06 11:49:42,96,3258,81.8,13.69,72.8
2026-09-06 11:49:43,21,3157,85.6,13.66,42.9
2026-09-06 11:49:44,70,1956,81.8,14.08,99.6
2026-09-06 11:49:45,72,849,80.4,13.66,29.7
2026-09-06 11:49:46,88,3486,84.0,13.38,43.5
2026-09-06 11:49:47,32,2475,81.0,13.62,90.9
2026-09-06 11:49:48,2,2131,76.9,13.63,90.0
2026-09-06 11:49:49,112,1252,77.3,13.47,26.3
2026-09-06 11:49:50,44,1769,81.4,13.76,54.7
2026-09-06 11:49:51,118,996,75.2,13.51,17.7
2026-09-06 11:49:52,45,956,86.0,13.57,10.4
2026-09-06 11:49:53,10,2215,84.3,14.18,34.1
2026-09-06 11:49:54,108,2761,93.0,13.38,40.5
2026-09-06 11:49:55,80,3447,90.1,13.26,51.5
2026-09-06 11:49:56,81,3174,85.8,13.97,33.6
2026-09-06 11:49:57,60,2970,89.8,13.81,44.7
2026-09-06 11:49:58,86,1121,95.0,13.88,88.5
2026-09-06 11:49:59,85,1533,83.2,13.88,87.4
2026-09-06 11:50:00,81,2232,91.8,13.95,91.7
2026-09-06 11:50:01,79,2468,75.7,13.54,86.7
2026-09-06 11:50:02,67,2365,84.1,13.88,68.7
2026-09-06 11:50:03,44,1351,85.8,13.25,49.6
2026-09-06 11:50:04,45,2196,87.9,13.94,41.1
2026-09-06 11:50:05,95,1390,92.4,13.57,12.9
2026-09-06 11:50:06,1,1226,84.9,13.7,71.8
2026-09-06 11:50:07,1,1983,79.7,13.85,10.5
2026-09-06 11:50:08,73,1909,93.7,13.58,99.1
2026-09-06 11:50:09,79,3467,89.3,13.26,55.3
2026-09-06 11:50:10,112,3035,79.7,13.95,92.2
2026-09-06 11:50:11,33,836,92.1,14.4,35.4
2026-09-06 11:50:12,55,938,82.3,13.83,12.3
2026-09-06 11:50:13,0,1116,84.9,13.58,2.2
2026-09-06 11:50:14,37,3414,80.5,13.68,32.8
2026-09-06 11:50:15,11,3371,76.0,14.4,87.6
2026-09-06 11:50:16,27,2817,81.5,13.43,80.5
2026-09-06 11:50:17,82,1562,93.0,13.61,16.1
2026-09-06 11:50:18,13,1894,78.0,14.28,7.3
2026-09-06 11:50:19,75,2739,82.3,13.31,79.9
2026-09-06 11:50:20,8,1788,92.5,14.22,28.3
2026-09-06 11:50:21,49,1673,85.4,14.18,4.8
2026-09-06 11:50:22,73,1605,92.6,13.92,46.4
2026-09-06 11:50:23,33,1483,88.3,13.39,20.9
2026-09-06 11:50:24,27,1739,91.4,13.21,70.5
2026-09-06 11:50:25,105,2633,90.8,14.14,42.2
2026-09-06 11:50:26,36,2315,80.3,13.58,86.1
2026-09-06 11:50:27,28,2452,80.7,13.58,87.9
2026-09-06 11:50:28,24,2321,84.4,14.34,80.2
2026-09-06 11:50:29,89,2992,84.1,13.23,28.8
2026-09-06 11:50:30,105,2304,80.9,14.14,55.9
2026-09-06 11:50:31,63,2720,92.4,14.34,26.2
2026-09-06 11:50:32,81,3200,75.9,13.21,61.7
2026-09-06 11:50:33,63,862,80.7,13.84,99.1
2026-09-06 11:50:34,24,1094,77.7,13.95,52.9
2026-09-06 11:50:35,53,1112,88.8,14.02,77.4
2026-09-06 11:50:36,27,1650,75.5,14.35,98.7
2026-09-06 11:50:37,51,2945,76.0,13.66,95.5
2026-09-06 11:50:38,21,2790,79.1,13.61,36.1
2026-09-06 11:50:39,62,3226,86.7,13.79,80.3
2026-09-06 11:50:40,96,3421,77.5,13.9,29.2
2026-09-06 11:50:41,74,2162,91.2,13.72,84.6
2026-09-06 11:50:42,104,1723,88.2,14.28,86.1
2026-09-06 11:50:43,98,1548,75.7,14.29,37.1
2026-09-06 11:50:44,12,2482,77.9,13.46,94.9
2026-09-06 11:50:45,5,1907,82.7,14.07,43.2
2026-09-06 11:50:46,101,1260,82.8,13.77,87.1
2026-09-06 11:50:47,13,2854,80.3,14.39,97.6
2026-09-06 11:50:48,81,1411,81.2,14.23,9.4
2026-09-06 11:50:49,30,3028,79.6,13.96,85.5
2026-09-06 11:50:50,20,822,88.0,13.38,87.8
2026-09-06 11:50:51,83,2367,93.5,13.76,22.6
2026-09-06 11:50:52,94,1875,75.8,13.65,96.6
2026-09-06 11:50:53,56,1360,93.1,13.51,97.7
2026-09-06 11:50:54,76,2875,87.2,13.32,51.6
2026-09-06 11:50:55,47,3364,77.6,13.5,60.3
2026-09-06 11:50:56,13,1493,84.7,13.69,37.8
2026-09-06 11:50:57,91,2751,85.6,14.27,66.9
2026-09-06 11:50:58,119,1380,87.2,14.36,17.6
2026-09-06 11:50:59,97,3018,78.4,14.2,90.3
2026-09-06 11:51:00,108,1233,86.6,13.6,33.6
2026-09-06 11:51:01,0,1062,90.5,13.59,80.0
2026-09-06 11:51:02,46,2387,91.6,13.34,34.4
2026-09-06 11:51:03,36,3350,92.0,13.67,15.4
2026-09-06 11:51:04,113,2699,80.3,13.27,14.6
2026-09-06 11:51:05,14,3192,79.6,13.97,95.4
2026-09-06 11:51:06,11,3320,75.7,14.07,49.1
2026-09-06 11:51:07,104,2648,86.7,14.24,4.9
2026-09-06 11:51:08,60,2392,79.0,14.32,61.4
2026-09-06 11:51:09,77,1797,91.1,14.07,28.3
2026-09-06 11:51:10,39,2471,77.6,14.2,78.2
2026-09-06 11:51:11,100,3163,85.0,13.35,19.7
2026-09-06 11:51:12,62,2408,90.4,13.67,87.5
2026-09-06 11:51:13,55,1983,82.7,14.08,42.5
2026-09-06 11:51:14,73,2521,83.7,13.53,88.6
2026-09-06 11:51:15,95,2341,82.3,13.46,69.2
2026-09-06 11:51:16,7,2325,79.9,14.13,0.4
2026-09-06 11:51:17,60,2659,82.1,14.08,30.3
2026-09-06 11:51:18,24,2329,93.3,14.17,58.3
2026-09-06 11:51:19,27,1629,77.8,14.04,40.4
2026-09-06 11:51:20,87,1448,93.2,13.37,10.5
2026-09-06 11:51:21,98,2978,89.1,14.13,60.7
2026-09-06 11:51:22,119,2747,94.8,13.22,48.7
2026-09-06 11:51:23,48,2108,87.1,14.28,81.4
2026-09-06 11:51:24,14,3201,88.5,13.45,37.4
2026-09-06 11:51:25,88,3072,75.8,13.97,94.7
2026-09-06 11:51:26,109,1054,87.9,13.25,84.3
2026-09-06 11:51:27,21,938,92.4,13.32,43.9
2026-09-06 11:51:28,64,2912,80.7,13.31,55.0
2026-09-06 11:51:29,60,1736,79.0,13.68,65.5
2026-09-06 11:51:30,12,2746,93.2,14.33,18.2
2026-09-06 11:51:31,37,1230,81.8,14.04,59.0
2026-09-06 11:51:32,116,3341,82.6,13.95,51.2
2026-09-06 11:51:33,54,3241,82.6,14.09,57.8
2026-09-06 11:51:34,112,1434,76.1,13.7,80.3
2026-09-06 11:51:35,20,1130,92.0,13.98,40.2
2026-09-06 11:51:36,14,1264,83.9,13.36,56.3
2026-09-06 11:51:37,3,2487,85.4,13.7,78.1
2026-09-06 11:51:38,54,2845,82.0,13.5,0.7
2026-09-06 11:51:39,74,2990,91.2,13.63,83.1
2026-09-06 11:51:40,67,1657,86.3,14.27,98.9
2026-09-06 11:51:41,7,2849,75.3,14.32,31.1
2026-09-06 11:51:42,39,1721,91.1,13.38,50.7
2026-09-06 11:51:43,1,1180,76.5,13.93,21.8
2026-09-06 11:51:44,92,3088,77.5,14.28,7.1
2026-09-06 11:51:45,63,1948,88.1,14.07,65.4
2026-09-06 11:51:46,24,3223,88.0,13.26,86.3
2026-09-06 11:51:47,64,1342,89.6,14.36,45.9
2026-09-06 11:51:48,68,3046,75.9,14.1,42.6
2026-09-06 11:51:49,64,2579,85.1,13.68,6.3
2026-09-06 11:51:50,98,1889,79.7,13.41,73.4
2026-09-06 11:51:51,118,2423,75.4,14.21,97.9
2026-09-06 11:51:52,5,2395,76.1,14.12,49.4
2026-09-06 11:51:53,30,919,81.0,14.19,74.8
2026-09-06 11:51:54,5,2391,94.1,13.68,11.5
2026-09-06 11:51:55,98,3404,88.9,13.72,80.6
2026-09-06 11:51:56,46,1438,90.6,13.22,2.8
2026-09-06 11:51:57,85,2851,77.3,14.14,2.5
2026-09-06 11:51:58,35,2214,80.8,13.6,79.5
2026-09-06 11:51:59,62,1617,78.8,13.44,93.9
2026-09-06 11:52:00,23,1191,90.4,14.28,18.8
2026-09-06 11:52:01,20,3300,92.1,13.35,66.2
2026-09-06 11:52:02,76,1741,88.9,14.12,4.0
2026-09-06 11:52:03,51,2635,86.2,14.06,38.6
2026-09-06 11:52:04,29,2238,79.1,13.79,72.6
2026-09-06 11:52:05,99,1707,94.9,13.93,68.2
2026-09-06 11:52:06,30,1775,77.7,13.46,89.5
2026-09-06 11:52:07,16,1384,89.8,14.31,66.5
2026-09-06 11:52:08,113,2543,90.5,14.02,27.3
2026-09-06 11:52:09,110,1254,91.1,13.91,59.8
2026-09-06 11:52:10,48,1603,85.2,14.36,88.8
2026-09-06 11:52:11,102,2996,83.5,13.65,12.5
2026-09-06 11:52:12,49,2785,84.9,14.23,65.4
2026-09-06 11:52:13,73,2612,93.9,13.62,17.3
2026-09-06 11:52:14,79,3049,77.1,14.12,59.0
2026-09-06 11:52:15,18,2795,78.6,13.35,74.5
2026-09-06 11:52:16,82,996,87.2,14.3,81.7
2026-09-06 11:52:17,31,3353,87.3,13.87,46.3
2026-09-06 11:52:18,68,1424,81.1,13.79,89.5
2026-09-06 11:52:19,62,1858,83.4,14.36,18.9
2026-09-06 11:52:20,89,3361,88.5,13.58,78.9
2026-09-06 11:52:21,108,1359,87.0,13.76,94.3
2026-09-06 11:52:22,112,2429,89.1,13.22,60.7
2026-09-06 11:52:23,44,3250,81.3,13.31,45.1
2026-09-06 11:52:24,106,2774,81.5,13.36,54.5
2026-09-06 11:52:25,36,893,88.7,14.08,35.5
2026-09-06 11:52:26,48,1205,89.5,13.99,95.7
2026-09-06 11:52:27,48,2230,90.2,14.36,36.8
2026-09-06 11:52:28,96,954,90.6,13.64,55.8
2026-09-06 11:52:29,80,1948,80.9,14.17,71.9
2026-09-06 11:52:30,32,3067,90.9,14.4,12.2
2026-09-06 11:52:31,44,2426,81.4,14.33,36.7
2026-09-06 11:52:32,54,3052,75.1,13.85,51.1
2026-09-06 11:52:33,48,2345,94.9,13.7,74.3
2026-09-06 11:52:34,1,1150,82.7,13.4,62.6
2026-09-06 11:52:35,74,2584,91.1,13.38,69.3
2026-09-06 11:52:36,87,1714,78.5,13.42,43.7
2026-09-06 11:52:37,75,901,81.4,13.62,65.6
2026-09-06 11:52:38,52,2183,75.8,13.62,77.0
2026-09-06 11:52:39,83,1174,82.5,14.1,66.1
2026-09-06 11:52:40,89,1523,78.3,13.9,42.8
2026-09-06 11:52:41,105,1762,89.2,14.22,77.8
2026-09-06 11:52:42,34,1282,86.9,14.39,5.1
2026-09-06 11:52:43,21,2792,88.7,14.15,18.6
2026-09-06 11:52:44,100,2740,80.7,13.64,84.6
2026-09-06 11:52:45,61,3009,85.1,13.45,57.9
2026-09-06 11:52:46,50,2012,88.9,13.97,30.9
2026-09-06 11:52:47,115,998,92.6,13.89,25.4
2026-09-06 11:52:48,61,2778,94.5,13.87,91.6
2026-09-06 11:52:49,75,937,82.8,14.12,94.5
2026-09-06 11:52:50,15,1325,94.8,13.33,89.2
2026-09-06 11:52:51,80,883,88.3,13.84,92.0
2026-09-06 11:52:52,95,3162,85.7,13.37,10.3
2026-09-06 11:52:53,97,2260,85.3,13.63,64.1
2026-09-06 11:52:54,55,3425,86.6,14.27,88.7
2026-09-06 11:52:55,61,2434,83.0,13.57,41.5
2026-09-06 11:52:56,119,2110,91.9,13.68,15.6
2026-09-06 11:52:57,113,2013,93.7,13.96,31.2
2026-09-06 11:52:58,39,1118,77.1,14.36,53.8
2026-09-06 11:52:59,65,2882,92.5,14.06,25.4
2026-09-06 11:53:00,84,1076,78.8,13.45,86.3
2026-09-06 11:53:01,50,1747,82.1,14.06,50.1
2026-09-06 11:53:02,3,2517,89.1,14.15,16.7
2026-09-06 11:53:03,58,2117,83.4,13.91,96.6
2026-09-06 11:53:04,90,3297,84.4,14.01,61.1
2026-09-06 11:53:05,11,857,91.9,13.44,82.4
2026-09-06 11:53:06,48,2794,83.0,13.8,23.8
2026-09-06 11:53:07,103,3465,93.2,14.18,46.6
2026-09-06 11:53:08,84,2656,90.1,13.57,61.8
2026-09-06 11:53:09,29,2982,88.1,13.96,69.1
2026-09-06 11:53:10,35,3094,93.1,13.63,78.4
2026-09-06 11:53:11,31,2652,91.9,14.31,67.4
2026-09-06 11:53:12,103,1751,88.2,13.61,71.8
2026-09-06 11:53:13,100,894,83.9,13.97,69.6
2026-09-06 11:53:14,37,2525,84.2,14.25,65.4
2026-09-06 11:53:15,46,1390,85.8,14.09,82.3
2026-09-06 11:53:16,25,3137,79.5,13.36,14.2
2026-09-06 11:53:17,59,1244,87.8,13.89,80.7
2026-09-06 11:53:18,39,2959,90.4,13.98,69.6
2026-09-06 11:53:19,109,1936,85.7,14.14,14.9
2026-09-06 11:53:20,87,1948,76.0,13.87,1.1
2026-09-06 11:53:21,67,2241,93.5,13.42,78.8
2026-09-06 11:53:22,53,3212,80.3,13.32,4.7
2026-09-06 11:53:23,31,2936,87.6,13.28,87.4
2026-09-06 11:53:24,60,2552,82.0,13.84,51.8
2026-09-06 11:53:25,89,855,91.4,13.56,18.7
2026-09-06 11:53:26,25,1817,75.5,13.77,99.6
2026-09-06 11:53:27,26,2048,91.5,14.04,29.9
2026-09-06 11:53:28,104,2213,85.5,14.04,55.5
2026-09-06 11:53:29,80,3320,76.6,13.79,88.7
2026-09-06 11:53:30,25,2374,89.5,13.21,46.4
2026-09-06 11:53:31,63,836,76.8,13.88,78.8
2026-09-06 11:53:32,115,1959,83.7,14.3,44.2
2026-09-06 11:53:33,4,2088,94.2,13.42,44.8
2026-09-06 11:53:34,21,1056,78.8,13.72,46.1
2026-09-06 11:53:35,31,2747,82.0,13.66,73.8
2026-09-06 11:53:36,52,1391,85.8,13.95,66.1
2026-09-06 11:53:37,40,2816,89.6,13.82,21.0
2026-09-06 11:53:38,82,2210,94.2,14.05,3.3
2026-09-06 11:53:39,4,1908,86.0,13.99,84.8
2026-09-06 11:53:40,5,3077,90.5,13.49,72.1
2026-09-06 11:53:41,98,2211,78.2,14.19,98.4
2026-09-06 11:53:42,61,2726,88.1,14.18,31.9
2026-09-06 11:53:43,89,903,79.5,13.51,20.3
2026-09-06 11:53:44,41,2168,86.2,13.23,67.6
2026-09-06 11:53:45,84,2704,80.5,14.34,90.8
2026-09-06 11:53:46,113,2732,78.5,14.17,47.0
2026-09-06 11:53:47,13,913,93.2,13.79,17.6
2026-09-06 11:53:48,115,1679,83.6,13.86,6.7
2026-09-06 11:53:49,31,1670,94.8,14.08,26.6
2026-09-06 11:53:50,60,3178,80.7,13.8,58.8
2026-09-06 11:53:51,89,2980,83.6,13.37,84.5
2026-09-06 11:53:52,24,3318,91.3,14.16,41.3
2026-09-06 11:53:53,73,3033,78.7,13.23,3.7
2026-09-06 11:53:54,17,1586,86.0,13.34,4.9
2026-09-06 11:53:55,15,1353,91.1,14.25,65.4
2026-09-06 11:53:56,120,2440,90.4,13.42,98.8
2026-09-06 11:53:57,82,2494,79.3,13.24,18.5
2026-09-06 11:53:58,97,1302,88.4,13.3,63.8
2026-09-06 11:53:59,90,3325,75.6,13.86,97.9
2026-09-06 11:54:00,9,1207,78.3,13.81,35.0
2026-09-06 11:54:01,82,822,79.4,13.45,28.7
2026-09-06 11:54:02,54,2585,92.1,13.59,92.4
2026-09-06 11:54:03,27,1427,85.1,14.33,75.3
2026-09-06 11:54:04,4,1995,89.3,13.23,28.2
2026-09-06 11:54:05,99,845,91.1,14.13,13.1
2026-09-06 11:54:06,100,3434,78.7,13.53,75.0
2026-09-06 11:54:07,7,1338,91.3,13.33,84.8
2026-09-06 11:54:08,96,2734,92.3,14.32,82.5
2026-09-06 11:54:09,38,2290,76.2,13.89,6.2
2026-09-06 11:54:10,116,1405,80.6,13.52,78.8
2026-09-06 11:54:11,51,2178,85.1,13.82,63.5
2026-09-06 11:54:12,33,831,81.7,14.18,10.7
2026-09-06 11:54:13,69,930,79.7,14.01,34.0
2026-09-06 11:54:14,0,1505,80.0,13.47,32.1
2026-09-06 11:54:15,16,1666,91.1,13.86,84.6
2026-09-06 11:54:16,107,2928,94.4,13.43,53.8
2026-09-06 11:54:17,0,1391,82.9,13.69,6.5
2026-09-06 11:54:18,117,3257,80.1,13.62,3.8
2026-09-06 11:54:19,3,3190,80.0,13.82,54.7
2026-09-06 11:54:20,48,2933,84.1,14.22,91.6
2026-09-06 11:54:21,104,2942,83.9,13.6,13.0
2026-09-06 11:54:22,51,2680,83.7,13.48,2.2
2026-09-06 11:54:23,61,2698,94.8,13.85,76.8
2026-09-06 11:54:24,89,874,88.2,13.29,69.0
2026-09-06 11:54:25,54,1037,92.6,13.75,78.4
2026-09-06 11:54:26,40,3435,86.6,14.22,48.0
2026-09-06 11:54:27,104,3047,82.2,14.07,25.2
2026-09-06 11:54:28,75,2577,82.4,14.0,50.6
2026-09-06 11:54:29,118,1369,81.0,13.38,86.4
2026-09-06 11:54:30,99,1938,75.0,14.1,19.9
2026-09-06 11:54:31,115,1518,80.2,13.78,80.3
2026-09-06 11:54:32,119,1423,82.9,14.38,28.9
2026-09-06 11:54:33,13,2851,93.8,13.8,70.5
2026-09-06 11:54:34,118,950,81.3,13.43,21.3
2026-09-06 11:54:35,19,2386,84.0,14.09,76.4
2026-09-06 11:54:36,18,1956,77.7,13.96,12.9
2026-09-06 11:54:37,24,1049,92.9,14.31,31.2
2026-09-06 11:54:38,14,3088,91.4,13.44,4.2
2026-09-06 11:54:39,45,1965,89.8,13.51,5.5
2026-09-06 11:54:40,80,1975,91.2,13.32,61.6
2026-09-06 11:54:41,3,2627,77.6,14.16,1.3
2026-09-06 11:54:42,26,850,92.2,13.72,21.7
2026-09-06 11:54:43,20,3193,81.7,13.72,56.9
2026-09-06 11:54:44,75,2854,78.5,14.13,93.6
2026-09-06 11:54:45,45,2618,76.3,14.27,40.7
2026-09-06 11:54:46,34,3317,84.0,13.42,74.9
2026-09-06 11:54:47,58,2930,87.6,14.33,38.0
2026-09-06 11:54:48,25,1814,87.4,14.34,66.5
2026-09-06 11:54:49,29,3071,76.5,14.37,67.7
2026-09-06 11:54:50,87,1086,87.4,14.19,85.1
2026-09-06 11:54:51,54,2485,79.3,13.66,67.1
2026-09-06 11:54:52,95,2705,81.1,14.21,9.2
2026-09-06 11:54:53,74,2469,82.2,13.96,15.6
2026-09-06 11:54:54,120,3065,77.7,13.52,49.8
2026-09-06 11:54:55,7,3467,87.6,13.32,99.2
2026-09-06 11:54:56,100,2285,77.6,13.95,36.4
2026-09-06 11:54:57,76,1480,80.9,13.81,42.1
2026-09-06 11:54:58,29,1757,80.5,13.64,21.7
2026-09-06 11:54:59,108,3399,78.6,13.3,73.9
2026-09-06 11:55:00,111,3192,84.8,14.14,59.6
2026-09-06 11:55:01,72,2282,89.3,13.89,52.6
2026-09-06 11:55:02,88,2223,87.0,13.46,14.1
2026-09-06 11:55:03,104,2373,80.4,13.47,82.7
2026-09-06 11:55:04,2,1262,77.7,13.86,12.3
2026-09-06 11:55:05,8,1829,84.5,14.26,60.4
2026-09-06 11:55:06,32,1164,75.6,14.05,23.8
2026-09-06 11:55:07,45,1444,75.9,13.21,73.9
2026-09-06 11:55:08,117,1209,82.4,14.17,78.9
2026-09-06 11:55:09,93,2572,83.8,14.23,3.6
2026-09-06 11:55:10,25,1156,85.6,13.85,94.9
2026-09-06 11:55:11,88,3255,80.4,13.26,6.0
2026-09-06 11:55:12,106,2518,86.9,14.21,4.9
2026-09-06 11:55:13,26,2211,84.1,14.2,72.7
2026-09-06 11:55:14,86,2318,84.1,13.24,56.3
2026-09-06 11:55:15,61,2701,93.0,14.26,20.9
2026-09-06 11:55:16,37,1588,75.5,14.12,30.6
2026-09-06 11:55:17,20,3420,77.6,14.09,56.3
2026-09-06 11:55:18,97,3187,94.1,14.02,1.9
2026-09-06 11:55:19,42,2564,86.4,14.32,94.7
2026-09-06 11:55:20,32,2935,82.3,13.67,72.9
2026-09-06 11:55:21,29,2489,85.5,13.29,33.2
2026-09-06 11:55:22,55,2658,94.2,13.9,20.9
2026-09-06 11:55:23,27,1448,89.9,13.3,99.7
2026-09-06 11:55:24,119,3224,88.5,14.0,31.0
2026-09-06 11:55:25,63,2028,79.1,13.39,2.8
2026-09-06 11:55:26,44,1241,85.3,13.26,97.6
2026-09-06 11:55:27,101,961,94.7,13.95,50.4
2026-09-06 11:55:28,98,1586,78.9,13.81,13.5
2026-09-06 11:55:29,29,1210,88.5,13.29,2.0
2026-09-06 11:55:30,111,2936,82.2,13.87,51.0
2026-09-06 11:55:31,54,2559,83.4,13.81,74.3
2026-09-06 11:55:32,15,2849,94.9,14.09,6.7
2026-09-06 11:55:33,34,3412,85.6,13.73,81.6
2026-09-06 11:55:34,35,3465,79.1,13.33,11.4
2026-09-06 11:55:35,51,2994,93.2,14.21,95.2
2026-09-06 11:55:36,61,3313,84.3,13.41,80.8
2026-09-06 11:55:37,86,2300,87.8,14.06,91.4
2026-09-06 11:55:38,89,2147,91.5,13.97,36.1
2026-09-06 11:55:39,1,2012,76.9,14.36,71.6
2026-09-06 11:55:40,60,1493,84.5,13.36,47.6
2026-09-06 11:55:41,53,1412,77.2,13.66,44.0
2026-09-06 11:55:42,98,3130,83.1,13.22,6.8
2026-09-06 11:55:43,17,1755,86.8,13.94,53.4
2026-09-06 11:55:44,58,3377,93.3,13.29,18.7
2026-09-06 11:55:45,32,3332,88.3,14.15,54.1
2026-09-06 11:55:46,26,1090,94.5,13.61,46.9
2026-09-06 11:55:47,4,891,90.5,13.53,8.6
2026-09-06 11:55:48,5,1856,88.0,13.83,86.1
2026-09-06 11:55:49,114,979,91.9,13.72,73.6
2026-09-06 11:55:50,24,1188,82.7,13.37,92.1
2026-09-06 11:55:51,29,836,77.1,13.92,17.2
2026-09-06 11:55:52,79,2263,92.8,13.34,7.9
2026-09-06 11:55:53,26,2774,84.6,13.71,2.3
2026-09-06 11:55:54,96,1140,86.7,13.81,11.4
2026-09-06 11:55:55,1,2988,77.6,13.62,87.2
2026-09-06 11:55:56,33,1650,89.5,14.2,9.6
2026-09-06 11:55:57,64,3050,93.0,14.36,48.7
2026-09-06 11:55:58,102,3066,81.2,14.28,66.3
2026-09-06 11:55:59,20,2847,82.1,13.69,9.0
2026-09-06 11:56:00,31,3166,84.1,14.14,18.6
2026-09-06 11:56:01,33,806,94.7,13.66,98.1
2026-09-06 11:56:02,44,2998,85.0,13.99,2.6
2026-09-06 11:56:03,84,2097,86.2,14.25,45.9
2026-09-06 11:56:04,102,3091,75.8,13.97,17.6
2026-09-06 11:56:05,66,2690,85.3,13.27,38.2
2026-09-06 11:56:06,72,2466,75.3,13.63,51.9
2026-09-06 11:56:07,112,906,78.3,13.61,86.6
2026-09-06 11:56:08,82,3102,85.5,13.66,45.7
2026-09-06 11:56:09,72,2142,80.0,13.28,86.6
2026-09-06 11:56:10,104,1939,82.7,14.23,10.1
2026-09-06 11:56:11,117,2117,76.2,13.25,89.1
2026-09-06 11:56:12,51,871,83.4,13.91,80.1
2026-09-06 11:56:13,14,931,88.7,14.31,9.6
2026-09-06 11:56:14,33,2254,90.7,13.71,67.7
2026-09-06 11:56:15,31,3331,82.3,13.37,88.7
2026-09-06 11:56:16,69,1050,86.8,14.23,97.7
2026-09-06 11:56:17,62,2246,87.4,13.45,19.8
2026-09-06 11:56:18,79,1261,92.0,13.64,75.1
2026-09-06 11:56:19,0,1995,93.8,13.68,34.6
2026-09-06 11:56:20,67,1269,94.6,13.26,26.7
2026-09-06 11:56:21,17,3098,87.8,13.53,88.7
2026-09-06 11:56:22,104,3078,93.1,13.94,24.1
2026-09-06 11:56:23,111,2881,87.2,13.21,25.3
2026-09-06 11:56:24,111,2801,94.4,14.02,20.8
2026-09-06 11:56:25,24,2671,94.7,13.52,10.5
2026-09-06 11:56:26,57,1397,95.0,13.4,6.6
2026-09-06 11:56:27,47,1235,75.7,13.98,58.2
2026-09-06 11:56:28,5,3276,92.0,13.79,22.9
2026-09-06 11:56:29,69,3400,90.7,13.26,94.6
2026-09-06 11:56:30,71,1731,94.1,13.58,3.0
2026-09-06 11:56:31,77,3433,80.0,13.27,40.9
2026-09-06 11:56:32,8,3326,85.7,13.89,30.7
2026-09-06 11:56:33,0,1915,76.3,13.49,32.5
2026-09-06 11:56:34,0,1831,78.2,14.29,32.6
2026-09-06 11:56:35,119,2921,88.6,13.68,29.9
2026-09-06 11:56:36,32,964,92.4,14.03,17.6
2026-09-06 11:56:37,107,3186,81.0,14.01,69.6
2026-09-06 11:56:38,117,1191,85.8,13.63,23.8
2026-09-06 11:56:39,43,881,78.2,13.71,93.0
2026-09-06 11:56:40,10,3316,84.9,14.3,20.6
2026-09-06 11:56:41,80,2616,76.0,13.31,19.1
2026-09-06 11:56:42,92,3176,78.5,13.91,59.4
2026-09-06 11:56:43,55,3190,78.8,13.43,3.9
2026-09-06 11:56:44,103,3452,92.8,13.69,80.8
2026-09-06 11:56:45,100,2266,92.7,13.81,44.8
2026-09-06 11:56:46,50,1815,89.7,14.3,16.4
2026-09-06 11:56:47,106,942,79.8,13.89,45.2
2026-09-06 11:56:48,28,2401,90.5,13.9,85.6
2026-09-06 11:56:49,22,1682,80.7,13.58,6.6
2026-09-06 11:56:50,106,2850,86.8,13.84,36.8
2026-09-06 11:56:51,117,2369,79.4,14.39,74.9
2026-09-06 11:56:52,83,2158,78.1,13.36,43.9
2026-09-06 11:56:53,88,1092,80.1,14.32,66.1
2026-09-06 11:56:54,7,1965,77.2,13.92,64.5
2026-09-06 11:56:55,82,2527,79.9,13.27,27.7
2026-09-06 11:56:56,63,2126,94.6,13.82,37.0
2026-09-06 11:56:57,97,1626,88.7,13.44,60.5
2026-09-06 11:56:58,104,2724,81.2,14.0,71.0
2026-09-06 11:56:59,73,1448,90.4,13.97,64.1
2026-09-06 11:57:00,111,1727,91.8,13.81,55.3
2026-09-06 11:57:01,116,1457,92.9,13.72,59.8
2026-09-06 11:57:02,81,2102,89.6,13.67,1.9
2026-09-06 11:57:03,26,1813,94.7,13.65,20.7
2026-09-06 11:57:04,52,3438,84.3,13.36,96.2
2026-09-06 11:57:05,79,1067,75.4,14.0,19.0
2026-09-06 11:57:06,32,2350,92.1,13.69,55.1
2026-09-06 11:57:07,1,1414,91.4,14.07,25.2
2026-09-06 11:57:08,11,960,82.7,13.41,74.2
2026-09-06 11:57:09,71,2831,83.5,14.18,42.2
2026-09-06 11:57:10,61,1008,88.9,14.25,7.8
2026-09-06 11:57:11,3,890,85.3,13.6,62.3
2026-09-06 11:57:12,1,1413,90.1,13.98,80.4
2026-09-06 11:57:13,106,847,93.3,14.29,10.2
2026-09-06 11:57:14,21,1983,89.4,14.09,66.7
2026-09-06 11:57:15,93,1038,76.8,13.6,97.7
2026-09-06 11:57:16,65,2593,94.2,13.27,87.3
2026-09-06 11:57:17,54,3389,94.0,13.55,8.6
2026-09-06 11:57:18,104,2495,88.0,13.86,61.0
2026-09-06 11:57:19,98,1252,93.0,13.27,95.2
2026-09-06 11:57:20,48,1371,90.5,13.34,47.5
2026-09-06 11:57:21,75,1364,92.1,14.08,41.6
2026-09-06 11:57:22,20,1078,91.8,13.65,5.4
2026-09-06 11:57:23,62,977,88.0,14.26,70.8
2026-09-06 11:57:24,3,3232,85.8,13.86,54.6
2026-09-06 11:57:25,110,969,92.5,14.01,36.6
2026-09-06 11:57:26,106,2273,75.9,13.91,54.5
2026-09-06 11:57:27,43,893,92.1,13.88,77.7
2026-09-06 11:57:28,56,2283,92.2,13.78,94.1
2026-09-06 11:57:29,91,2594,94.0,13.76,89.0
2026-09-06 11:57:30,72,1763,77.2,13.24,5.1
2026-09-06 11:57:31,56,996,87.9,14.36,14.0
2026-09-06 11:57:32,103,3131,78.6,13.23,56.8
2026-09-06 11:57:33,91,2517,91.0,13.22,59.7
2026-09-06 11:57:34,24,1047,88.8,14.27,9.3
2026-09-06 11:57:35,17,2616,75.2,13.85,4.1
2026-09-06 11:57:36,107,1203,82.5,13.23,17.4
2026-09-06 11:57:37,56,3006,84.8,13.27,41.3
2026-09-06 11:57:38,93,2152,85.4,13.97,15.0
2026-09-06 11:57:39,94,1276,78.8,13.47,18.1
2026-09-06 11:57:40,12,2966,90.6,13.33,71.2
2026-09-06 11:57:41,65,1433,77.4,13.6,15.4
2026-09-06 11:57:42,74,2779,90.9,14.39,83.3
2026-09-06 11:57:43,102,1110,79.0,13.6,0.4
2026-09-06 11:57:44,13,3168,77.0,13.5,61.0
2026-09-06 11:57:45,66,2901,95.0,13.77,7.9
2026-09-06 11:57:46,64,3341,94.5,13.32,58.4
2026-09-06 11:57:47,0,2282,84.5,13.23,57.6
2026-09-06 11:57:48,48,845,87.6,13.52,71.4
2026-09-06 11:57:49,19,1207,77.4,13.55,57.3
2026-09-06 11:57:50,79,2397,89.4,13.7,37.0
2026-09-06 11:57:51,24,1469,79.8,13.52,40.8
2026-09-06 11:57:52,5,2439,77.0,14.28,62.4
2026-09-06 11:57:53,75,832,91.1,13.82,38.7
2026-09-06 11:57:54,42,2743,86.4,13.28,26.0
2026-09-06 11:57:55,17,2160,87.8,13.92,17.2
2026-09-06 11:57:56,79,2830,87.0,13.26,87.1
2026-09-06 11:57:57,9,930,78.8,13.32,33.7
2026-09-06 11:57:58,116,2620,93.2,14.2,10.6
2026-09-06 11:57:59,82,1253,76.5,13.84,73.9
2026-09-06 11:58:00,84,2890,83.9,14.17,74.4
2026-09-06 11:58:01,48,3418,93.9,13.39,55.7
2026-09-06 11:58:02,119,1386,92.1,13.22,56.3
2026-09-06 11:58:03,12,898,85.0,14.04,68.8
2026-09-06 11:58:04,6,2137,89.5,13.31,16.8
2026-09-06 11:58:05,55,2021,80.7,14.15,13.2
2026-09-06 11:58:06,52,2744,75.3,14.08,60.9
2026-09-06 11:58:07,10,860,86.4,13.23,25.9
2026-09-06 11:58:08,65,2917,85.1,13.51,53.6
2026-09-06 11:58:09,3,2103,83.2,13.99,15.5
2026-09-06 11:58:10,29,3171,92.4,13.54,89.1
2026-09-06 11:58:11,108,3340,77.3,13.32,68.7
2026-09-06 11:58:12,29,2784,75.5,13.22,13.5
2026-09-06 11:58:13,120,2328,80.5,13.69,77.5
2026-09-06 11:58:14,87,1488,83.6,13.58,30.4
2026-09-06 11:58:15,5,2882,88.5,13.48,30.4
2026-09-06 11:58:16,10,1467,80.4,14.24,69.4
2026-09-06 11:58:17,87,1251,91.2,13.57,62.4
2026-09-06 11:58:18,5,1734,77.1,14.25,67.7
2026-09-06 11:58:19,110,2061,91.5,13.5,97.9
2026-09-06 11:58:20,66,2730,77.8,14.2,29.8
2026-09-06 11:58:21,1,1843,93.7,13.76,23.1
2026-09-06 11:58:22,118,1927,89.9,14.37,41.6
2026-09-06 11:58:23,50,1040,92.4,13.82,80.5
2026-09-06 11:58:24,52,2850,82.7,13.62,40.2
2026-09-06 11:58:25,89,3159,77.0,13.62,88.5
2026-09-06 11:58:26,81,1729,87.4,14.2,30.6
2026-09-06 11:58:27,61,1581,82.2,13.91,69.9
2026-09-06 11:58:28,53,1298,88.9,13.6,49.5
2026-09-06 11:58:29,111,1022,86.0,13.7,33.1
2026-09-06 11:58:30,101,1151,88.5,13.65,22.1
2026-09-06 11:58:31,56,3368,77.5,13.22,51.7
2026-09-06 11:58:32,107,2594,75.7,13.69,94.9
2026-09-06 11:58:33,95,1773,93.7,13.47,27.7
2026-09-06 11:58:34,22,1000,84.5,13.25,6.4
2026-09-06 11:58:35,115,1136,88.4,13.39,62.0
2026-09-06 11:58:36,3,1881,88.2,13.87,51.3
2026-09-06 11:58:37,39,1031,79.9,13.52,2.8
2026-09-06 11:58:38,53,2892,79.3,14.1,11.8
2026-09-06 11:58:39,78,1486,75.4,13.76,23.4
2026-09-06 11:58:40,28,1860,89.8,13.99,41.7
2026-09-06 11:58:41,36,2206,94.8,13.84,58.5
2026-09-06 11:58:42,119,1475,77.6,13.93,47.1
2026-09-06 11:58:43,114,2884,87.7,14.33,83.8
2026-09-06 11:58:44,80,1158,88.1,14.03,2.5
2026-09-06 11:58:45,26,2109,83.9,14.36,70.7
2026-09-06 11:58:46,120,3139,86.9,13.39,39.7
2026-09-06 11:58:47,66,1098,89.8,14.24,13.9
2026-09-06 11:58:48,29,1401,80.6,13.74,36.4
2026-09-06 11:58:49,111,3038,80.0,13.95,95.5
2026-09-06 11:58:50,120,3099,80.7,13.38,60.1
2026-09-06 11:58:51,83,2931,91.8,14.28,41.8
2026-09-06 11:58:52,93,2182,88.6,13.28,79.5
2026-09-06 11:58:53,4,996,77.1,13.23,60.4
2026-09-06 11:58:54,61,1902,83.0,13.44,34.1
2026-09-06 11:58:55,79,2672,84.4,14.14,92.7
2026-09-06 11:58:56,117,938,84.6,13.8,75.9
2026-09-06 11:58:57,25,2545,82.9,13.21,28.0
2026-09-06 11:58:58,68,2170,89.6,14.31,18.5
2026-09-06 11:58:59,7,2536,86.9,13.31,68.6
2026-09-06 11:59:00,51,3339,87.7,13.74,59.8
2026-09-06 11:59:01,102,3492,92.7,13.89,53.2
2026-09-06 11:59:02,28,3481,76.5,13.37,49.7
2026-09-06 11:59:03,91,870,80.8,13.87,7.6
2026-09-06 11:59:04,12,2652,87.4,13.83,26.7
2026-09-06 11:59:05,4,3094,90.9,14.35,21.6
2026-09-06 11:59:06,5,2507,92.4,13.3,1.7
2026-09-06 11:59:07,38,1719,93.1,14.16,1.3
2026-09-06 11:59:08,10,2403,83.6,14.24,75.3
2026-09-06 11:59:09,65,2205,94.1,13.56,14.9
2026-09-06 11:59:10,103,818,85.2,14.35,86.3
2026-09-06 11:59:11,49,2503,86.1,13.48,68.3
2026-09-06 11:59:12,117,2084,89.0,13.74,85.9
2026-09-06 11:59:13,70,1847,91.7,13.41,50.0
2026-09-06 11:59:14,103,3296,82.2,13.68,97.2
2026-09-06 11:59:15,7,3292,85.8,13.85,56.8
2026-09-06 11:59:16,43,1303,93.5,14.35,80.3
2026-09-06 11:59:17,33,2692,86.3,13.56,67.5
2026-09-06 11:59:18,28,2774,76.8,13.78,84.5
2026-09-06 11:59:19,81,2897,77.6,14.31,88.6
2026-09-06 11:59:20,56,1817,77.3,13.66,51.2
2026-09-06 11:59:21,99,3247,88.2,14.0,71.2
2026-09-06 11:59:22,27,2274,83.8,13.72,76.7
2026-09-06 11:59:23,20,2364,76.9,14.36,69.7
2026-09-06 11:59:24,114,2058,79.3,13.97,98.8
2026-09-06 11:59:25,97,3012,83.8,13.84,96.6
2026-09-06 11:59:26,80,1881,89.2,13.64,26.5
2026-09-06 11:59:27,35,1127,83.4,14.04,10.2
2026-09-06 11:59:28,21,2210,82.8,13.28,17.4
2026-09-06 11:59:29,41,1437,84.3,13.57,48.3
2026-09-06 11:59:30,42,1235,76.2,13.85,18.1
2026-09-06 11:59:31,70,3286,83.7,13.64,40.5
2026-09-06 11:59:32,2,2752,93.2,14.34,26.9
2026-09-06 11:59:33,11,949,76.7,14.13,57.2
2026-09-06 11:59:34,34,1568,88.9,13.44,3.9
2026-09-06 11:59:35,53,2104,84.7,14.02,75.0
2026-09-06 11:59:36,26,3076,87.4,13.73,58.6
2026-09-06 11:59:37,27,3066,78.0,13.37,11.8
2026-09-06 11:59:38,120,3140,79.9,14.22,52.3
2026-09-06 11:59:39,61,856,94.5,13.74,94.3
2026-09-06 11:59:40,4,2106,75.8,13.88,69.5
2026-09-06 11:59:41,99,2866,88.5,14.37,60.9
2026-09-06 11:59:42,73,3297,87.4,14.18,23.1
2026-09-06 11:59:43,80,2656,76.3,14.14,7.6
2026-09-06 11:59:44,60,3029,89.7,13.53,20.9
2026-09-06 11:59:45,17,2488,75.9,13.87,72.5
2026-09-06 11:59:46,96,1277,75.2,14.11,14.1
2026-09-06 11:59:47,68,2521,81.9,13.7,66.9
2026-09-06 11:59:48,117,1456,90.8,13.67,59.2
2026-09-06 11:59:49,84,2774,77.2,13.87,37.6
2026-09-06 11:59:50,13,2088,93.7,13.38,1.5
2026-09-06 11:59:51,91,2593,77.9,13.64,84.3
2026-09-06 11:59:52,65,2923,76.7,13.6,7.6
2026-09-06 11:59:53,101,1870,90.2,13.43,36.5
2026-09-06 11:59:54,36,1172,80.4,14.25,81.3
2026-09-06 11:59:55,79,3023,81.3,13.78,13.7
2026-09-06 11:59:56,118,2306,86.0,13.99,98.4
2026-09-06 11:59:57,41,2589,89.9,13.29,74.3
2026-09-06 11:59:58,34,3183,82.5,13.77,29.4
2026-09-06 11:59:59,57,998,92.8,13.69,92.4
2026-09-06 12:00:00,40,2000,92.8,14.32,76.5
2026-09-06 12:00:01,96,3292,77.6,14.25,23.1
2026-09-06 12:00:02,15,1588,84.2,14.14,5.0
2026-09-06 12:00:03,26,1153,93.2,13.62,13.8
2026-09-06 12:00:04,29,3006,83.8,14.11,41.9
2026-09-06 12:00:05,19,2771,75.9,13.95,91.9
2026-09-06 12:00:06,92,2919,92.1,13.52,8.7
2026-09-06 12:00:07,29,965,89.3,13.92,16.1
2026-09-06 12:00:08,46,2051,82.0,13.7,56.8
2026-09-06 12:00:09,120,3497,87.6,14.12,35.1
2026-09-06 12:00:10,24,2724,75.6,13.84,93.9
2026-09-06 12:00:11,79,2257,75.8,13.45,13.0
2026-09-06 12:00:12,8,2082,87.6,13.94,99.3
2026-09-06 12:00:13,93,2896,78.3,13.69,36.6
2026-09-06 12:00:14,61,1622,80.0,14.11,14.9
2026-09-06 12:00:15,83,1452,79.9,13.87,42.7
2026-09-06 12:00:16,31,1400,82.6,13.95,39.7
2026-09-06 12:00:17,71,3058,78.8,13.59,97.7
2026-09-06 12:00:18,89,3236,75.4,13.71,25.8
2026-09-06 12:00:19,30,1407,82.2,14.15,83.0
2026-09-06 12:00:20,94,2189,78.2,13.35,71.3
2026-09-06 12:00:21,91,2513,84.3,13.76,91.7
2026-09-06 12:00:22,3,2319,78.7,14.14,73.6
2026-09-06 12:00:23,29,1389,94.9,14.39,3.2
2026-09-06 12:00:24,114,2034,85.6,13.38,55.9
2026-09-06 12:00:25,96,3371,81.4,13.93,93.6
2026-09-06 12:00:26,54,2815,81.6,14.03,32.6
2026-09-06 12:00:27,5,2628,84.0,13.6,74.0
2026-09-06 12:00:28,118,2843,93.3,13.84,96.8
2026-09-06 12:00:29,57,1403,84.1,13.26,22.8
2026-09-06 12:00:30,112,2990,87.6,14.05,67.7
2026-09-06 12:00:31,47,1083,78.5,13.91,65.8
2026-09-06 12:00:32,11,2098,83.8,13.79,25.5
2026-09-06 12:00:33,110,2097,85.2,13.25,11.4
2026-09-06 12:00:34,111,881,80.2,13.34,87.0
2026-09-06 12:00:35,17,862,84.2,14.34,19.9
2026-09-06 12:00:36,77,2471,89.4,13.86,89.2
2026-09-06 12:00:37,106,1567,87.0,14.24,0.7
2026-09-06 12:00:38,93,2711,80.1,13.69,21.6
2026-09-06 12:00:39,73,1023,88.8,13.49,80.4
2026-09-06 12:00:40,71,2350,83.6,13.99,85.1
2026-09-06 12:00:41,76,2855,80.8,13.85,46.0
2026-09-06 12:00:42,100,2296,93.5,14.29,30.9
2026-09-06 12:00:43,40,1374,80.6,13.47,8.5
2026-09-06 12:00:44,88,2359,89.3,13.43,65.9
2026-09-06 12:00:45,50,3293,88.0,14.35,88.6
2026-09-06 12:00:46,111,2603,84.0,14.12,64.0
2026-09-06 12:00:47,48,2223,93.1,13.98,79.5
2026-09-06 12:00:48,7,2276,84.2,14.24,3.6
2026-09-06 12:00:49,6,949,90.8,13.89,33.4
2026-09-06 12:00:50,82,2280,80.0,13.94,12.4
2026-09-06 12:00:51,35,2873,78.3,14.24,97.1
2026-09-06 12:00:52,71,1059,75.8,14.05,30.0
2026-09-06 12:00:53,76,2643,83.9,13.69,98.6
2026-09-06 12:00:54,104,922,83.1,14.29,10.2
2026-09-06 12:00:55,28,3127,78.3,13.66,24.5
2026-09-06 12:00:56,40,1151,84.4,14.28,58.8
2026-09-06 12:00:57,24,1179,89.4,14.05,73.8
2026-09-06 12:00:58,45,2270,79.3,13.86,46.6
2026-09-06 12:00:59,120,2867,89.0,13.99,10.5
2026-09-06 12:01:00,7,1135,78.5,13.38,12.9
2026-09-06 12:01:01,12,2355,75.1,13.73,62.5
2026-09-06 12:01:02,80,1692,77.7,13.55,95.5
2026-09-06 12:01:03,104,1760,85.7,13.36,43.7
2026-09-06 12:01:04,64,806,85.8,13.58,16.2
2026-09-06 12:01:05,9,1740,78.7,14.0,73.6
2026-09-06 12:01:06,120,2792,91.7,13.77,52.2
2026-09-06 12:01:07,49,2628,89.5,13.24,85.3
2026-09-06 12:01:08,64,1537,89.0,13.67,41.6
2026-09-06 12:01:09,68,1005,91.7,13.31,94.8
2026-09-06 12:01:10,63,1309,84.6,13.33,24.3
2026-09-06 12:01:11,77,3225,84.3,14.07,36.9
2026-09-06 12:01:12,67,956,92.0,14.14,70.2
2026-09-06 12:01:13,4,1993,90.8,13.93,68.9
2026-09-06 12:01:14,110,1913,83.9,13.54,77.0
2026-09-06 12:01:15,40,1768,94.0,13.74,53.6
2026-09-06 12:01:16,79,935,92.5,14.11,6.5
2026-09-06 12:01:17,18,1862,92.3,13.75,15.4
2026-09-06 12:01:18,106,1322,86.8,13.43,32.1
2026-09-06 12:01:19,81,810,80.8,13.74,73.8
2026-09-06 12:01:20,120,2063,82.9,14.37,43.7
2026-09-06 12:01:21,94,996,87.0,13.42,22.2
2026-09-06 12:01:22,116,1342,75.1,14.1,24.7
2026-09-06 12:01:23,84,2281,78.0,14.13,16.1
2026-09-06 12:01:24,73,2383,80.0,13.95,9.2
2026-09-06 12:01:25,79,3272,84.4,14.05,65.8
2026-09-06 12:01:26,24,2923,89.8,13.47,89.6
2026-09-06 12:01:27,16,2043,89.7,13.42,92.3
2026-09-06 12:01:28,54,2749,90.4,13.93,88.0
2026-09-06 12:01:29,102,1697,81.7,14.31,83.1
2026-09-06 12:01:30,103,2541,85.2,13.34,14.7
2026-09-06 12:01:31,47,979,75.4,14.24,47.9
2026-09-06 12:01:32,102,2608,89.3,13.71,23.0
2026-09-06 12:01:33,82,2669,93.4,14.28,83.8
2026-09-06 12:01:34,39,3464,82.9,13.75,54.2
2026-09-06 12:01:35,44,3227,89.3,14.01,72.4
2026-09-06 12:01:36,75,2735,90.6,13.28,55.4
2026-09-06 12:01:37,28,1064,91.1,13.37,73.9
2026-09-06 12:01:38,21,1929,88.8,14.12,69.4
2026-09-06 12:01:39,15,1237,89.2,13.75,36.4
2026-09-06 12:01:40,4,3091,91.9,13.79,62.9
2026-09-06 12:01:41,51,2414,88.0,13.62,9.3
2026-09-06 12:01:42,84,989,86.6,13.49,86.6
2026-09-06 12:01:43,44,1376,85.2,14.29,8.0
2026-09-06 12:01:44,89,3448,77.4,14.02,2.7
2026-09-06 12:01:45,47,3294,76.3,13.31,31.6
2026-09-06 12:01:46,56,3366,91.6,13.71,8.2
2026-09-06 12:01:47,57,1710,89.9,14.04,74.9
2026-09-06 12:01:48,7,3409,90.1,14.03,41.3
2026-09-06 12:01:49,80,1545,94.6,13.73,62.9
2026-09-06 12:01:50,76,1080,77.9,13.21,40.8
2026-09-06 12:01:51,112,2032,75.0,13.85,81.9
2026-09-06 12:01:52,65,1053,91.7,13.87,86.0
2026-09-06 12:01:53,36,1923,81.6,13.43,16.9
2026-09-06 12:01:54,43,2053,80.0,14.01,4.1
2026-09-06 12:01:55,108,1295,81.6,14.37,18.8
2026-09-06 12:01:56,99,1701,87.6,14.11,94.3
2026-09-06 12:01:57,2,2241,80.3,14.35,90.0
2026-09-06 12:01:58,11,1539,86.8,13.54,59.8
2026-09-06 12:01:59,51,1838,84.4,13.25,71.8
2026-09-06 12:02:00,4,3162,83.2,14.35,94.9
2026-09-06 12:02:01,10,3423,90.5,14.39,43.2
2026-09-06 12:02:02,108,907,92.5,13.57,52.9
2026-09-06 12:02:03,8,3252,89.6,14.38,16.8
2026-09-06 12:02:04,96,1925,81.0,13.48,27.2
2026-09-06 12:02:05,43,1105,81.2,13.45,86.7
2026-09-06 12:02:06,17,3330,75.7,14.08,4.1
2026-09-06 12:02:07,85,2823,84.7,14.0,47.9
2026-09-06 12:02:08,58,1879,84.2,13.43,45.3
2026-09-06 12:02:09,56,3431,87.6,13.95,4.6
2026-09-06 12:02:10,62,1300,91.0,13.9,33.6
2026-09-06 12:02:11,83,1396,89.6,13.72,36.4
2026-09-06 12:02:12,103,1627,80.5,14.32,48.1
2026-09-06 12:02:13,56,1369,81.9,14.13,23.9
2026-09-06 12:02:14,63,2828,83.8,13.21,47.1
2026-09-06 12:02:15,64,2487,92.4,13.88,56.6
2026-09-06 12:02:16,74,2614,87.0,13.63,38.5
2026-09-06 12:02:17,37,1956,85.7,13.94,8.6
2026-09-06 12:02:18,53,2083,80.4,14.33,41.2
2026-09-06 12:02:19,115,1679,80.0,13.54,88.9
2026-09-06 12:02:20,62,1187,89.3,14.27,74.3
2026-09-06 12:02:21,60,1298,77.0,13.84,61.3
2026-09-06 12:02:22,110,2073,79.4,14.25,21.3
2026-09-06 12:02:23,83,1462,76.6,13.93,92.2
2026-09-06 12:02:24,118,3273,76.5,14.16,89.4
2026-09-06 12:02:25,87,2447,92.7,13.69,77.5
2026-09-06 12:02:26,56,2950,83.7,14.16,80.1
2026-09-06 12:02:27,66,2322,89.2,13.88,98.3
2026-09-06 12:02:28,14,1220,83.2,13.62,26.2
2026-09-06 12:02:29,114,1906,79.9,13.8,3.8
2026-09-06 12:02:30,56,1453,79.0,14.22,2.1
2026-09-06 12:02:31,110,2656,89.5,13.96,18.8
2026-09-06 12:02:32,37,850,90.7,14.13,88.0
2026-09-06 12:02:33,65,898,79.0,14.28,33.0
2026-09-06 12:02:34,34,2981,90.5,13.27,26.5
2026-09-06 12:02:35,41,1718,93.1,13.56,58.4
2026-09-06 12:02:36,68,1267,85.8,13.31,60.5
2026-09-06 12:02:37,110,2058,82.6,14.03,33.5
2026-09-06 12:02:38,59,1387,87.4,14.35,2.9
2026-09-06 12:02:39,19,1181,79.6,14.0,12.2
2026-09-06 12:02:40,50,1934,84.7,13.59,89.6
2026-09-06 12:02:41,28,3455,82.1,13.96,10.3
2026-09-06 12:02:42,34,933,75.5,13.89,0.0
2026-09-06 12:02:43,56,2580,87.3,13.93,74.2
2026-09-06 12:02:44,19,2252,81.5,13.89,12.5
2026-09-06 12:02:45,68,2062,87.5,14.07,73.0
2026-09-06 12:02:46,89,1170,78.9,13.51,50.5
2026-09-06 12:02:47,5,2819,79.3,14.04,55.7
2026-09-06 12:02:48,106,2768,84.5,13.59,55.0
2026-09-06 12:02:49,79,2499,86.4,14.22,97.3
2026-09-06 12:02:50,89,3169,79.6,13.8,64.9
2026-09-06 12:02:51,90,1051,92.0,14.18,50.0
2026-09-06 12:02:52,43,2868,88.5,14.39,10.6
2026-09-06 12:02:53,106,1325,90.6,13.32,8.5
2026-09-06 12:02:54,104,1208,75.5,13.28,58.4
2026-09-06 12:02:55,89,2276,93.2,13.62,68.9
2026-09-06 12:02:56,96,960,80.3,13.72,92.5
2026-09-06 12:02:57,39,2039,93.4,13.39,55.1
2026-09-06 12:02:58,92,1536,77.3,14.21,14.1
2026-09-06 12:02:59,47,833,93.6,13.48,28.3
2026-09-06 12:03:00,3,1494,77.3,13.97,55.7
2026-09-06 12:03:01,83,1796,93.4,13.86,60.0
2026-09-06 12:03:02,37,2150,83.6,14.1,91.0
2026-09-06 12:03:03,45,1286,82.4,13.72,44.7
2026-09-06 12:03:04,61,3096,76.5,13.43,1.8
2026-09-06 12:03:05,83,2425,77.7,14.18,73.9
2026-09-06 12:03:06,9,3364,86.4,13.48,37.5
2026-09-06 12:03:07,119,2468,79.0,13.42,98.9
2026-09-06 12:03:08,65,1477,81.6,14.4,93.7
2026-09-06 12:03:09,75,1091,79.6,14.0,46.8
2026-09-06 12:03:10,13,2860,88.6,13.4,93.0
2026-09-06 12:03:11,48,1300,93.8,13.74,38.7
2026-09-06 12:03:12,13,2125,77.3,13.59,81.5
2026-09-06 12:03:13,65,2532,92.6,13.36,22.7
2026-09-06 12:03:14,7,1789,89.5,13.24,43.3
2026-09-06 12:03:15,92,1538,90.1,13.52,56.5
2026-09-06 12:03:16,18,1257,77.4,13.97,67.7
2026-09-06 12:03:17,22,2835,88.3,14.0,22.2
2026-09-06 12:03:18,93,1905,79.9,13.49,38.5
2026-09-06 12:03:19,106,2671,75.7,13.39,82.6
2026-09-06 12:03:20,45,2897,89.2,13.64,8.8
2026-09-06 12:03:21,40,1437,77.9,14.0,85.4
2026-09-06 12:03:22,54,1162,88.7,13.32,79.2
2026-09-06 12:03:23,58,3381,86.6,13.62,62.1
2026-09-06 12:03:24,34,1040,79.9,13.9,7.6
2026-09-06 12:03:25,31,3018,83.3,13.49,45.9
2026-09-06 12:03:26,77,2189,83.3,13.64,7.8
2026-09-06 12:03:27,107,2010,87.1,13.94,43.4
2026-09-06 12:03:28,12,2513,80.3,13.3,56.7
2026-09-06 12:03:29,37,2780,76.3,14.35,7.6
2026-09-06 12:03:30,82,1041,79.3,13.81,65.5
2026-09-06 12:03:31,73,2186,93.4,13.46,56.2
2026-09-06 12:03:32,87,3456,85.3,14.4,39.5
2026-09-06 12:03:33,70,3276,78.1,14.28,77.6
2026-09-06 12:03:34,69,2336,86.0,14.23,28.3
2026-09-06 12:03:35,50,2959,93.9,13.38,95.4
2026-09-06 12:03:36,114,2700,94.4,13.76,46.6
2026-09-06 12:03:37,89,821,86.0,13.33,50.9
2026-09-06 12:03:38,49,2877,84.2,14.16,94.6
2026-09-06 12:03:39,106,1923,90.1,13.75,41.0
2026-09-06 12:03:40,107,2565,94.9,13.89,76.8
2026-09-06 12:03:41,7,2417,78.3,14.34,29.2
2026-09-06 12:03:42,103,3288,85.8,13.73,12.5
2026-09-06 12:03:43,10,2766,82.3,13.79,92.2
2026-09-06 12:03:44,51,1156,87.9,13.96,61.3
2026-09-06 12:03:45,112,2146,90.9,13.28,54.9
2026-09-06 12:03:46,19,3089,93.2,14.32,69.3
2026-09-06 12:03:47,83,1055,88.4,13.52,9.0
2026-09-06 12:03:48,101,1170,88.6,13.76,43.5
2026-09-06 12:03:49,57,1551,86.1,13.5,14.0
2026-09-06 12:03:50,9,1921,89.5,14.17,46.6
2026-09-06 12:03:51,30,1885,79.7,13.96,83.5
2026-09-06 12:03:52,92,3293,83.7,14.02,77.7
2026-09-06 12:03:53,62,1901,86.1,13.76,45.3
2026-09-06 12:03:54,100,1813,79.2,13.46,57.7
2026-09-06 12:03:55,3,1743,84.4,13.86,50.8
2026-09-06 12:03:56,2,947,84.4,14.13,75.2
2026-09-06 12:03:57,99,3490,85.1,14.18,94.1
2026-09-06 12:03:58,32,2993,87.6,13.3,83.8
2026-09-06 12:03:59,12,3360,86.6,14.15,44.1
2026-09-06 12:04:00,38,3085,78.5,14.19,74.4
2026-09-06 12:04:01,65,2196,91.8,13.93,75.8
2026-09-06 12:04:02,8,1957,86.8,14.3,55.8
2026-09-06 12:04:03,26,2327,85.6,13.82,23.6
2026-09-06 12:04:04,33,3390,77.4,13.5,17.4
2026-09-06 12:04:05,82,2421,77.3,13.68,96.6
2026-09-06 12:04:06,45,3421,92.0,13.76,38.9
2026-09-06 12:04:07,22,2727,84.5,13.87,24.8
2026-09-06 12:04:08,86,1352,80.8,13.84,42.9
2026-09-06 12:04:09,117,810,76.9,13.32,80.5
2026-09-06 12:04:10,25,1350,89.1,13.94,41.0
2026-09-06 12:04:11,88,2812,80.1,13.67,20.2
2026-09-06 12:04:12,38,3413,93.1,13.94,19.9
2026-09-06 12:04:13,73,2266,88.8,13.98,68.6
2026-09-06 12:04:14,78,2074,92.1,13.64,75.8
2026-09-06 12:04:15,67,1718,86.5,14.07,61.3
2026-09-06 12:04:16,68,3406,87.8,13.47,31.8
2026-09-06 12:04:17,62,1240,82.9,13.37,73.5
2026-09-06 12:04:18,47,3192,93.5,13.25,44.0
2026-09-06 12:04:19,11,2983,91.4,13.37,61.6
2026-09-06 12:04:20,6,1521,81.1,13.39,93.6
2026-09-06 12:04:21,54,2942,91.1,13.61,71.5
2026-09-06 12:04:22,12,2158,82.9,13.41,19.7
2026-09-06 12:04:23,6,1854,85.6,13.29,45.8
2026-09-06 12:04:24,1,3228,89.6,14.08,24.7
2026-09-06 12:04:25,9,2915,92.2,13.74,12.0
2026-09-06 12:04:26,0,1305,87.3,13.77,42.9
2026-09-06 12:04:27,100,2534,91.7,13.97,22.1
2026-09-06 12:04:28,46,1842,83.6,13.71,1.1
2026-09-06 12:04:29,3,2453,92.5,14.21,78.6
2026-09-06 12:04:30,77,2503,82.5,14.06,79.5
2026-09-06 12:04:31,69,2601,80.5,13.3,99.1
2026-09-06 12:04:32,16,1338,77.6,13.39,46.6
2026-09-06 12:04:33,4,2722,86.5,13.25,1.6
2026-09-06 12:04:34,70,3321,83.0,14.25,4.3
2026-09-06 12:04:35,5,1884,83.5,14.17,7.3
2026-09-06 12:04:36,59,2917,76.1,13.47,68.4
2026-09-06 12:04:37,110,1310,91.7,14.02,62.4
2026-09-06 12:04:38,55,1494,95.0,13.26,4.3
2026-09-06 12:04:39,30,1132,86.1,13.7,10.2
2026-09-06 12:04:40,115,3411,77.2,13.8,78.1
2026-09-06 12:04:41,23,2916,88.8,13.63,34.2
2026-09-06 12:04:42,47,1106,78.7,14.27,51.7
2026-09-06 12:04:43,43,2340,81.6,13.51,92.5
2026-09-06 12:04:44,71,1163,91.2,13.61,32.3
2026-09-06 12:04:45,108,973,83.8,13.93,99.7
2026-09-06 12:04:46,87,1424,87.6,14.15,3.7
2026-09-06 12:04:47,84,2676,82.3,13.79,82.4
2026-09-06 12:04:48,8,2640,91.5,13.45,26.6
2026-09-06 12:04:49,95,3263,76.5,13.74,72.9
2026-09-06 12:04:50,95,2765,85.9,14.28,90.8
2026-09-06 12:04:51,56,1458,91.5,14.04,57.4
2026-09-06 12:04:52,68,1560,93.2,13.63,95.4
2026-09-06 12:04:53,14,978,91.0,14.15,96.9
2026-09-06 12:04:54,112,3275,79.2,13.35,55.9
2026-09-06 12:04:55,58,1490,92.4,13.54,73.1
2026-09-06 12:04:56,76,2097,85.7,13.79,12.2
2026-09-06 12:04:57,40,2425,91.6,13.99,15.5
2026-09-06 12:04:58,31,2183,75.1,13.78,18.3
2026-09-06 12:04:59,14,2650,86.5,13.98,63.6
2026-09-06 12:05:00,62,3023,91.1,14.08,33.4
2026-09-06 12:05:01,99,2646,90.6,13.8,5.2
2026-09-06 12:05:02,59,1115,84.4,13.92,24.4
2026-09-06 12:05:03,78,1231,85.0,14.16,26.8
2026-09-06 12:05:04,104,3149,86.5,13.82,66.4
2026-09-06 12:05:05,34,2018,89.4,13.61,67.8
2026-09-06 12:05:06,19,1604,88.0,14.04,92.7
2026-09-06 12:05:07,93,2068,90.8,13.21,29.5
2026-09-06 12:05:08,17,1826,85.0,13.65,99.2
2026-09-06 12:05:09,75,1864,77.5,14.38,52.4
2026-09-06 12:05:10,31,3451,88.7,13.59,23.1
2026-09-06 12:05:11,94,1723,81.7,13.61,58.4
2026-09-06 12:05:12,21,1494,83.2,14.22,46.0
2026-09-06 12:05:13,98,3161,90.5,14.4,10.6
2026-09-06 12:05:14,39,3030,85.7,13.79,71.1
2026-09-06 12:05:15,66,2075,81.7,13.5,69.2
2026-09-06 12:05:16,61,1927,85.1,14.03,22.8
2026-09-06 12:05:17,18,2004,75.3,14.02,16.8
2026-09-06 12:05:18,20,3072,90.4,14.19,77.1
2026-09-06 12:05:19,91,906,91.9,13.77,32.5
2026-09-06 12:05:20,110,1961,77.4,13.77,64.7
2026-09-06 12:05:21,111,1982,91.6,13.3,91.8
2026-09-06 12:05:22,6,2723,86.3,14.09,85.9
2026-09-06 12:05:23,70,2836,94.0,14.25,72.6
2026-09-06 12:05:24,28,2902,79.9,14.14,2.5
2026-09-06 12:05:25,99,2507,90.0,13.79,61.6
2026-09-06 12:05:26,76,3061,88.8,13.36,17.5
2026-09-06 12:05:27,89,2113,87.7,13.85,6.8
2026-09-06 12:05:28,15,1739,87.5,13.59,85.2
2026-09-06 12:05:29,13,3417,90.1,13.97,11.4
2026-09-06 12:05:30,43,1271,82.1,13.56,4.1
2026-09-06 12:05:31,1,1530,77.9,13.49,54.3
2026-09-06 12:05:32,95,865,91.4,13.86,61.1
2026-09-06 12:05:33,48,2880,76.4,14.11,14.8
2026-09-06 12:05:34,104,819,76.3,13.99,79.6
2026-09-06 12:05:35,100,1400,90.4,14.15,32.2
2026-09-06 12:05:36,102,3492,86.4,14.35,85.2
2026-09-06 12:05:37,93,1191,82.8,13.34,34.3
2026-09-06 12:05:38,62,946,82.3,13.9,63.8
2026-09-06 12:05:39,51,1921,88.3,13.5,38.3
2026-09-06 12:05:40,82,2800,81.6,14.17,45.6
2026-09-06 12:05:41,55,2837,86.1,13.3,67.0
2026-09-06 12:05:42,94,3200,77.5,13.58,82.7
2026-09-06 12:05:43,104,1832,90.1,13.22,78.9
2026-09-06 12:05:44,76,3200,87.0,13.52,74.1
2026-09-06 12:05:45,112,2024,78.0,14.24,79.2
2026-09-06 12:05:46,1,2923,83.0,14.0,48.9
2026-09-06 12:05:47,19,2766,90.5,13.5,62.1
2026-09-06 12:05:48,76,2348,75.7,13.33,91.8
2026-09-06 12:05:49,41,813,85.2,13.47,93.4
2026-09-06 12:05:50,71,1216,90.6,14.29,39.8
2026-09-06 12:05:51,66,3499,89.4,13.64,34.2
2026-09-06 12:05:52,33,2819,79.3,13.27,38.6
2026-09-06 12:05:53,59,1460,93.5,13.69,59.5
2026-09-06 12:05:54,68,965,76.6,13.36,61.6
2026-09-06 12:05:55,58,2176,90.6,13.69,66.8
2026-09-06 12:05:56,30,2275,92.9,13.41,37.6
2026-09-06 12:05:57,44,2870,87.8,13.67,95.8
2026-09-06 12:05:58,34,1470,84.6,14.23,92.4
2026-09-06 12:05:59,34,3082,84.7,13.44,38.8
2026-09-06 12:06:00,49,1651,89.0,13.31,78.8
2026-09-06 12:06:01,19,2423,89.9,14.24,99.7
2026-09-06 12:06:02,60,2200,91.0,13.71,41.9
2026-09-06 12:06:03,14,1870,83.8,13.65,0.0
2026-09-06 12:06:04,51,2860,94.3,13.9,44.5
2026-09-06 12:06:05,55,1423,83.6,13.41,34.9
2026-09-06 12:06:06,51,870,76.5,13.33,68.8
2026-09-06 12:06:07,91,3344,80.5,13.32,48.9
2026-09-06 12:06:08,41,2341,80.9,13.81,2.5
2026-09-06 12:06:09,94,2123,78.9,14.21,80.6
2026-09-06 12:06:10,95,3087,87.7,13.63,34.7
2026-09-06 12:06:11,103,3322,79.9,14.14,51.3
2026-09-06 12:06:12,65,876,84.8,14.27,30.8
2026-09-06 12:06:13,49,3109,78.4,13.37,52.1
2026-09-06 12:06:14,70,1953,93.0,13.37,58.6
2026-09-06 12:06:15,59,2778,94.8,13.43,87.8
2026-09-06 12:06:16,93,2429,80.5,13.82,13.2
2026-09-06 12:06:17,107,2356,80.0,14.19,59.0
2026-09-06 12:06:18,117,1721,90.2,13.88,79.1
2026-09-06 12:06:19,34,3279,85.4,13.39,78.6
2026-09-06 12:06:20,85,3157,94.0,14.15,25.9
2026-09-06 12:06:21,99,3412,75.1,13.85,74.9
2026-09-06 12:06:22,22,2019,85.6,13.54,57.0
2026-09-06 12:06:23,55,1855,83.7,13.56,27.5
2026-09-06 12:06:24,53,2258,80.3,14.34,90.4
2026-09-06 12:06:25,100,2298,87.6,13.99,47.1
2026-09-06 12:06:26,83,1901,92.1,13.96,99.5
2026-09-06 12:06:27,15,1491,75.0,14.34,6.5
2026-09-06 12:06:28,84,1755,89.8,13.98,5.9
2026-09-06 12:06:29,75,1247,91.0,14.23,84.7
2026-09-06 12:06:30,43,1709,83.2,13.67,56.9
2026-09-06 12:06:31,107,1528,84.3,13.66,78.0
2026-09-06 12:06:32,63,2728,77.0,14.13,41.3
2026-09-06 12:06:33,48,2113,84.9,14.08,57.8
2026-09-06 12:06:34,103,2865,85.0,13.89,21.8
2026-09-06 12:06:35,51,2952,94.1,13.47,55.6
2026-09-06 12:06:36,47,1731,76.4,14.15,50.0
2026-09-06 12:06:37,97,1701,84.7,13.37,75.2
2026-09-06 12:06:38,87,2042,85.9,13.24,64.3
2026-09-06 12:06:39,33,1251,82.6,13.7,32.8
2026-09-06 12:06:40,107,1317,89.9,13.29,80.8
2026-09-06 12:06:41,109,1812,79.6,13.87,73.4
2026-09-06 12:06:42,46,2947,79.1,14.13,21.1
2026-09-06 12:06:43,64,2826,80.2,13.74,64.9
2026-09-06 12:06:44,115,2770,78.7,13.25,33.6
2026-09-06 12:06:45,95,2146,90.3,13.65,2.7
2026-09-06 12:06:46,104,3484,81.6,14.03,97.4
2026-09-06 12:06:47,38,2775,86.2,13.9,64.0
2026-09-06 12:06:48,23,2918,93.9,14.21,6.6
2026-09-06 12:06:49,10,2557,77.8,13.23,10.8
2026-09-06 12:06:50,11,1001,75.8,13.46,97.4
2026-09-06 12:06:51,78,1031,79.4,14.07,55.0
2026-09-06 12:06:52,115,3122,86.9,14.08,56.8
2026-09-06 12:06:53,77,2636,95.0,13.62,50.1
2026-09-06 12:06:54,115,3274,76.6,13.82,30.2
2026-09-06 12:06:55,119,1597,85.0,13.78,24.8
2026-09-06 12:06:56,111,2308,93.6,13.88,86.7
2026-09-06 12:06:57,34,3365,78.7,14.13,47.6
2026-09-06 12:06:58,86,2304,87.7,14.05,1.8
2026-09-06 12:06:59,117,1552,86.8,13.6,55.2
2026-09-06 12:07:00,113,2099,94.1,13.87,6.3
2026-09-06 12:07:01,74,2558,79.2,14.1,74.5
2026-09-06 12:07:02,35,1304,87.9,13.53,35.3
2026-09-06 12:07:03,120,882,75.9,13.56,25.2
2026-09-06 12:07:04,95,3405,86.1,13.54,10.9
2026-09-06 12:07:05,35,3429,85.0,13.48,28.2
2026-09-06 12:07:06,6,1704,85.2,13.39,99.4
2026-09-06 12:07:07,65,2219,90.1,13.59,95.8
2026-09-06 12:07:08,113,2429,91.3,13.8,67.7
2026-09-06 12:07:09,34,2535,90.4,14.37,2.7
2026-09-06 12:07:10,6,1035,84.8,14.05,41.5
2026-09-06 12:07:11,73,1144,87.5,14.12,95.0
2026-09-06 12:07:12,85,1229,90.6,13.53,92.5
2026-09-06 12:07:13,95,1847,76.4,13.72,92.5
2026-09-06 12:07:14,76,2907,76.1,13.9,20.1
2026-09-06 12:07:15,16,3439,93.2,13.65,74.7
2026-09-06 12:07:16,118,2423,83.0,13.23,47.7
2026-09-06 12:07:17,68,2083,87.2,14.01,69.8
2026-09-06 12:07:18,56,1768,82.4,14.21,10.3
2026-09-06 12:07:19,1,2600,80.9,13.85,90.9
2026-09-06 12:07:20,18,1013,86.1,13.39,96.4
2026-09-06 12:07:21,14,2371,81.7,14.26,18.9
2026-09-06 12:07:22,117,2750,76.7,14.34,17.7
2026-09-06 12:07:23,119,2916,78.9,13.44,46.8
2026-09-06 12:07:24,26,3051,81.5,13.96,29.6
2026-09-06 12:07:25,107,1236,86.7,14.18,39.1
2026-09-06 12:07:26,29,2597,82.0,14.38,6.1
2026-09-06 12:07:27,69,1172,91.7,13.53,23.3
2026-09-06 12:07:28,88,2595,85.9,13.46,37.3
2026-09-06 12:07:29,46,1717,92.4,13.5,79.3
2026-09-06 12:07:30,120,843,89.6,13.87,94.0
2026-09-06 12:07:31,75,2076,76.5,13.86,57.6
2026-09-06 12:07:32,87,2228,76.9,14.04,40.6
2026-09-06 12:07:33,86,2098,79.1,14.15,68.3
2026-09-06 12:07:34,110,1038,89.0,13.82,56.8
2026-09-06 12:07:35,22,1893,81.5,13.53,67.1
2026-09-06 12:07:36,80,2161,94.1,13.28,46.3
2026-09-06 12:07:37,14,3354,79.2,13.49,23.4
2026-09-06 12:07:38,33,1926,76.6,13.76,100.0
2026-09-06 12:07:39,25,1537,82.8,14.24,94.5
2026-09-06 12:07:40,79,2094,85.0,14.01,58.0
2026-09-06 12:07:41,62,1247,82.8,13.67,36.4
2026-09-06 12:07:42,3,3166,85.4,13.82,91.9
2026-09-06 12:07:43,53,1951,91.9,13.74,88.6
2026-09-06 12:07:44,80,2535,92.7,13.57,51.4
2026-09-06 12:07:45,28,2409,84.5,13.52,11.4
2026-09-06 12:07:46,16,2080,90.6,13.76,45.3
2026-09-06 12:07:47,72,1070,89.0,14.39,79.3
2026-09-06 12:07:48,49,3021,86.6,14.01,61.6
2026-09-06 12:07:49,89,2806,81.9,13.82,51.4
2026-09-06 12:07:50,30,2992,83.8,13.99,59.1
2026-09-06 12:07:51,24,1765,88.5,13.79,79.6
2026-09-06 12:07:52,109,3475,84.5,13.22,77.4
2026-09-06 12:07:53,96,881,80.4,14.07,15.4
2026-09-06 12:07:54,14,1684,84.6,13.92,93.2
2026-09-06 12:07:55,92,1792,93.6,13.2,95.1
2026-09-06 12:07:56,88,3150,83.0,14.31,30.3
2026-09-06 12:07:57,67,2237,81.7,13.62,82.8
2026-09-06 12:07:58,18,2127,83.1,14.32,80.6
2026-09-06 12:07:59,74,1187,83.9,13.23,86.7
2026-09-06 12:08:00,52,2421,81.0,13.58,97.1
2026-09-06 12:08:01,43,2076,77.5,13.74,16.2
2026-09-06 12:08:02,101,3492,94.7,13.28,77.7
2026-09-06 12:08:03,11,3000,90.4,13.21,6.8
2026-09-06 12:08:04,74,2320,88.6,14.38,98.3
2026-09-06 12:08:05,114,2440,77.5,13.8,9.3
2026-09-06 12:08:06,104,1923,76.5,14.07,55.2
2026-09-06 12:08:07,21,961,87.2,13.42,64.8
2026-09-06 12:08:08,21,3142,77.9,14.13,55.8
2026-09-06 12:08:09,34,2896,77.7,13.21,60.2
2026-09-06 12:08:10,61,3420,88.4,13.33,36.6
2026-09-06 12:08:11,91,2228,80.5,13.66,86.1
2026-09-06 12:08:12,20,1785,87.8,14.11,68.6
2026-09-06 12:08:13,107,1224,88.7,14.08,57.8
2026-09-06 12:08:14,109,1855,81.9,13.7,24.2
2026-09-06 12:08:15,24,2044,75.1,13.25,89.7
2026-09-06 12:08:16,25,1177,80.8,14.1,7.7
2026-09-06 12:08:17,18,3109,90.0,14.22,96.2
2026-09-06 12:08:18,66,1053,81.6,13.87,39.0
2026-09-06 12:08:19,5,2057,92.0,13.77,39.4
2026-09-06 12:08:20,46,1637,76.8,13.24,84.6
2026-09-06 12:08:21,54,2516,87.7,14.16,4.7
2026-09-06 12:08:22,111,2430,91.2,13.92,35.5
2026-09-06 12:08:23,28,1099,78.8,14.1,76.5
2026-09-06 12:08:24,84,1578,83.8,13.66,91.1
2026-09-06 12:08:25,23,3209,77.8,14.17,45.8
2026-09-06 12:08:26,119,3231,88.0,14.32,11.9
2026-09-06 12:08:27,36,1941,81.9,13.74,94.4
2026-09-06 12:08:28,100,3062,91.7,14.37,75.8
2026-09-06 12:08:29,2,2352,91.9,14.37,21.0
2026-09-06 12:08:30,71,863,93.8,13.21,35.6
2026-09-06 12:08:31,13,1039,79.8,14.1,26.3
2026-09-06 12:08:32,57,3296,94.4,14.04,85.5
2026-09-06 12:08:33,105,1374,80.8,13.76,78.0
2026-09-06 12:08:34,67,3057,88.8,14.4,83.0
2026-09-06 12:08:35,53,3261,85.6,13.3,23.1
2026-09-06 12:08:36,120,1518,89.6,14.34,10.9
2026-09-06 12:08:37,27,2058,81.4,13.83,65.0
2026-09-06 12:08:38,31,2825,89.7,14.11,14.3
2026-09-06 12:08:39,13,2181,91.4,13.67,87.4
2026-09-06 12:08:40,19,2913,78.4,13.65,82.2
2026-09-06 12:08:41,26,1899,93.1,13.71,85.5
2026-09-06 12:08:42,92,2690,78.3,13.39,32.5
2026-09-06 12:08:43,57,3175,80.8,14.39,90.0
2026-09-06 12:08:44,3,962,85.9,14.29,59.7
2026-09-06 12:08:45,31,1973,84.8,13.75,23.3
2026-09-06 12:08:46,52,805,82.3,14.12,43.1
2026-09-06 12:08:47,5,1594,94.5,13.99,96.1
2026-09-06 12:08:48,39,2438,83.4,13.53,12.0
2026-09-06 12:08:49,106,1173,78.0,14.05,10.9
2026-09-06 12:08:50,74,2423,87.3,14.19,63.7
2026-09-06 12:08:51,50,2451,86.4,13.47,73.6
2026-09-06 12:08:52,5,1923,92.4,13.49,93.8
2026-09-06 12:08:53,14,2085,81.3,14.29,100.0
2026-09-06 12:08:54,74,2795,79.6,14.2,70.1
2026-09-06 12:08:55,33,1111,81.1,13.24,51.2
2026-09-06 12:08:56,32,1942,92.8,13.22,7.3
2026-09-06 12:08:57,71,2056,81.2,13.62,20.8
2026-09-06 12:08:58,41,1311,88.3,13.6,27.8
2026-09-06 12:08:59,118,908,85.8,13.77,57.4
2026-09-06 12:09:00,92,3265,85.4,14.23,70.6
2026-09-06 12:09:01,112,2318,95.0,13.74,61.1
2026-09-06 12:09:02,94,1754,86.5,13.23,40.3
2026-09-06 12:09:03,108,1005,81.6,13.97,31.3
2026-09-06 12:09:04,48,2881,77.4,14.27,87.4
2026-09-06 12:09:05,92,2470,89.3,14.37,74.2
2026-09-06 12:09:06,109,2503,82.3,14.26,70.3
2026-09-06 12:09:07,6,1063,78.4,13.71,32.1
2026-09-06 12:09:08,93,1389,90.0,14.17,76.6
2026-09-06 12:09:09,37,2262,81.2,13.72,36.1
2026-09-06 12:09:10,55,2649,85.2,13.78,61.8
2026-09-06 12:09:11,38,2243,87.9,13.8,8.1
2026-09-06 12:09:12,42,2318,84.0,13.96,92.7
2026-09-06 12:09:13,60,1077,75.3,14.2,57.6
2026-09-06 12:09:14,55,1462,78.6,13.52,53.0
2026-09-06 12:09:15,57,1265,91.1,14.34,21.6
2026-09-06 12:09:16,7,2660,80.2,13.5,45.4
2026-09-06 12:09:17,65,1720,75.4,13.86,92.9
2026-09-06 12:09:18,30,3274,77.1,13.67,0.6
2026-09-06 12:09:19,31,2256,78.3,13.94,79.2
2026-09-06 12:09:20,15,904,82.2,13.66,8.5
2026-09-06 12:09:21,109,2938,81.5,14.0,57.7
2026-09-06 12:09:22,36,1511,78.5,13.84,8.5
2026-09-06 12:09:23,99,1183,92.4,14.14,68.2
2026-09-06 12:09:24,26,1922,88.4,13.27,14.8
2026-09-06 12:09:25,77,1340,82.6,13.93,30.2
2026-09-06 12:09:26,46,1324,83.4,13.58,83.4
2026-09-06 12:09:27,67,1398,90.5,14.06,64.0
2026-09-06 12:09:28,100,2146,93.0,13.44,7.5
2026-09-06 12:09:29,103,3148,75.8,14.3,28.4
2026-09-06 12:09:30,116,2114,90.3,14.09,48.6
2026-09-06 12:09:31,83,2587,78.2,13.3,85.7
2026-09-06 12:09:32,83,3181,90.8,14.24,66.2
2026-09-06 12:09:33,1,2093,94.5,14.14,78.0
2026-09-06 12:09:34,40,916,88.4,14.24,31.9
2026-09-06 12:09:35,84,2118,86.3,13.88,23.3
2026-09-06 12:09:36,28,1625,78.7,14.31,39.2
2026-09-06 12:09:37,57,803,93.0,14.24,8.5
2026-09-06 12:09:38,118,997,78.3,13.32,84.1
2026-09-06 12:09:39,56,1579,79.2,13.41,4.6
2026-09-06 12:09:40,6,2032,92.3,14.38,60.9
2026-09-06 12:09:41,44,1873,82.1,13.23,66.0
2026-09-06 12:09:42,85,1667,86.5,13.64,32.3
2026-09-06 12:09:43,98,2321,84.7,14.37,0.4
2026-09-06 12:09:44,43,1847,84.1,13.6,87.6
2026-09-06 12:09:45,73,2791,90.9,13.95,95.9
2026-09-06 12:09:46,34,3238,89.5,13.52,46.9
2026-09-06 12:09:47,25,2789,93.7,13.98,8.0
2026-09-06 12:09:48,76,1295,81.1,14.27,23.3
2026-09-06 12:09:49,58,1743,87.7,13.22,78.4
2026-09-06 12:09:50,27,1497,81.3,14.2,84.2
2026-09-06 12:09:51,29,2803,84.2,14.32,94.6
2026-09-06 12:09:52,24,3314,90.0,13.87,76.0
2026-09-06 12:09:53,47,2365,83.2,13.31,67.9
2026-09-06 12:09:54,120,2225,75.9,13.28,41.8
2026-09-06 12:09:55,70,1149,80.5,14.06,4.3
2026-09-06 12:09:56,95,978,80.3,13.49,9.4
2026-09-06 12:09:57,105,2584,86.1,14.29,75.2
2026-09-06 12:09:58,21,1288,86.9,13.68,5.0
2026-09-06 12:09:59,71,1684,78.6,14.25,86.2
2026-09-06 12:10:00,109,2009,81.6,14.31,66.5
2026-09-06 12:10:01,67,2869,93.3,13.81,66.1
2026-09-06 12:10:02,77,2261,93.1,14.09,58.0
2026-09-06 12:10:03,109,2738,86.0,13.57,96.4
2026-09-06 12:10:04,84,2077,76.1,14.07,2.6
2026-09-06 12:10:05,70,3169,77.9,14.33,48.8
2026-09-06 12:10:06,114,2070,86.7,14.16,67.6
2026-09-06 12:10:07,2,2827,84.7,13.49,40.6
2026-09-06 12:10:08,67,1575,83.1,13.28,40.4
2026-09-06 12:10:09,61,2795,86.3,14.04,62.0
2026-09-06 12:10:10,60,2572,81.0,13.24,6.0
2026-09-06 12:10:11,106,2124,88.2,13.38,60.7
2026-09-06 12:10:12,12,1416,78.0,13.63,44.6
2026-09-06 12:10:13,19,3337,93.4,14.04,51.6
2026-09-06 12:10:14,103,3022,94.6,14.26,5.7
2026-09-06 12:10:15,110,1364,77.3,13.26,26.6
2026-09-06 12:10:16,88,2938,80.9,13.27,55.4
2026-09-06 12:10:17,78,1214,83.7,14.4,45.6
2026-09-06 12:10:18,77,1613,77.0,14.17,51.5
2026-09-06 12:10:19,86,886,77.4,13.66,99.6
2026-09-06 12:10:20,100,936,80.4,13.76,72.0
2026-09-06 12:10:21,43,2917,84.2,13.6,47.0
2026-09-06 12:10:22,52,2679,75.7,14.02,17.2
2026-09-06 12:10:23,82,1402,94.4,13.98,45.2
2026-09-06 12:10:24,38,3345,79.4,14.21,77.9
2026-09-06 12:10:25,50,2874,75.4,13.52,59.8
2026-09-06 12:10:26,55,2664,82.2,13.97,37.3
2026-09-06 12:10:27,82,2582,83.1,13.22,49.0
2026-09-06 12:10:28,20,2928,77.6,14.24,49.8
2026-09-06 12:10:29,29,2496,92.6,14.2,1.3
2026-09-06 12:10:30,67,2714,90.0,13.61,55.6
2026-09-06 12:10:31,30,2686,77.2,13.39,77.3
2026-09-06 12:10:32,110,3299,92.6,14.19,0.1
2026-09-06 12:10:33,59,2595,78.4,13.6,66.5
2026-09-06 12:10:34,70,2309,87.6,13.67,33.4
2026-09-06 12:10:35,44,2493,94.6,13.64,52.7
2026-09-06 12:10:36,107,3395,94.5,13.84,28.6
2026-09-06 12:10:37,74,2865,85.7,13.89,53.8
2026-09-06 12:10:38,77,2293,91.5,13.7,4.7
2026-09-06 12:10:39,28,2145,80.8,14.07,23.8
2026-09-06 12:10:40,60,2597,94.0,13.47,42.6
2026-09-06 12:10:41,51,1256,82.2,13.81,74.0
2026-09-06 12:10:42,51,1989,83.1,13.77,92.9
2026-09-06 12:10:43,50,1012,82.1,13.58,31.2
2026-09-06 12:10:44,58,1799,79.3,13.31,66.4
2026-09-06 12:10:45,63,1956,88.3,14.07,99.2
2026-09-06 12:10:46,84,1925,89.4,13.86,81.4
2026-09-06 12:10:47,62,2942,80.6,13.85,11.4
2026-09-06 12:10:48,98,3095,93.1,14.13,71.0
2026-09-06 12:10:49,51,1197,86.0,13.44,81.2
2026-09-06 12:10:50,77,2011,84.9,13.23,74.3
2026-09-06 12:10:51,108,1008,89.7,14.25,62.8
2026-09-06 12:10:52,17,2700,80.0,13.69,77.3
2026-09-06 12:10:53,23,2454,94.5,13.44,9.1
2026-09-06 12:10:54,87,2062,92.7,13.36,85.0
2026-09-06 12:10:55,36,3220,85.8,14.37,52.7
2026-09-06 12:10:56,54,1807,93.2,13.37,4.6
2026-09-06 12:10:57,66,1332,75.1,13.23,15.9
2026-09-06 12:10:58,4,1421,95.0,13.57,60.8
2026-09-06 12:10:59,8,3359,80.9,13.31,24.1
2026-09-06 12:11:00,107,897,91.4,13.82,68.5
2026-09-06 12:11:01,45,957,85.1,14.09,67.5
2026-09-06 12:11:02,79,2647,83.9,13.24,51.2
2026-09-06 12:11:03,32,2382,85.0,13.81,88.6
2026-09-06 12:11:04,86,1008,77.0,13.21,62.9
2026-09-06 12:11:05,47,3319,81.6,14.39,31.1
2026-09-06 12:11:06,100,3026,87.1,13.31,47.1
2026-09-06 12:11:07,23,2166,79.4,13.23,45.0
2026-09-06 12:11:08,115,1421,86.6,14.22,16.2
2026-09-06 12:11:09,16,1744,91.5,14.31,9.8
2026-09-06 12:11:10,30,1438,76.5,13.75,54.4
2026-09-06 12:11:11,38,1785,95.0,13.38,41.5
2026-09-06 12:11:12,116,2017,75.6,13.96,94.8
2026-09-06 12:11:13,102,2300,91.3,13.96,46.3
2026-09-06 12:11:14,65,1212,81.5,13.9,44.5
2026-09-06 12:11:15,18,2900,87.8,14.18,48.5
2026-09-06 12:11:16,6,1612,92.2,13.92,25.0
2026-09-06 12:11:17,94,2740,81.7,14.04,14.2
2026-09-06 12:11:18,10,3172,86.9,14.14,96.6
2026-09-06 12:11:19,68,2075,80.8,14.02,39.8
2026-09-06 12:11:20,54,1295,94.3,13.98,56.1
2026-09-06 12:11:21,93,944,86.7,14.19,89.5
2026-09-06 12:11:22,58,1465,92.2,13.9,30.2
2026-09-06 12:11:23,32,1941,76.0,13.86,84.2
2026-09-06 12:11:24,74,2727,83.6,13.42,65.7
2026-09-06 12:11:25,21,1407,76.9,13.55,79.7
2026-09-06 12:11:26,82,3233,75.3,13.94,3.3
2026-09-06 12:11:27,45,2680,92.5,14.09,93.0
2026-09-06 12:11:28,113,2303,76.1,14.1,3.4
2026-09-06 12:11:29,43,1362,85.9,14.13,43.7
2026-09-06 12:11:30,80,2070,87.4,13.27,59.2
2026-09-06 12:11:31,77,890,84.6,13.55,29.1
2026-09-06 12:11:32,62,889,84.6,14.04,60.4
2026-09-06 12:11:33,54,1540,78.8,13.23,6.2
2026-09-06 12:11:34,37,2785,80.5,13.45,25.7
2026-09-06 12:11:35,70,1785,87.8,13.32,23.4
2026-09-06 12:11:36,104,2384,86.5,14.27,98.8
2026-09-06 12:11:37,2,3495,83.9,13.5,3.1
2026-09-06 12:11:38,10,1445,94.9,13.56,4.1
2026-09-06 12:11:39,36,1982,81.0,13.86,39.9
2026-09-06 12:11:40,104,1917,91.9,13.93,59.3
2026-09-06 12:11:41,104,3078,76.3,14.37,71.5
2026-09-06 12:11:42,95,3260,78.4,13.25,29.1
2026-09-06 12:11:43,108,1792,90.5,14.29,65.6
2026-09-06 12:11:44,47,2930,76.6,14.08,56.5
2026-09-06 12:11:45,118,2506,82.6,13.98,19.4
2026-09-06 12:11:46,79,2604,94.9,13.8,65.1
2026-09-06 12:11:47,94,874,78.7,13.22,0.3
2026-09-06 12:11:48,67,926,89.8,13.34,48.9
2026-09-06 12:11:49,63,2774,76.9,13.75,48.6
2026-09-06 12:11:50,8,1237,75.0,13.2,87.7
2026-09-06 12:11:51,111,1657,89.2,13.51,54.3
2026-09-06 12:11:52,71,2186,90.8,13.79,51.6
2026-09-06 12:11:53,114,2011,87.3,13.77,42.9
2026-09-06 12:11:54,109,1111,89.2,14.36,99.6
2026-09-06 12:11:55,22,2966,76.8,14.05,14.8
2026-09-06 12:11:56,77,3286,77.9,13.96,44.6
2026-09-06 12:11:57,98,2910,89.8,13.24,15.2
2026-09-06 12:11:58,45,2562,82.2,13.58,24.2
2026-09-06 12:11:59,87,1553,94.6,13.3,19.6
2026-09-06 12:12:00,51,2410,80.3,14.25,19.5
2026-09-06 12:12:01,36,3159,92.9,13.71,88.5
2026-09-06 12:12:02,10,3418,87.8,13.27,47.1
2026-09-06 12:12:03,6,3287,83.4,14.26,50.2
2026-09-06 12:12:04,15,1336,83.7,13.22,75.1
2026-09-06 12:12:05,40,2480,88.4,14.2,42.6
2026-09-06 12:12:06,98,3085,79.0,13.25,89.5
2026-09-06 12:12:07,89,1706,82.3,13.71,57.0
2026-09-06 12:12:08,60,1826,84.4,14.02,65.1
2026-09-06 12:12:09,78,3252,89.5,13.5,96.9
2026-09-06 12:12:10,62,2924,82.8,13.57,82.6
2026-09-06 12:12:11,7,3020,78.0,13.27,22.9
2026-09-06 12:12:12,35,2453,88.6,14.1,66.6
2026-09-06 12:12:13,74,1852,91.4,14.37,5.7
2026-09-06 12:12:14,50,1400,88.7,13.22,80.1
2026-09-06 12:12:15,105,2920,82.2,14.39,78.6
2026-09-06 12:12:16,87,993,80.1,13.36,73.6
2026-09-06 12:12:17,91,2093,79.7,14.14,81.1
2026-09-06 12:12:18,55,1034,85.8,14.16,3.9
2026-09-06 12:12:19,17,1692,92.9,13.49,75.1
2026-09-06 12:12:20,48,2859,85.6,13.43,76.9
2026-09-06 12:12:21,10,1687,92.0,14.37,58.3
2026-09-06 12:12:22,22,1140,84.1,13.65,53.1
2026-09-06 12:12:23,94,2404,75.0,13.3,20.1
2026-09-06 12:12:24,73,3124,80.6,14.14,95.3
2026-09-06 12:12:25,89,3404,90.7,13.27,49.8
2026-09-06 12:12:26,60,1065,76.5,14.02,5.1
2026-09-06 12:12:27,81,3116,79.0,14.11,1.4
2026-09-06 12:12:28,105,957,92.1,13.64,20.3
2026-09-06 12:12:29,18,2683,91.1,14.24,62.5
2026-09-06 12:12:30,7,2124,75.6,14.35,58.9
2026-09-06 12:12:31,46,3438,93.4,13.73,38.1
2026-09-06 12:12:32,40,1144,84.8,13.98,20.9
2026-09-06 12:12:33,87,2600,85.9,13.52,65.0
2026-09-06 12:12:34,8,1649,89.5,13.83,3.3
2026-09-06 12:12:35,66,839,85.1,14.04,54.1
2026-09-06 12:12:36,67,2658,77.6,13.38,36.5
2026-09-06 12:12:37,27,2692,90.7,13.8,8.7
2026-09-06 12:12:38,114,1118,75.5,13.35,11.4
2026-09-06 12:12:39,106,993,87.3,13.81,80.4
2026-09-06 12:12:40,63,879,89.9,13.99,76.4
2026-09-06 12:12:41,46,2506,81.8,13.46,41.7
2026-09-06 12:12:42,1,1514,84.7,14.27,34.8
2026-09-06 12:12:43,53,2610,77.7,13.32,85.1
2026-09-06 12:12:44,64,2208,88.2,14.38,3.4
2026-09-06 12:12:45,111,1724,82.2,13.66,13.5
2026-09-06 12:12:46,39,2880,93.5,13.88,64.9
2026-09-06 12:12:47,112,1090,94.9,13.55,64.4
2026-09-06 12:12:48,45,1233,89.3,13.71,93.0
2026-09-06 12:12:49,31,3198,81.4,14.11,10.0
2026-09-06 12:12:50,43,1523,90.9,13.72,54.0
2026-09-06 12:12:51,108,3077,81.0,14.31,13.2
2026-09-06 12:12:52,40,3432,86.2,13.55,12.9
2026-09-06 12:12:53,37,2479,86.7,13.37,0.2
2026-09-06 12:12:54,45,1539,89.6,14.36,39.9
2026-09-06 12:12:55,28,1174,85.2,13.94,84.2
2026-09-06 12:12:56,12,1507,80.3,13.65,83.4
2026-09-06 12:12:57,85,983,92.9,13.79,97.3
2026-09-06 12:12:58,85,1010,79.7,14.33,41.4
2026-09-06 12:12:59,40,2120,78.5,13.65,17.0
2026-09-06 12:13:00,24,2987,93.7,14.32,2.2
2026-09-06 12:13:01,82,1483,81.7,14.25,1.1
2026-09-06 12:13:02,110,1088,82.0,14.2,27.4
2026-09-06 12:13:03,12,3140,88.5,14.04,33.0
2026-09-06 12:13:04,33,2467,82.5,14.03,56.3
2026-09-06 12:13:05,79,2549,91.5,14.39,5.2
2026-09-06 12:13:06,1,2833,86.8,13.83,77.2
2026-09-06 12:13:07,47,2525,84.6,14.1,53.9
2026-09-06 12:13:08,96,2560,89.0,13.42,84.5
2026-09-06 12:13:09,62,1515,83.4,14.03,40.1
2026-09-06 12:13:10,51,1656,86.7,13.51,4.3
2026-09-06 12:13:11,108,1733,77.5,13.31,52.5
2026-09-06 12:13:12,95,1258,84.7,13.51,50.5
2026-09-06 12:13:13,63,3207,88.4,13.41,71.0
2026-09-06 12:13:14,88,1167,88.0,13.68,71.1
2026-09-06 12:13:15,21,2430,85.7,13.44,66.6
2026-09-06 12:13:16,18,2310,80.7,13.93,82.7
2026-09-06 12:13:17,16,2769,92.8,13.59,20.2
2026-09-06 12:13:18,82,2986,84.9,13.47,26.2
2026-09-06 12:13:19,118,835,75.5,13.76,31.6
2026-09-06 12:13:20,69,2749,81.9,14.37,16.7
2026-09-06 12:13:21,94,2797,90.1,13.44,10.7
2026-09-06 12:13:22,118,2317,80.8,13.45,92.7
2026-09-06 12:13:23,104,3402,76.4,14.33,81.8
2026-09-06 12:13:24,70,2724,94.8,14.39,99.6
2026-09-06 12:13:25,92,1508,84.7,13.49,63.3
2026-09-06 12:13:26,92,1159,92.1,13.24,39.7
2026-09-06 12:13:27,96,1821,81.9,13.84,45.5
2026-09-06 12:13:28,27,921,92.3,13.84,19.5
2026-09-06 12:13:29,53,2504,83.8,14.07,43.8
2026-09-06 12:13:30,22,1625,86.3,13.42,64.2
2026-09-06 12:13:31,17,2723,84.8,13.25,9.8
2026-09-06 12:13:32,52,1794,88.6,13.29,18.5
2026-09-06 12:13:33,89,2046,85.9,14.36,9.5
2026-09-06 12:13:34,37,2561,90.7,13.24,37.9
2026-09-06 12:13:35,6,2299,81.7,13.68,53.7
2026-09-06 12:13:36,8,3392,94.5,13.8,37.0
2026-09-06 12:13:37,54,2982,78.0,13.93,93.8
2026-09-06 12:13:38,97,1950,78.4,13.33,17.4
2026-09-06 12:13:39,102,2053,75.6,13.5,53.5
2026-09-06 12:13:40,2,2226,90.8,13.25,99.0
2026-09-06 12:13:41,69,3221,82.9,14.28,43.9
2026-09-06 12:13:42,77,1429,85.6,13.95,65.7
2026-09-06 12:13:43,22,1701,87.3,14.08,84.3
2026-09-06 12:13:44,86,2395,85.0,14.31,23.3
2026-09-06 12:13:45,61,2033,94.4,13.48,30.6
2026-09-06 12:13:46,34,2687,82.3,13.84,23.7
2026-09-06 12:13:47,103,2001,85.5,14.36,85.5
2026-09-06 12:13:48,22,997,81.6,14.06,14.0
2026-09-06 12:13:49,79,2549,78.0,13.65,72.5
2026-09-06 12:13:50,47,3396,80.6,13.55,41.0
2026-09-06 12:13:51,115,2790,85.3,13.7,63.8
2026-09-06 12:13:52,114,1412,77.6,13.27,77.6
2026-09-06 12:13:53,9,2593,80.2,14.2,51.9
2026-09-06 12:13:54,114,1961,90.7,14.28,85.1
2026-09-06 12:13:55,63,1733,94.6,13.31,38.9
2026-09-06 12:13:56,5,2185,83.6,13.47,63.1
2026-09-06 12:13:57,82,1190,75.5,13.63,3.3
2026-09-06 12:13:58,80,1142,89.6,13.61,96.3
2026-09-06 12:13:59,89,1542,87.9,13.91,49.3
2026-09-06 12:14:00,47,3062,77.9,13.21,98.7
2026-09-06 12:14:01,107,2905,79.0,14.04,89.9
2026-09-06 12:14:02,82,2823,82.5,14.39,20.4
2026-09-06 12:14:03,62,2429,87.4,13.72,69.0
2026-09-06 12:14:04,92,2208,83.1,13.68,33.1
2026-09-06 12:14:05,17,1197,80.5,13.22,26.2
2026-09-06 12:14:06,54,2814,78.5,13.53,1.0
2026-09-06 12:14:07,74,971,84.0,13.54,98.5
2026-09-06 12:14:08,3,1740,83.7,14.16,96.1
2026-09-06 12:14:09,33,1618,80.4,13.56,60.3
2026-09-06 12:14:10,9,2401,78.6,13.39,83.1
2026-09-06 12:14:11,108,1497,75.2,14.16,38.8
2026-09-06 12:14:12,98,1148,78.8,13.77,17.1
2026-09-06 12:14:13,6,3024,75.8,13.38,23.7
2026-09-06 12:14:14,18,1858,89.0,13.79,69.7
2026-09-06 12:14:15,116,1307,79.8,14.35,6.9
2026-09-06 12:14:16,64,3053,75.4,13.83,9.1
2026-09-06 12:14:17,33,1921,81.4,14.35,25.5
2026-09-06 12:14:18,95,1986,80.9,13.82,75.6
2026-09-06 12:14:19,80,1979,76.2,14.03,80.0
2026-09-06 12:14:20,62,1759,79.0,13.74,61.1
2026-09-06 12:14:21,46,3254,93.8,13.49,68.0
2026-09-06 12:14:22,77,1840,82.4,13.6,7.6
2026-09-06 12:14:23,116,2192,86.3,13.33,41.5
2026-09-06 12:14:24,26,2248,82.7,13.81,99.9
2026-09-06 12:14:25,60,1514,86.8,13.95,34.3
2026-09-06 12:14:26,53,3359,79.2,13.79,34.2
2026-09-06 12:14:27,106,1941,93.8,13.97,40.5
2026-09-06 12:14:28,5,2744,78.8,13.91,66.1
2026-09-06 12:14:29,101,2393,79.2,14.35,26.8
2026-09-06 12:14:30,9,1044,93.3,13.4,20.9
2026-09-06 12:14:31,104,2775,75.4,13.63,91.0
2026-09-06 12:14:32,17,2044,79.9,13.44,66.0
2026-09-06 12:14:33,47,1219,88.2,13.96,58.0
2026-09-06 12:14:34,19,3263,87.1,13.64,46.1
2026-09-06 12:14:35,81,2142,77.9,14.1,11.4
2026-09-06 12:14:36,97,1422,86.3,13.46,81.6
2026-09-06 12:14:37,73,3254,90.0,13.79,43.8
2026-09-06 12:14:38,86,1527,82.7,13.87,6.7
2026-09-06 12:14:39,61,1806,89.9,13.88,93.4
2026-09-06 12:14:40,16,1750,83.4,14.32,59.2
2026-09-06 12:14:41,31,2529,77.3,14.05,54.2
2026-09-06 12:14:42,74,3117,84.4,13.41,66.1
2026-09-06 12:14:43,57,1490,77.5,13.64,26.4
2026-09-06 12:14:44,110,1728,81.0,14.12,58.6
2026-09-06 12:14:45,71,2048,83.5,14.07,17.5
2026-09-06 12:14:46,51,2696,93.3,13.56,69.3
2026-09-06 12:14:47,89,2235,83.6,13.52,56.8
2026-09-06 12:14:48,18,2314,90.2,13.99,26.2
2026-09-06 12:14:49,107,1905,88.1,13.67,55.8
2026-09-06 12:14:50,51,1151,85.2,13.55,76.0
2026-09-06 12:14:51,63,1602,81.7,14.22,25.4
2026-09-06 12:14:52,61,1165,80.6,13.74,0.2
2026-09-06 12:14:53,49,1035,87.9,13.51,26.5
2026-09-06 12:14:54,45,2739,88.9,13.91,45.1
2026-09-06 12:14:55,19,2615,89.5,13.25,2.7
2026-09-06 12:14:56,75,2868,77.9,13.35,96.0
2026-09-06 12:14:57,66,1566,88.9,13.73,83.7
2026-09-06 12:14:58,74,1061,89.5,13.9,92.0
2026-09-06 12:14:59,120,2996,87.9,13.71,95.5
2026-09-06 12:15:00,12,2617,81.4,14.17,21.3
2026-09-06 12:15:01,6,1981,87.0,14.2,19.9
2026-09-06 12:15:02,9,3052,80.4,14.17,47.1
2026-09-06 12:15:03,7,1122,85.0,13.74,8.4
2026-09-06 12:15:04,94,2162,81.2,13.41,75.2
2026-09-06 12:15:05,109,2019,93.0,13.83,46.4
2026-09-06 12:15:06,81,2862,84.0,14.16,53.1
2026-09-06 12:15:07,93,1164,92.2,14.12,7.1
2026-09-06 12:15:08,81,1537,81.4,13.37,73.0
2026-09-06 12:15:09,24,1150,87.9,13.73,35.1
2026-09-06 12:15:10,89,1754,84.7,13.94,62.3
2026-09-06 12:15:11,10,1278,83.2,13.69,11.8
2026-09-06 12:15:12,7,2661,85.5,13.63,95.6
2026-09-06 12:15:13,90,3283,83.7,13.38,25.8
2026-09-06 12:15:14,61,2976,87.3,13.72,11.0
2026-09-06 12:15:15,21,2817,89.5,14.2,55.2
2026-09-06 12:15:16,93,2146,90.5,13.39,87.1
2026-09-06 12:15:17,26,3379,87.6,14.05,5.8
2026-09-06 12:15:18,112,1656,89.7,14.37,10.4
2026-09-06 12:15:19,118,1822,85.7,13.41,30.5
2026-09-06 12:15:20,113,930,89.0,13.93,34.5
2026-09-06 12:15:21,18,2122,76.4,13.72,23.9
2026-09-06 12:15:22,90,1086,91.9,13.68,35.1
2026-09-06 12:15:23,93,2226,84.6,13.73,50.4
2026-09-06 12:15:24,57,1525,85.5,13.72,39.1
2026-09-06 12:15:25,96,2848,82.6,14.33,54.2
2026-09-06 12:15:26,5,1268,82.2,14.38,77.2
2026-09-06 12:15:27,6,2563,75.8,14.36,99.1
2026-09-06 12:15:28,91,1849,91.0,13.74,52.4
2026-09-06 12:15:29,60,1543,80.5,14.12,55.4
2026-09-06 12:15:30,0,2221,93.5,13.89,1.9
2026-09-06 12:15:31,1,1440,80.5,14.24,29.0
2026-09-06 12:15:32,30,1693,94.2,14.08,88.9
2026-09-06 12:15:33,78,1251,83.5,13.49,74.6
2026-09-06 12:15:34,6,3248,91.8,13.81,55.8
2026-09-06 12:15:35,36,2834,77.3,13.36,87.9
2026-09-06 12:15:36,5,905,76.1,13.75,51.7
2026-09-06 12:15:37,57,2154,88.2,13.48,99.5
2026-09-06 12:15:38,105,2823,81.8,13.61,7.9
2026-09-06 12:15:39,0,1961,77.7,13.69,56.3
2026-09-06 12:15:40,25,1258,94.3,13.89,2.3
2026-09-06 12:15:41,70,2649,81.3,13.44,14.6
2026-09-06 12:15:42,28,3176,85.5,13.77,10.3
2026-09-06 12:15:43,75,2830,89.1,13.49,33.4
2026-09-06 12:15:44,32,1942,84.7,13.67,3.8
2026-09-06 12:15:45,37,3136,92.5,13.6,12.6
2026-09-06 12:15:46,59,1782,80.2,13.58,7.1
2026-09-06 12:15:47,10,2632,78.5,13.74,40.4
2026-09-06 12:15:48,6,887,91.4,13.5,39.2
2026-09-06 12:15:49,115,3216,94.6,14.26,56.6
2026-09-06 12:15:50,103,2602,90.1,13.68,7.6
2026-09-06 12:15:51,69,2831,93.9,13.73,100.0
2026-09-06 12:15:52,32,2764,94.6,13.78,51.2
2026-09-06 12:15:53,28,1342,77.2,13.24,75.1
2026-09-06 12:15:54,73,3003,90.8,13.97,72.0
2026-09-06 12:15:55,118,956,92.8,14.15,29.9
2026-09-06 12:15:56,39,1058,80.1,13.63,65.8
2026-09-06 12:15:57,28,2167,82.1,13.64,59.8
2026-09-06 12:15:58,12,1660,89.5,13.88,82.6
2026-09-06 12:15:59,50,1607,91.2,13.4,78.7
2026-09-06 12:16:00,103,2892,92.9,13.45,82.2
2026-09-06 12:16:01,100,1451,76.5,14.33,2.0
2026-09-06 12:16:02,94,2599,79.9,14.27,37.2
2026-09-06 12:16:03,2,3481,90.8,14.36,40.0
2026-09-06 12:16:04,112,1667,78.9,14.2,25.0
2026-09-06 12:16:05,112,1916,79.3,13.93,47.0
2026-09-06 12:16:06,14,1165,76.4,13.58,10.6
2026-09-06 12:16:07,95,2480,90.6,14.08,94.6
2026-09-06 12:16:08,24,2956,82.1,14.3,5.6
2026-09-06 12:16:09,40,883,85.3,13.36,75.9
2026-09-06 12:16:10,93,1101,77.4,14.37,76.8
2026-09-06 12:16:11,119,878,88.8,13.3,33.9
2026-09-06 12:16:12,7,3225,84.9,14.07,15.4
2026-09-06 12:16:13,114,1246,86.0,14.22,58.1
2026-09-06 12:16:14,104,2880,86.3,13.32,74.5
2026-09-06 12:16:15,63,1003,85.7,13.3,71.5
2026-09-06 12:16:16,14,2206,77.1,14.34,23.9
2026-09-06 12:16:17,11,1349,80.8,13.45,7.4
2026-09-06 12:16:18,89,1973,89.2,13.36,37.5
2026-09-06 12:16:19,119,2230,76.0,13.64,55.4
2026-09-06 12:16:20,26,1431,82.8,14.38,11.4
2026-09-06 12:16:21,29,1071,83.3,14.0,37.4
2026-09-06 12:16:22,34,857,81.9,14.23,57.4
2026-09-06 12:16:23,48,2786,85.5,13.4,92.8
2026-09-06 12:16:24,73,1205,80.4,14.35,29.3
2026-09-06 12:16:25,114,2570,76.2,13.59,80.8
2026-09-06 12:16:26,44,3136,94.2,13.54,32.6
2026-09-06 12:16:27,79,1149,86.3,13.57,57.9
2026-09-06 12:16:28,66,2291,90.0,13.45,53.7
2026-09-06 12:16:29,119,1631,87.6,14.15,33.1
2026-09-06 12:16:30,94,2267,84.1,13.4,38.9
2026-09-06 12:16:31,3,3188,80.3,14.24,93.6
2026-09-06 12:16:32,73,3001,85.9,13.55,41.6
2026-09-06 12:16:33,15,3142,79.7,14.34,83.4
2026-09-06 12:16:34,81,2494,89.6,13.58,26.8
2026-09-06 12:16:35,91,2677,79.3,14.33,80.9
2026-09-06 12:16:36,119,1040,81.6,14.07,74.0
2026-09-06 12:16:37,55,2280,83.1,14.29,16.8
2026-09-06 12:16:38,76,2976,93.0,13.36,36.0
2026-09-06 12:16:39,111,2016,88.4,14.21,73.3
2026-09-06 12:16:40,117,1365,83.8,13.88,90.3
2026-09-06 12:16:41,112,1449,79.4,13.78,74.7
2026-09-06 12:16:42,25,1661,88.2,14.07,25.0
2026-09-06 12:16:43,58,2905,94.9,14.34,43.9
2026-09-06 12:16:44,107,3099,81.5,13.37,24.7
2026-09-06 12:16:45,119,3146,78.8,13.53,18.7
2026-09-06 12:16:46,4,1017,94.8,13.28,68.4
2026-09-06 12:16:47,11,3441,89.7,13.83,18.8
2026-09-06 12:16:48,48,2614,85.4,13.43,33.2
2026-09-06 12:16:49,120,2210,89.9,13.57,6.7
2026-09-06 12:16:50,90,1483,94.6,13.89,30.8
2026-09-06 12:16:51,84,2642,94.1,13.39,91.7
2026-09-06 12:16:52,58,875,91.9,14.39,53.2
2026-09-06 12:16:53,86,3215,76.8,13.94,14.6
2026-09-06 12:16:54,2,2640,94.6,13.88,75.5
2026-09-06 12:16:55,36,1146,85.7,13.51,77.2
2026-09-06 12:16:56,31,1999,79.9,13.94,33.3
2026-09-06 12:16:57,57,1138,86.5,13.7,38.4
2026-09-06 12:16:58,1,1308,94.2,13.23,20.0
2026-09-06 12:16:59,26,1518,76.1,14.34,96.7
2026-09-06 12:17:00,44,2038,81.4,13.39,72.6
2026-09-06 12:17:01,37,1545,78.9,13.77,6.6
2026-09-06 12:17:02,37,1399,83.5,13.53,66.7
2026-09-06 12:17:03,75,3060,87.0,14.22,75.3
2026-09-06 12:17:04,64,3344,78.5,13.47,34.1
2026-09-06 12:17:05,59,2346,80.1,13.56,82.9
2026-09-06 12:17:06,101,1152,91.6,13.79,60.3
2026-09-06 12:17:07,56,2874,79.8,13.86,10.7
2026-09-06 12:17:08,114,1794,91.3,14.02,30.5
2026-09-06 12:17:09,98,1551,94.2,13.8,20.9
2026-09-06 12:17:10,57,1295,91.3,14.27,96.2
2026-09-06 12:17:11,33,2927,81.2,13.4,37.3
2026-09-06 12:17:12,71,1718,76.3,13.87,8.5
2026-09-06 12:17:13,5,2340,92.5,13.56,16.5
2026-09-06 12:17:14,119,2322,93.2,13.88,12.5
2026-09-06 12:17:15,63,2994,82.0,14.07,50.0
2026-09-06 12:17:16,71,3397,85.9,14.33,47.7
2026-09-06 12:17:17,30,1734,94.3,13.4,70.9
2026-09-06 12:17:18,20,3480,79.3,13.61,93.9
2026-09-06 12:17:19,102,1835,76.0,14.34,78.1
2026-09-06 12:17:20,42,2232,77.1,13.57,86.5
2026-09-06 12:17:21,119,1983,88.4,13.34,16.1
2026-09-06 12:17:22,6,2216,80.2,13.67,47.4
2026-09-06 12:17:23,107,908,83.6,13.95,46.7
2026-09-06 12:17:24,38,1210,80.6,13.48,57.4
2026-09-06 12:17:25,29,986,83.7,13.21,96.8
2026-09-06 12:17:26,8,2749,75.0,13.58,43.5
2026-09-06 12:17:27,67,2621,84.5,13.66,22.9
2026-09-06 12:17:28,47,1851,77.2,13.91,35.5
2026-09-06 12:17:29,110,908,92.8,13.89,39.9
2026-09-06 12:17:30,25,2723,94.5,14.19,93.8
2026-09-06 12:17:31,92,1981,81.8,13.45,64.7
2026-09-06 12:17:32,78,3305,89.0,13.65,39.2
2026-09-06 12:17:33,48,1467,87.9,13.79,96.9
2026-09-06 12:17:34,114,2502,84.0,13.2,41.5
2026-09-06 12:17:35,120,3286,84.7,13.68,20.5
2026-09-06 12:17:36,16,2416,75.9,13.5,16.7
2026-09-06 12:17:37,94,1945,78.0,13.87,78.7
2026-09-06 12:17:38,105,2774,88.9,14.12,43.9
2026-09-06 12:17:39,23,2021,78.6,13.95,20.9
2026-09-06 12:17:40,64,1996,93.4,14.15,11.4
2026-09-06 12:17:41,44,1354,75.9,13.54,3.3
2026-09-06 12:17:42,36,1768,83.6,13.92,45.2
2026-09-06 12:17:43,43,2515,82.4,13.32,55.4
2026-09-06 12:17:44,93,2041,92.0,14.26,41.4
2026-09-06 12:17:45,98,1719,79.2,13.56,12.9
2026-09-06 12:17:46,18,3364,90.7,13.2,84.8
2026-09-06 12:17:47,34,860,87.7,14.07,45.0
2026-09-06 12:17:48,53,1929,87.7,13.84,84.3
2026-09-06 12:17:49,9,2904,80.1,14.0,60.8
2026-09-06 12:17:50,48,2559,82.5,13.6,66.1
2026-09-06 12:17:51,47,1370,89.3,14.26,20.2
2026-09-06 12:17:52,86,3210,85.2,13.84,59.4
2026-09-06 12:17:53,118,3210,86.7,13.34,43.0
2026-09-06 12:17:54,10,1354,81.2,13.52,16.6
2026-09-06 12:17:55,70,1134,92.3,14.27,20.1
2026-09-06 12:17:56,31,2490,82.2,14.03,52.8
2026-09-06 12:17:57,79,1059,90.3,13.39,40.3
2026-09-06 12:17:58,43,2079,84.6,14.39,92.3
2026-09-06 12:17:59,111,1421,79.2,13.75,86.6
2026-09-06 12:18:00,93,1436,87.6,13.99,19.1
2026-09-06 12:18:01,95,1689,87.1,13.56,9.3
2026-09-06 12:18:02,35,1509,86.1,13.23,89.9
2026-09-06 12:18:03,84,2045,78.9,13.96,88.7
2026-09-06 12:18:04,12,854,94.2,13.6,54.8
2026-09-06 12:18:05,39,2501,86.7,13.72,28.4
2026-09-06 12:18:06,10,1573,84.4,13.25,53.4
2026-09-06 12:18:07,76,1602,93.2,13.5,82.5
2026-09-06 12:18:08,63,1922,87.9,13.56,26.5
2026-09-06 12:18:09,85,2474,86.3,14.32,70.1
2026-09-06 12:18:10,94,2430,82.1,13.72,24.9
2026-09-06 12:18:11,70,2999,85.6,14.2,92.8
2026-09-06 12:18:12,63,3106,88.6,13.26,99.2
2026-09-06 12:18:13,68,804,85.5,13.76,100.0
2026-09-06 12:18:14,96,1712,92.6,13.28,90.1
2026-09-06 12:18:15,18,2431,82.6,14.01,90.9
2026-09-06 12:18:16,97,1181,78.4,13.93,71.5
2026-09-06 12:18:17,69,2233,85.1,13.59,74.3
2026-09-06 12:18:18,39,2127,75.2,13.34,86.9
2026-09-06 12:18:19,48,2981,89.1,13.48,52.3
2026-09-06 12:18:20,28,2325,88.3,13.5,83.0
2026-09-06 12:18:21,2,2130,93.3,13.71,38.4
2026-09-06 12:18:22,90,3055,93.8,14.35,67.3
2026-09-06 12:18:23,53,2154,87.1,13.25,91.2
2026-09-06 12:18:24,47,1459,84.2,13.85,5.3
2026-09-06 12:18:25,106,2223,92.7,14.21,54.3
2026-09-06 12:18:26,114,2431,84.0,14.09,36.1
2026-09-06 12:18:27,114,833,83.0,13.94,74.5
2026-09-06 12:18:28,40,1006,85.9,13.89,5.4
2026-09-06 12:18:29,115,1649,83.1,14.14,44.7
2026-09-06 12:18:30,85,1776,79.9,13.45,30.9
2026-09-06 12:18:31,63,2217,88.8,14.01,7.6
2026-09-06 12:18:32,84,1761,75.3,13.98,52.6
2026-09-06 12:18:33,74,1727,76.4,13.5,67.9
2026-09-06 12:18:34,81,2030,76.7,13.35,88.7
2026-09-06 12:18:35,62,3046,93.6,14.09,91.4
2026-09-06 12:18:36,42,2165,89.0,13.89,44.7
2026-09-06 12:18:37,51,3081,78.9,13.47,47.9
2026-09-06 12:18:38,30,1782,92.6,14.4,91.6
2026-09-06 12:18:39,116,2544,82.5,13.43,96.6
2026-09-06 12:18:40,50,2001,93.5,13.94,67.2
2026-09-06 12:18:41,70,2298,89.5,13.46,22.9
2026-09-06 12:18:42,101,3223,94.7,14.28,58.5
2026-09-06 12:18:43,94,1557,88.9,13.82,81.5
2026-09-06 12:18:44,99,1503,82.4,14.07,6.2
2026-09-06 12:18:45,3,1296,79.2,13.49,3.3
2026-09-06 12:18:46,38,3429,94.3,14.22,97.0
2026-09-06 12:18:47,72,2096,86.9,13.33,92.7
2026-09-06 12:18:48,7,1793,75.4,13.61,54.9
2026-09-06 12:18:49,14,2351,84.2,14.12,92.7
2026-09-06 12:18:50,107,1879,84.0,13.98,5.3
2026-09-06 12:18:51,23,3255,86.0,14.13,76.9
2026-09-06 12:18:52,33,2818,76.0,13.35,37.6
2026-09-06 12:18:53,12,2963,88.6,13.48,34.5
2026-09-06 12:18:54,87,3476,82.3,14.02,37.5
2026-09-06 12:18:55,40,2963,88.6,13.88,27.3
2026-09-06 12:18:56,44,940,85.3,13.21,23.0
2026-09-06 12:18:57,59,3107,82.8,13.83,67.2
2026-09-06 12:18:58,85,1259,88.7,14.13,89.4
2026-09-06 12:18:59,2,3122,87.0,13.42,4.2
2026-09-06 12:19:00,107,1988,86.8,13.69,12.1
2026-09-06 12:19:01,112,2127,92.1,14.39,76.5
2026-09-06 12:19:02,31,2840,91.7,13.93,4.6
2026-09-06 12:19:03,109,2292,86.1,13.86,69.4
2026-09-06 12:19:04,102,3360,85.8,14.24,48.9
2026-09-06 12:19:05,13,2848,83.7,13.59,13.1
2026-09-06 12:19:06,110,3028,90.5,14.34,27.5
2026-09-06 12:19:07,88,1296,88.6,13.64,82.9
2026-09-06 12:19:08,59,1226,87.1,13.88,66.7
2026-09-06 12:19:09,35,895,80.5,13.61,43.0
2026-09-06 12:19:10,55,2392,76.8,13.74,47.6
2026-09-06 12:19:11,94,1423,82.8,13.27,74.1
2026-09-06 12:19:12,119,2031,79.9,14.12,25.0
2026-09-06 12:19:13,95,2998,77.5,13.99,68.7
2026-09-06 12:19:14,14,2275,92.9,13.7,23.7
2026-09-06 12:19:15,0,3420,89.0,13.98,87.8
2026-09-06 12:19:16,43,2576,89.5,14.15,83.2
2026-09-06 12:19:17,114,3273,85.3,13.57,0.3
2026-09-06 12:19:18,80,825,79.8,13.42,74.5
2026-09-06 12:19:19,29,853,81.5,13.64,49.8
2026-09-06 12:19:20,22,2095,85.3,13.81,87.7
2026-09-06 12:19:21,5,1740,75.6,14.19,90.9
2026-09-06 12:19:22,86,2680,75.3,13.66,92.3
2026-09-06 12:19:23,112,1559,91.6,13.34,82.5
2026-09-06 12:19:24,85,3444,79.7,13.6,77.6
2026-09-06 12:19:25,47,1475,83.8,13.98,66.9
2026-09-06 12:19:26,110,3356,93.4,13.88,97.5
2026-09-06 12:19:27,68,917,84.8,14.02,15.2
2026-09-06 12:19:28,104,3328,87.5,13.8,72.7
2026-09-06 12:19:29,51,1158,84.9,13.72,80.1
2026-09-06 12:19:30,8,1397,85.9,13.44,82.6
2026-09-06 12:19:31,57,3051,82.7,13.52,36.0
2026-09-06 12:19:32,45,1022,83.2,13.33,49.2
2026-09-06 12:19:33,89,1121,88.3,13.54,79.2
2026-09-06 12:19:34,67,2617,89.1,13.48,47.4
2026-09-06 12:19:35,32,2840,84.4,13.25,11.0
2026-09-06 12:19:36,11,1266,94.7,13.37,51.6
2026-09-06 12:19:37,99,1875,77.9,13.33,80.5
2026-09-06 12:19:38,86,1436,93.6,13.24,6.9
2026-09-06 12:19:39,49,2003,82.8,13.7,73.5
2026-09-06 12:19:40,52,3194,92.7,13.96,36.6
2026-09-06 12:19:41,87,2520,84.0,13.74,15.5
2026-09-06 12:19:42,42,1220,84.1,13.24,74.3
2026-09-06 12:19:43,40,2399,86.1,13.83,72.1
2026-09-06 12:19:44,67,2488,76.6,14.18,26.6
2026-09-06 12:19:45,61,3002,79.1,13.77,29.9
2026-09-06 12:19:46,17,2276,90.4,13.96,27.2
2026-09-06 12:19:47,47,2039,93.0,13.98,50.2
2026-09-06 12:19:48,11,2556,75.1,13.44,3.7
2026-09-06 12:19:49,43,2576,90.9,14.36,3.7
2026-09-06 12:19:50,8,2981,94.3,13.42,57.2
2026-09-06 12:19:51,97,939,78.4,13.48,25.5
2026-09-06 12:19:52,11,1351,76.0,13.87,52.5
2026-09-06 12:19:53,38,1118,76.2,14.06,26.7
2026-09-06 12:19:54,86,1720,84.8,13.53,27.2
2026-09-06 12:19:55,19,2725,86.1,13.56,78.4
2026-09-06 12:19:56,111,878,78.8,14.14,26.6
2026-09-06 12:19:57,75,3367,75.5,14.24,5.7
2026-09-06 12:19:58,59,2730,77.8,14.19,59.4
2026-09-06 12:19:59,31,1231,94.4,13.64,5.8
2026-09-06 12:20:00,55,1931,90.6,13.55,72.7
2026-09-06 12:20:01,106,1019,88.2,13.33,77.4
2026-09-06 12:20:02,27,2626,92.8,13.76,16.0
2026-09-06 12:20:03,52,2241,75.1,14.25,18.3
2026-09-06 12:20:04,120,3426,88.2,13.62,14.7
2026-09-06 12:20:05,91,3214,92.1,13.67,94.7
2026-09-06 12:20:06,116,3391,87.6,14.2,63.6
2026-09-06 12:20:07,38,1610,89.2,13.41,72.2
2026-09-06 12:20:08,41,898,86.7,14.08,44.3
2026-09-06 12:20:09,87,1371,77.0,13.58,78.1
2026-09-06 12:20:10,96,1233,80.6,14.1,65.4
2026-09-06 12:20:11,116,2769,90.7,14.1,28.0
2026-09-06 12:20:12,76,3045,90.5,13.23,15.9
2026-09-06 12:20:13,4,2895,76.7,13.32,89.6
2026-09-06 12:20:14,93,1063,91.4,13.92,97.6
2026-09-06 12:20:15,105,3046,77.3,13.6,29.0
2026-09-06 12:20:16,14,908,80.0,13.83,9.9
2026-09-06 12:20:17,63,3172,92.0,13.46,98.7
2026-09-06 12:20:18,26,2389,94.8,13.84,5.1
2026-09-06 12:20:19,119,3035,88.2,13.26,30.6
2026-09-06 12:20:20,92,2163,75.1,13.63,70.9
2026-09-06 12:20:21,44,2685,82.7,13.52,22.8
2026-09-06 12:20:22,50,1896,93.5,13.97,25.9
2026-09-06 12:20:23,113,2627,77.5,14.35,63.6
2026-09-06 12:20:24,51,2698,87.9,14.18,58.8
2026-09-06 12:20:25,108,2537,75.3,13.7,19.7
2026-09-06 12:20:26,109,1871,82.9,14.16,74.0
2026-09-06 12:20:27,55,3302,75.6,13.83,65.1
2026-09-06 12:20:28,28,2057,88.2,13.9,32.6
2026-09-06 12:20:29,36,2258,94.7,13.54,61.4
2026-09-06 12:20:30,49,1831,79.6,13.59,93.3
2026-09-06 12:20:31,13,1958,85.3,13.44,99.7
2026-09-06 12:20:32,109,923,88.6,14.29,75.6
2026-09-06 12:20:33,67,2456,77.5,14.33,25.6
2026-09-06 12:20:34,45,3440,78.0,13.3,93.0
2026-09-06 12:20:35,33,2892,77.3,13.51,24.3
2026-09-06 12:20:36,68,849,83.1,13.27,34.4
2026-09-06 12:20:37,32,936,75.4,14.18,75.2
2026-09-06 12:20:38,9,811,75.1,13.27,37.1
2026-09-06 12:20:39,100,3028,76.5,13.23,53.0
2026-09-06 12:20:40,14,3075,75.2,14.2,62.7
2026-09-06 12:20:41,115,2944,81.9,14.13,94.0
2026-09-06 12:20:42,7,2476,75.1,13.76,61.6
2026-09-06 12:20:43,78,1665,91.8,13.46,35.3
2026-09-06 12:20:44,76,1388,77.5,14.01,54.2
2026-09-06 12:20:45,98,1860,83.3,13.95,75.2
2026-09-06 12:20:46,56,2032,83.5,13.45,6.9
2026-09-06 12:20:47,28,966,80.1,14.12,54.4
2026-09-06 12:20:48,107,3333,93.8,13.88,6.1
2026-09-06 12:20:49,62,1803,90.3,13.79,68.5
2026-09-06 12:20:50,46,3272,77.9,13.93,68.4
2026-09-06 12:20:51,65,2026,89.0,13.29,81.4
2026-09-06 12:20:52,87,3250,92.8,13.63,58.8
2026-09-06 12:20:53,70,1241,83.9,13.57,24.9
2026-09-06 12:20:54,65,3446,93.9,13.37,89.9
2026-09-06 12:20:55,42,1613,89.9,14.37,64.4
2026-09-06 12:20:56,108,3259,87.8,14.34,40.5
2026-09-06 12:20:57,92,1139,83.0,13.34,16.9
2026-09-06 12:20:58,83,1836,92.9,13.99,79.3
2026-09-06 12:20:59,73,1727,92.9,13.53,73.6
2026-09-06 12:21:00,91,2593,89.0,13.57,0.6
2026-09-06 12:21:01,77,3252,91.7,14.34,14.6
2026-09-06 12:21:02,81,1926,75.1,14.3,96.1
2026-09-06 12:21:03,62,982,76.6,13.72,37.9
2026-09-06 12:21:04,9,2422,80.6,14.25,60.2
2026-09-06 12:21:05,61,2142,75.6,14.07,84.7
2026-09-06 12:21:06,69,2841,84.6,13.95,97.2
2026-09-06 12:21:07,116,3380,86.6,14.12,63.4
2026-09-06 12:21:08,85,878,84.9,13.73,86.1
2026-09-06 12:21:09,27,1751,89.0,13.87,9.8
2026-09-06 12:21:10,16,2506,93.2,13.59,78.6
2026-09-06 12:21:11,105,1686,80.3,14.37,17.9
2026-09-06 12:21:12,26,2088,79.2,13.61,77.4
2026-09-06 12:21:13,89,1427,93.1,13.37,48.3
2026-09-06 12:21:14,116,3070,92.8,13.91,67.9
2026-09-06 12:21:15,26,2724,86.9,13.27,38.1
2026-09-06 12:21:16,11,2652,85.0,13.42,87.2
2026-09-06 12:21:17,104,1920,90.8,13.35,84.9
2026-09-06 12:21:18,42,1785,94.6,13.36,1.5
2026-09-06 12:21:19,29,2130,79.5,13.97,44.6
2026-09-06 12:21:20,61,1797,88.0,13.72,61.3
2026-09-06 12:21:21,26,2141,85.5,13.96,11.0
2026-09-06 12:21:22,72,1387,79.7,14.07,75.9
2026-09-06 12:21:23,46,2680,83.2,14.32,83.2
2026-09-06 12:21:24,98,2176,79.3,14.39,57.0
2026-09-06 12:21:25,56,3134,85.1,14.29,83.5
2026-09-06 12:21:26,52,2300,84.5,13.66,0.6
2026-09-06 12:21:27,19,2474,82.8,13.73,11.2
2026-09-06 12:21:28,111,928,81.0,14.05,68.4
2026-09-06 12:21:29,118,1125,89.1,13.35,0.2
2026-09-06 12:21:30,54,2509,82.4,13.43,20.8
2026-09-06 12:21:31,9,1805,84.7,13.78,22.9
2026-09-06 12:21:32,45,2632,77.4,14.12,90.5
2026-09-06 12:21:33,45,2810,84.1,14.06,60.0
2026-09-06 12:21:34,17,1561,81.3,13.27,15.2
2026-09-06 12:21:35,80,910,77.5,14.09,42.2
2026-09-06 12:21:36,68,2507,77.9,13.41,3.4
2026-09-06 12:21:37,76,1164,75.4,14.24,28.3
2026-09-06 12:21:38,37,911,85.2,13.7,46.9
2026-09-06 12:21:39,63,1691,86.0,14.19,55.5
2026-09-06 12:21:40,5,3078,80.0,13.52,79.6
2026-09-06 12:21:41,15,1486,89.3,14.15,41.6
2026-09-06 12:21:42,60,1349,94.3,13.93,22.4
2026-09-06 12:21:43,52,2698,75.2,13.53,19.6
2026-09-06 12:21:44,51,3147,88.0,14.36,93.0
2026-09-06 12:21:45,105,2749,75.8,13.45,38.3
2026-09-06 12:21:46,36,3478,87.4,13.76,54.4
2026-09-06 12:21:47,51,1706,86.5,13.73,57.5
2026-09-06 12:21:48,113,1386,77.2,13.22,35.9
2026-09-06 12:21:49,89,1659,83.1,13.49,46.6
2026-09-06 12:21:50,29,2130,86.5,14.35,7.9
2026-09-06 12:21:51,42,3151,89.7,14.32,1.0
2026-09-06 12:21:52,115,1559,95.0,13.21,38.3
2026-09-06 12:21:53,52,2472,87.0,13.57,26.6
2026-09-06 12:21:54,111,2428,91.8,14.01,93.2
2026-09-06 12:21:55,19,1608,80.3,14.36,40.5
2026-09-06 12:21:56,62,2360,90.3,13.98,25.7
2026-09-06 12:21:57,91,1935,80.9,13.78,21.7
2026-09-06 12:21:58,67,1426,90.2,13.93,88.7
2026-09-06 12:21:59,109,1817,76.7,13.39,49.0
2026-09-06 12:22:00,19,3095,82.5,14.21,13.1
2026-09-06 12:22:01,19,1318,86.7,14.26,26.1
2026-09-06 12:22:02,73,1877,92.2,14.32,53.3
2026-09-06 12:22:03,71,2570,75.2,13.37,19.2
2026-09-06 12:22:04,3,2372,81.2,13.9,57.6
2026-09-06 12:22:05,18,1418,83.0,13.49,55.1
2026-09-06 12:22:06,0,3428,90.9,13.9,90.6
2026-09-06 12:22:07,109,3112,79.2,13.52,96.5
2026-09-06 12:22:08,24,1937,76.5,14.29,87.7
2026-09-06 12:22:09,15,2713,77.2,13.21,34.7
2026-09-06 12:22:10,61,1043,81.4,13.28,60.8
2026-09-06 12:22:11,81,987,92.5,13.95,78.4
2026-09-06 12:22:12,83,1326,92.8,13.98,44.9
2026-09-06 12:22:13,110,1727,82.3,14.09,5.5
2026-09-06 12:22:14,112,864,94.3,14.35,74.7
2026-09-06 12:22:15,21,1164,94.5,13.33,10.5
2026-09-06 12:22:16,2,3206,87.4,13.57,42.8
2026-09-06 12:22:17,76,2326,77.9,14.16,74.7
2026-09-06 12:22:18,37,2151,87.0,13.61,93.7
2026-09-06 12:22:19,55,1887,80.2,13.25,60.5
2026-09-06 12:22:20,63,1562,94.8,13.38,59.2
2026-09-06 12:22:21,12,3023,86.8,13.72,94.3
2026-09-06 12:22:22,81,1790,84.5,13.3,19.4
2026-09-06 12:22:23,97,2199,88.9,13.84,92.3
2026-09-06 12:22:24,94,3170,79.2,13.79,77.0
2026-09-06 12:22:25,4,821,85.9,13.39,2.8
2026-09-06 12:22:26,39,2440,75.5,14.33,49.6
2026-09-06 12:22:27,6,2480,90.6,13.4,9.4
2026-09-06 12:22:28,18,1121,76.4,14.22,95.5
2026-09-06 12:22:29,83,2206,78.0,13.24,82.9
2026-09-06 12:22:30,71,2875,94.1,14.26,60.7
2026-09-06 12:22:31,10,1275,87.4,14.05,48.0
2026-09-06 12:22:32,35,2934,84.5,13.82,64.3
2026-09-06 12:22:33,79,3474,81.9,13.44,18.4
2026-09-06 12:22:34,89,1631,91.2,13.87,13.8
2026-09-06 12:22:35,38,1795,81.4,14.21,97.8
2026-09-06 12:22:36,43,3170,77.9,13.61,81.1
2026-09-06 12:22:37,82,1178,75.8,14.16,19.7
2026-09-06 12:22:38,4,2377,90.1,13.98,93.0
2026-09-06 12:22:39,43,2201,75.2,14.06,72.6
2026-09-06 12:22:40,82,2839,78.4,13.9,23.5
2026-09-06 12:22:41,39,1201,93.9,13.72,49.3
2026-09-06 12:22:42,28,1680,89.7,13.58,22.9
2026-09-06 12:22:43,54,1893,79.4,14.38,39.8
2026-09-06 12:22:44,13,1307,78.7,13.95,2.2
2026-09-06 12:22:45,46,3150,89.7,14.16,14.5
2026-09-06 12:22:46,9,3160,76.9,13.53,9.7
2026-09-06 12:22:47,58,1984,86.0,14.32,51.4
2026-09-06 12:22:48,35,3322,75.3,13.53,96.0
2026-09-06 12:22:49,46,1672,75.1,13.95,86.1
2026-09-06 12:22:50,118,1733,90.5,13.34,87.1
2026-09-06 12:22:51,78,2449,79.7,14.23,42.5
2026-09-06 12:22:52,59,2372,79.1,13.48,23.1
2026-09-06 12:22:53,86,1485,86.1,13.67,72.6
2026-09-06 12:22:54,18,1533,75.9,13.31,3.1
2026-09-06 12:22:55,87,2012,91.3,13.57,12.5
2026-09-06 12:22:56,116,1568,76.9,13.98,62.4
2026-09-06 12:22:57,19,3458,81.0,14.17,58.4
2026-09-06 12:22:58,94,1463,84.0,13.97,38.4
2026-09-06 12:22:59,52,1553,94.7,14.12,25.4
2026-09-06 12:23:00,45,1041,88.2,14.39,12.0
2026-09-06 12:23:01,90,3410,80.0,14.22,81.7
2026-09-06 12:23:02,89,1482,75.6,13.61,38.4
2026-09-06 12:23:03,32,2979,79.4,13.77,1.7
2026-09-06 12:23:04,115,1348,78.2,13.92,15.5
2026-09-06 12:23:05,112,1707,94.5,13.37,21.6
2026-09-06 12:23:06,75,2452,79.6,13.41,86.3
2026-09-06 12:23:07,8,2432,85.9,14.3,15.7
2026-09-06 12:23:08,100,3428,93.6,13.76,99.9
2026-09-06 12:23:09,0,1460,75.4,14.38,67.2
2026-09-06 12:23:10,107,957,81.8,13.88,27.7
2026-09-06 12:23:11,35,2360,93.6,13.7,85.5
2026-09-06 12:23:12,31,2236,93.7,13.27,77.6
2026-09-06 12:23:13,40,2316,77.6,13.87,34.0
2026-09-06 12:23:14,43,3048,82.0,13.28,29.7
2026-09-06 12:23:15,70,873,86.5,13.94,11.3
2026-09-06 12:23:16,39,1906,84.9,13.79,30.0
2026-09-06 12:23:17,118,2657,82.3,13.98,50.7
2026-09-06 12:23:18,84,2548,83.3,13.54,20.0
2026-09-06 12:23:19,17,886,75.3,13.96,15.0
2026-09-06 12:23:20,96,1255,91.0,13.93,58.8
2026-09-06 12:23:21,75,1652,86.4,14.22,74.0
2026-09-06 12:23:22,5,2453,94.2,14.28,89.7
2026-09-06 12:23:23,63,2484,86.5,13.76,47.3
2026-09-06 12:23:24,13,873,90.5,14.35,91.9
2026-09-06 12:23:25,100,2621,79.3,14.32,28.7
2026-09-06 12:23:26,37,2588,77.1,13.91,61.9
2026-09-06 12:23:27,34,1914,85.0,13.25,45.3
2026-09-06 12:23:28,77,2826,86.6,13.72,8.7
2026-09-06 12:23:29,105,2312,78.4,13.58,50.8
2026-09-06 12:23:30,24,2015,93.8,14.36,1.4
2026-09-06 12:23:31,81,941,78.8,13.71,66.9
2026-09-06 12:23:32,27,3256,83.2,14.32,16.7
2026-09-06 12:23:33,15,2644,93.5,13.28,12.1
2026-09-06 12:23:34,89,3034,76.0,13.74,56.0
2026-09-06 12:23:35,81,2445,90.7,13.81,83.2
2026-09-06 12:23:36,114,3025,94.3,14.32,39.5
2026-09-06 12:23:37,9,1642,83.5,13.21,47.2
2026-09-06 12:23:38,47,2713,84.9,13.52,7.7
2026-09-06 12:23:39,41,1588,90.1,13.75,93.2
2026-09-06 12:23:40,55,1075,76.1,13.56,73.5
2026-09-06 12:23:41,28,2340,77.7,14.15,9.3
2026-09-06 12:23:42,116,3056,76.1,13.37,16.2
2026-09-06 12:23:43,21,2751,79.2,14.09,66.9
2026-09-06 12:23:44,31,1763,84.6,13.88,61.4
2026-09-06 12:23:45,15,1479,81.4,14.01,58.4
2026-09-06 12:23:46,80,3413,81.6,13.76,89.6
2026-09-06 12:23:47,83,2724,78.7,13.38,11.3
2026-09-06 12:23:48,113,2372,92.7,14.03,84.4
2026-09-06 12:23:49,4,987,85.0,13.28,12.0
2026-09-06 12:23:50,50,2587,77.0,14.13,80.2
2026-09-06 12:23:51,118,1522,91.7,13.67,73.1
2026-09-06 12:23:52,86,2256,75.7,13.38,65.0
2026-09-06 12:23:53,103,1717,94.0,14.15,32.2
2026-09-06 12:23:54,3,2908,89.2,13.84,92.1
2026-09-06 12:23:55,47,1620,82.6,13.39,27.5
2026-09-06 12:23:56,21,819,91.2,13.7,68.2
2026-09-06 12:23:57,91,3352,79.7,13.43,93.5
2026-09-06 12:23:58,106,1023,77.4,13.85,69.5
2026-09-06 12:23:59,36,2506,91.4,13.36,4.7
2026-09-06 12:24:00,120,1926,87.1,13.7,22.6
2026-09-06 12:24:01,109,2810,92.0,14.3,42.9
2026-09-06 12:24:02,89,2206,77.6,13.28,80.0
2026-09-06 12:24:03,72,1161,92.1,14.39,4.9
2026-09-06 12:24:04,99,2953,94.7,13.96,1.9
2026-09-06 12:24:05,62,3100,89.5,13.67,7.5
2026-09-06 12:24:06,0,1711,76.9,14.01,51.9
2026-09-06 12:24:07,67,991,92.6,13.56,39.2
2026-09-06 12:24:08,68,843,92.9,13.67,0.5
2026-09-06 12:24:09,87,1854,90.1,13.31,25.5
2026-09-06 12:24:10,27,2629,82.6,13.58,92.8
2026-09-06 12:24:11,91,1249,93.0,14.26,26.4
2026-09-06 12:24:12,90,2673,78.5,13.82,74.2
2026-09-06 12:24:13,117,3394,81.7,13.94,37.4
2026-09-06 12:24:14,54,2528,84.3,14.26,94.7
2026-09-06 12:24:15,60,2765,94.0,14.14,64.6
2026-09-06 12:24:16,99,3425,88.6,14.25,18.5
2026-09-06 12:24:17,85,1953,91.1,13.89,49.8
2026-09-06 12:24:18,33,1196,85.0,14.39,73.9
2026-09-06 12:24:19,53,830,81.6,13.71,62.7
2026-09-06 12:24:20,23,2086,93.5,13.42,28.3
2026-09-06 12:24:21,38,801,76.8,13.79,12.8
2026-09-06 12:24:22,32,1386,92.3,13.36,79.7
2026-09-06 12:24:23,78,2312,81.3,13.74,62.9
2026-09-06 12:24:24,83,1409,79.7,13.65,39.4
2026-09-06 12:24:25,32,2394,81.3,14.16,74.6
2026-09-06 12:24:26,77,1657,78.5,13.86,63.1
2026-09-06 12:24:27,103,1400,80.9,13.55,62.0
2026-09-06 12:24:28,110,2100,89.7,13.5,35.1
2026-09-06 12:24:29,52,1153,90.8,14.15,79.7
2026-09-06 12:24:30,21,1023,79.7,13.6,84.4
2026-09-06 12:24:31,88,1524,91.9,13.93,56.3
2026-09-06 12:24:32,13,2882,83.0,13.5,61.2
2026-09-06 12:24:33,12,2879,84.3,14.17,88.1
2026-09-06 12:24:34,50,2793,80.1,13.37,34.6
2026-09-06 12:24:35,90,1469,89.3,14.36,59.7
2026-09-06 12:24:36,116,1758,87.9,13.63,26.5
2026-09-06 12:24:37,99,2679,76.5,13.83,47.9
2026-09-06 12:24:38,47,2185,85.0,13.34,50.6
2026-09-06 12:24:39,33,986,80.0,13.73,74.3
2026-09-06 12:24:40,11,2720,86.0,14.05,50.5
2026-09-06 12:24:41,38,1147,84.6,14.33,6.1
2026-09-06 12:24:42,53,2120,92.0,13.83,71.4
2026-09-06 12:24:43,62,1497,94.6,13.73,21.1
2026-09-06 12:24:44,20,3323,86.6,13.22,70.2
2026-09-06 12:24:45,8,3048,92.2,14.33,75.6
2026-09-06 12:24:46,107,2426,81.6,14.34,17.4
2026-09-06 12:24:47,77,3131,86.5,14.36,89.9
2026-09-06 12:24:48,47,3411,76.4,13.97,28.7
2026-09-06 12:24:49,60,1503,83.5,13.53,1.2
2026-09-06 12:24:50,93,1406,75.0,13.21,39.6
2026-09-06 12:24:51,10,1929,87.2,14.04,67.5
2026-09-06 12:24:52,5,2335,75.3,14.18,1.7
2026-09-06 12:24:53,20,923,88.5,13.9,99.8
2026-09-06 12:24:54,19,2684,76.7,13.6,32.5
2026-09-06 12:24:55,111,2505,81.9,13.27,81.0
2026-09-06 12:24:56,81,3156,84.1,13.94,84.6
2026-09-06 12:24:57,86,1798,87.0,13.49,1.0
2026-09-06 12:24:58,51,2163,94.7,13.79,21.2
2026-09-06 12:24:59,53,2804,91.6,13.36,40.5
2026-09-06 12:25:00,92,1131,88.3,13.45,50.0
2026-09-06 12:25:01,77,1587,88.0,14.34,95.1
2026-09-06 12:25:02,67,1622,80.1,13.6,32.4
2026-09-06 12:25:03,89,2393,83.4,14.0,31.0
2026-09-06 12:25:04,92,2196,88.1,14.39,88.9
2026-09-06 12:25:05,15,2371,79.2,13.47,58.4
2026-09-06 12:25:06,30,1533,78.7,13.42,57.3
2026-09-06 12:25:07,83,2322,88.0,13.71,32.5
2026-09-06 12:25:08,11,2830,84.3,14.13,67.9
2026-09-06 12:25:09,26,1996,83.6,13.58,32.1
2026-09-06 12:25:10,26,1874,83.0,13.6,94.1
2026-09-06 12:25:11,33,2442,87.3,14.1,39.6
2026-09-06 12:25:12,60,2222,84.8,13.88,2.3
2026-09-06 12:25:13,78,3019,87.0,13.94,96.0
2026-09-06 12:25:14,15,1170,88.1,13.21,56.9
2026-09-06 12:25:15,114,3245,87.5,13.24,63.5
2026-09-06 12:25:16,83,2510,79.8,14.37,50.8
2026-09-06 12:25:17,64,2375,87.5,14.03,55.5
2026-09-06 12:25:18,98,1114,75.6,14.3,9.3
2026-09-06 12:25:19,60,2723,92.6,13.75,20.0
2026-09-06 12:25:20,90,3416,76.3,13.99,7.4
2026-09-06 12:25:21,15,2928,82.4,13.92,52.1
2026-09-06 12:25:22,66,3342,80.8,13.97,82.2
2026-09-06 12:25:23,64,3441,91.8,13.77,74.6
2026-09-06 12:25:24,45,2608,83.2,13.82,49.4
2026-09-06 12:25:25,1,2839,86.7,14.04,69.3
2026-09-06 12:25:26,70,1734,84.4,13.98,77.3
2026-09-06 12:25:27,36,2064,80.0,13.39,7.6
2026-09-06 12:25:28,3,3431,82.8,13.65,36.3
2026-09-06 12:25:29,92,3407,77.6,13.94,9.8
2026-09-06 12:25:30,83,1461,95.0,13.47,68.1
2026-09-06 12:25:31,3,872,91.8,13.89,53.1
2026-09-06 12:25:32,119,1595,84.3,13.53,84.5
2026-09-06 12:25:33,59,1301,78.7,14.39,39.3
2026-09-06 12:25:34,10,903,88.0,13.75,64.1
2026-09-06 12:25:35,54,1799,84.5,13.88,98.6
2026-09-06 12:25:36,63,2200,84.7,13.54,66.9
2026-09-06 12:25:37,10,2931,82.2,13.22,98.4
2026-09-06 12:25:38,98,2651,80.0,13.86,56.4
2026-09-06 12:25:39,32,1595,85.7,14.18,96.5
2026-09-06 12:25:40,42,2052,87.7,14.29,70.3
2026-09-06 12:25:41,70,3209,94.1,13.73,1.1
2026-09-06 12:25:42,52,1207,88.1,13.3,92.1
2026-09-06 12:25:43,93,2246,93.1,13.62,18.3
2026-09-06 12:25:44,15,1769,82.8,13.87,89.7
2026-09-06 12:25:45,40,1667,78.4,13.6,84.6
2026-09-06 12:25:46,86,2305,84.5,14.01,3.4
2026-09-06 12:25:47,2,2233,89.5,14.28,22.1
2026-09-06 12:25:48,9,933,79.4,13.57,88.4
2026-09-06 12:25:49,20,1750,85.5,14.38,99.0
2026-09-06 12:25:50,113,1643,83.0,13.59,100.0
2026-09-06 12:25:51,35,2030,94.2,13.91,42.5
2026-09-06 12:25:52,105,3224,90.6,14.19,41.0
2026-09-06 12:25:53,49,2241,88.9,14.16,93.0
2026-09-06 12:25:54,21,3253,76.6,13.32,66.1
2026-09-06 12:25:55,3,3053,83.6,13.84,83.5
2026-09-06 12:25:56,65,2317,75.1,13.56,64.4
2026-09-06 12:25:57,36,1825,90.9,13.37,6.0
2026-09-06 12:25:58,35,1362,86.3,14.04,60.5
2026-09-06 12:25:59,74,2284,78.1,13.79,30.0
2026-09-06 12:26:00,75,1613,81.1,13.78,5.5
2026-09-06 12:26:01,77,2543,84.0,14.34,82.1
2026-09-06 12:26:02,4,1186,78.0,13.68,97.2
2026-09-06 12:26:03,120,2821,80.4,13.53,11.3
2026-09-06 12:26:04,29,3244,87.3,13.4,36.7
2026-09-06 12:26:05,82,3434,82.3,14.18,28.0
2026-09-06 12:26:06,21,812,90.0,14.25,12.7
2026-09-06 12:26:07,103,1660,80.9,13.26,29.4
2026-09-06 12:26:08,119,2694,91.6,14.17,58.8
2026-09-06 12:26:09,3,2543,80.7,14.05,45.3
2026-09-06 12:26:10,99,913,75.6,13.54,16.5
2026-09-06 12:26:11,23,2522,86.1,13.51,5.7
2026-09-06 12:26:12,55,1009,86.6,14.31,17.1
2026-09-06 12:26:13,15,1251,94.6,13.47,97.7
2026-09-06 12:26:14,13,1396,92.6,13.55,64.2
2026-09-06 12:26:15,120,2906,87.3,14.17,81.7
2026-09-06 12:26:16,105,2928,87.4,13.78,71.3
2026-09-06 12:26:17,10,3286,88.9,13.52,97.7
2026-09-06 12:26:18,28,1185,85.8,13.77,63.5
2026-09-06 12:26:19,63,3395,87.7,14.03,52.0
2026-09-06 12:26:20,86,3328,82.2,13.84,45.2
2026-09-06 12:26:21,68,1954,76.9,14.0,38.6
2026-09-06 12:26:22,42,1576,82.1,14.06,14.5
2026-09-06 12:26:23,44,1259,82.7,14.29,18.9
2026-09-06 12:26:24,116,2621,83.5,14.05,32.1
2026-09-06 12:26:25,9,1188,90.5,14.38,54.2
2026-09-06 12:26:26,68,2861,81.1,13.2,6.3
2026-09-06 12:26:27,71,1824,82.5,13.28,46.4
2026-09-06 12:26:28,112,1467,75.4,13.72,2.4
2026-09-06 12:26:29,51,942,80.2,13.94,20.1
2026-09-06 12:26:30,79,2878,83.7,13.77,6.7
2026-09-06 12:26:31,59,1679,92.4,14.2,5.3
2026-09-06 12:26:32,19,3111,79.5,13.93,56.8
2026-09-06 12:26:33,97,2878,84.9,13.39,14.9
2026-09-06 12:26:34,79,2275,81.3,14.14,56.2
2026-09-06 12:26:35,120,3444,78.6,13.29,92.7
2026-09-06 12:26:36,63,1819,80.4,13.81,75.5
2026-09-06 12:26:37,5,2009,84.0,14.38,46.9
2026-09-06 12:26:38,110,990,82.2,13.86,47.5
2026-09-06 12:26:39,86,890,92.2,14.32,3.9
2026-09-06 12:26:40,11,1317,89.4,13.45,1.3
2026-09-06 12:26:41,51,2591,85.4,13.58,63.1
2026-09-06 12:26:42,0,1125,87.4,13.27,82.7
2026-09-06 12:26:43,79,1266,92.7,13.48,56.4
2026-09-06 12:26:44,22,1715,90.6,13.94,42.6
2026-09-06 12:26:45,28,2586,78.6,14.25,69.3
2026-09-06 12:26:46,119,1724,90.4,13.59,74.7
2026-09-06 12:26:47,96,3323,75.2,13.52,48.2
2026-09-06 12:26:48,53,2847,93.3,13.61,20.3
2026-09-06 12:26:49,19,1624,84.5,13.48,50.0
2026-09-06 12:26:50,46,1240,89.7,14.34,8.3
2026-09-06 12:26:51,56,2395,89.9,14.05,38.9
2026-09-06 12:26:52,19,823,91.9,13.24,20.1
2026-09-06 12:26:53,71,3098,94.3,14.25,16.9
2026-09-06 12:26:54,100,830,87.1,13.88,24.5
2026-09-06 12:26:55,92,1529,77.4,13.36,94.0
2026-09-06 12:26:56,97,884,83.2,14.2,29.9
2026-09-06 12:26:57,59,2997,86.9,13.83,59.0
2026-09-06 12:26:58,70,2747,89.9,14.27,36.5
2026-09-06 12:26:59,5,966,88.7,13.43,43.0
2026-09-06 12:27:00,110,1861,94.7,13.35,97.3
2026-09-06 12:27:01,58,1784,90.3,14.14,8.0
2026-09-06 12:27:02,52,988,77.3,13.48,4.8
2026-09-06 12:27:03,78,885,85.8,14.13,10.0
2026-09-06 12:27:04,54,3271,82.3,13.59,85.7
2026-09-06 12:27:05,13,901,90.9,13.7,91.8
2026-09-06 12:27:06,25,3198,94.7,13.48,29.1
2026-09-06 12:27:07,54,2945,87.8,14.37,25.9
2026-09-06 12:27:08,65,2880,88.9,13.35,39.6
2026-09-06 12:27:09,117,1388,86.3,13.44,45.9
2026-09-06 12:27:10,118,1792,87.6,13.78,83.6
2026-09-06 12:27:11,19,2716,88.6,13.39,61.6
2026-09-06 12:27:12,101,3395,78.7,13.28,26.6
2026-09-06 12:27:13,84,3249,90.6,13.59,12.2
2026-09-06 12:27:14,4,2534,92.8,13.79,53.6
2026-09-06 12:27:15,96,3149,77.9,14.24,81.4
2026-09-06 12:27:16,90,2526,87.3,13.47,38.6
2026-09-06 12:27:17,98,2905,85.1,13.57,59.3
2026-09-06 12:27:18,85,1836,85.9,13.3,39.3
2026-09-06 12:27:19,97,2677,85.3,13.31,0.0
2026-09-06 12:27:20,60,1661,95.0,14.18,19.2
2026-09-06 12:27:21,71,3465,89.8,13.4,67.1
2026-09-06 12:27:22,38,2665,79.3,13.45,15.2
2026-09-06 12:27:23,58,3014,81.1,13.84,23.3
2026-09-06 12:27:24,107,2226,94.9,13.63,97.3
2026-09-06 12:27:25,10,1811,84.1,13.76,74.0
2026-09-06 12:27:26,9,990,82.2,13.39,76.0
2026-09-06 12:27:27,80,877,76.5,14.24,2.2
2026-09-06 12:27:28,26,974,85.5,14.34,4.8
2026-09-06 12:27:29,7,3309,85.4,14.08,53.5
2026-09-06 12:27:30,22,1959,92.4,14.22,19.6
2026-09-06 12:27:31,50,2879,75.5,13.25,31.8
2026-09-06 12:27:32,82,3138,94.5,13.47,1.6
2026-09-06 12:27:33,85,1571,76.8,13.9,51.4
2026-09-06 12:27:34,71,999,82.5,13.34,29.8
2026-09-06 12:27:35,63,2059,87.8,13.97,61.0
2026-09-06 12:27:36,4,1928,82.0,14.28,8.7
2026-09-06 12:27:37,66,3163,93.8,13.89,13.1
2026-09-06 12:27:38,110,3099,77.2,14.21,96.5
2026-09-06 12:27:39,15,1100,80.7,14.28,69.0
2026-09-06 12:27:40,20,1203,80.7,14.1,68.2
2026-09-06 12:27:41,59,2391,93.4,13.56,91.4
2026-09-06 12:27:42,51,1108,81.5,13.31,45.3
2026-09-06 12:27:43,106,2021,93.0,14.02,70.4
2026-09-06 12:27:44,63,972,78.5,13.47,68.5
2026-09-06 12:27:45,51,1176,86.9,13.68,73.1
2026-09-06 12:27:46,35,1266,94.4,13.29,9.8
2026-09-06 12:27:47,76,2807,90.6,13.37,76.5
2026-09-06 12:27:48,12,1368,95.0,13.29,18.1
2026-09-06 12:27:49,114,3439,84.3,14.4,10.5
2026-09-06 12:27:50,110,2972,76.8,13.66,20.1
2026-09-06 12:27:51,23,3328,76.3,14.0,19.4
2026-09-06 12:27:52,11,1172,85.8,14.11,83.1
2026-09-06 12:27:53,62,2736,93.6,14.36,4.9
2026-09-06 12:27:54,66,2884,83.6,13.3,78.5
2026-09-06 12:27:55,105,2760,78.1,13.89,23.8
2026-09-06 12:27:56,22,2746,80.4,14.28,56.8
2026-09-06 12:27:57,82,3049,90.2,14.27,81.1
2026-09-06 12:27:58,105,3431,84.7,13.61,23.6
2026-09-06 12:27:59,85,3443,93.8,14.0,12.4
2026-09-06 12:28:00,28,1318,75.9,13.73,29.6
2026-09-06 12:28:01,25,1702,85.8,13.68,8.8
2026-09-06 12:28:02,24,2574,76.7,13.59,21.2
2026-09-06 12:28:03,97,2361,92.1,13.9,88.5
2026-09-06 12:28:04,116,1998,81.5,14.14,45.3
2026-09-06 12:28:05,74,2666,87.7,13.45,0.0
2026-09-06 12:28:06,39,1692,79.0,13.41,0.8
2026-09-06 12:28:07,43,3314,81.2,14.18,24.6
2026-09-06 12:28:08,9,3479,90.8,14.05,69.2
2026-09-06 12:28:09,89,2253,88.8,13.29,63.3
2026-09-06 12:28:10,76,3238,75.2,13.64,69.3
2026-09-06 12:28:11,105,2034,80.6,13.58,19.8
2026-09-06 12:28:12,86,1004,77.2,13.76,93.0
2026-09-06 12:28:13,68,1910,82.6,13.69,36.9
2026-09-06 12:28:14,18,2922,85.4,14.16,2.0
2026-09-06 12:28:15,19,887,80.8,14.0,59.7
2026-09-06 12:28:16,53,2945,86.5,13.78,93.2
2026-09-06 12:28:17,32,1176,86.3,13.49,30.9
2026-09-06 12:28:18,18,2181,84.2,13.95,96.4
2026-09-06 12:28:19,0,2994,89.4,13.38,23.2
2026-09-06 12:28:20,88,1193,89.0,13.58,30.0
2026-09-06 12:28:21,98,2782,92.0,13.98,21.8
2026-09-06 12:28:22,4,3109,75.5,13.93,16.0
2026-09-06 12:28:23,91,1797,85.9,13.64,86.1
2026-09-06 12:28:24,49,910,91.5,14.27,41.7
2026-09-06 12:28:25,91,3367,75.2,13.9,22.9
2026-09-06 12:28:26,86,2115,80.5,13.56,3.7
2026-09-06 12:28:27,83,3441,84.3,13.32,26.0
2026-09-06 12:28:28,8,2052,91.3,13.98,71.8
2026-09-06 12:28:29,6,1535,75.6,14.33,52.0
2026-09-06 12:28:30,31,2834,88.3,13.94,1.8
2026-09-06 12:28:31,91,2795,77.1,14.16,79.4
2026-09-06 12:28:32,110,2063,94.6,13.2,35.6
2026-09-06 12:28:33,60,3197,79.2,13.55,84.9
2026-09-06 12:28:34,116,1205,76.4,13.32,55.9
2026-09-06 12:28:35,25,2431,92.1,13.55,60.1
2026-09-06 12:28:36,18,1193,79.8,14.02,47.8
2026-09-06 12:28:37,78,1696,75.3,13.76,25.5
2026-09-06 12:28:38,99,3491,76.6,14.24,48.0
2026-09-06 12:28:39,47,2093,89.2,14.22,96.1
2026-09-06 12:28:40,98,2317,92.4,13.78,2.2
2026-09-06 12:28:41,54,3194,82.2,14.22,6.1
2026-09-06 12:28:42,53,1088,78.7,14.15,66.1
2026-09-06 12:28:43,105,2383,86.9,13.53,95.5
2026-09-06 12:28:44,40,2914,88.4,13.33,81.2
2026-09-06 12:28:45,44,866,90.7,13.29,51.9
2026-09-06 12:28:46,95,3305,86.9,13.6,3.2
2026-09-06 12:28:47,88,1229,93.1,13.26,19.3
2026-09-06 12:28:48,66,3053,83.5,13.95,52.0
2026-09-06 12:28:49,99,2882,81.6,13.42,0.5
2026-09-06 12:28:50,32,1630,90.3,14.35,17.1
2026-09-06 12:28:51,113,1369,79.1,13.91,77.5
2026-09-06 12:28:52,93,1842,84.1,13.28,88.3
2026-09-06 12:28:53,47,2804,85.8,13.57,51.6
2026-09-06 12:28:54,113,3007,85.3,13.69,81.1
2026-09-06 12:28:55,107,2835,90.3,14.24,69.9
2026-09-06 12:28:56,21,941,86.9,14.21,27.9
2026-09-06 12:28:57,86,3060,79.3,13.23,52.5
2026-09-06 12:28:58,95,2708,76.1,13.59,51.0
2026-09-06 12:28:59,15,3154,90.7,14.38,5.8
2026-09-06 12:29:00,81,1724,84.6,13.86,6.9
2026-09-06 12:29:01,76,1408,82.5,13.76,64.1
2026-09-06 12:29:02,81,1648,89.0,13.31,96.5
2026-09-06 12:29:03,112,1291,86.5,13.33,19.5
2026-09-06 12:29:04,28,2493,81.2,14.31,44.2
2026-09-06 12:29:05,93,2219,75.3,13.74,25.6
2026-09-06 12:29:06,13,2884,75.3,14.19,93.0
2026-09-06 12:29:07,106,1665,76.0,13.27,99.3
2026-09-06 12:29:08,3,3180,86.4,13.36,74.6
2026-09-06 12:29:09,47,1085,94.0,13.25,35.3
2026-09-06 12:29:10,88,998,86.5,13.97,51.7
2026-09-06 12:29:11,47,3088,88.9,13.75,30.9
2026-09-06 12:29:12,77,3247,89.2,13.28,83.2
2026-09-06 12:29:13,72,2034,81.1,13.85,48.2
2026-09-06 12:29:14,30,962,88.6,13.31,46.6
2026-09-06 12:29:15,43,2953,88.7,13.94,49.3
2026-09-06 12:29:16,19,2255,94.7,13.22,21.6
2026-09-06 12:29:17,71,3175,87.6,14.16,16.9
2026-09-06 12:29:18,75,1201,81.5,14.26,43.3
2026-09-06 12:29:19,3,2269,77.1,13.73,66.2
2026-09-06 12:29:20,117,1654,92.0,13.37,76.8
2026-09-06 12:29:21,13,1813,83.8,13.3,98.3
2026-09-06 12:29:22,33,2475,85.0,13.33,66.3
2026-09-06 12:29:23,21,1738,91.1,13.7,27.2
2026-09-06 12:29:24,39,3018,91.0,13.61,76.7
2026-09-06 12:29:25,10,1101,93.8,13.37,81.0
2026-09-06 12:29:26,52,1286,85.0,13.42,71.3
2026-09-06 12:29:27,58,813,76.1,14.36,99.6
2026-09-06 12:29:28,10,1859,87.8,13.37,38.0
2026-09-06 12:29:29,72,1166,75.1,13.79,17.5
2026-09-06 12:29:30,81,3103,76.9,14.35,17.7
2026-09-06 12:29:31,54,1499,93.6,14.38,17.2
2026-09-06 12:29:32,60,3381,86.3,14.08,6.0
2026-09-06 12:29:33,69,846,91.1,13.81,10.8
2026-09-06 12:29:34,104,1748,80.3,14.33,50.2
2026-09-06 12:29:35,4,864,94.2,13.26,19.8
2026-09-06 12:29:36,109,1410,86.1,13.91,69.5
2026-09-06 12:29:37,112,1189,91.0,14.37,96.3
2026-09-06 12:29:38,109,3349,76.1,13.65,56.3
2026-09-06 12:29:39,63,3280,86.9,14.33,9.7
2026-09-06 12:29:40,98,2025,84.7,14.06,97.9
2026-09-06 12:29:41,90,1830,84.0,13.86,34.4
2026-09-06 12:29:42,51,2107,85.1,14.24,8.9
2026-09-06 12:29:43,22,2158,75.8,14.11,84.7
2026-09-06 12:29:44,92,2208,87.1,13.99,35.0
2026-09-06 12:29:45,117,2020,91.6,13.49,58.2
2026-09-06 12:29:46,48,3093,75.7,13.55,63.4
2026-09-06 12:29:47,71,3238,93.8,14.16,68.2
2026-09-06 12:29:48,72,3214,91.7,14.32,1.1
2026-09-06 12:29:49,37,821,91.6,13.67,78.0
2026-09-06 12:29:50,89,848,91.0,13.26,16.7
2026-09-06 12:29:51,18,851,82.1,14.15,50.3
2026-09-06 12:29:52,97,1447,82.2,14.08,70.7
2026-09-06 12:29:53,101,1303,78.2,14.27,75.7
2026-09-06 12:29:54,107,1184,82.1,13.5,51.5
2026-09-06 12:29:55,2,2848,76.6,13.42,33.5
2026-09-06 12:29:56,51,3222,92.8,14.19,1.8
2026-09-06 12:29:57,102,2770,83.6,13.98,23.0
2026-09-06 12:29:58,43,806,85.4,14.17,12.0
2026-09-06 12:29:59,44,3019,80.8,13.65,33.8
2026-09-06 12:30:00,92,1982,76.6,14.09,65.6
2026-09-06 12:30:01,50,806,89.3,13.61,90.9
2026-09-06 12:30:02,98,1036,81.8,14.37,53.5
2026-09-06 12:30:03,9,2059,77.0,14.26,93.1
2026-09-06 12:30:04,116,1589,75.2,13.67,17.0
2026-09-06 12:30:05,39,1492,87.6,13.51,66.3
2026-09-06 12:30:06,4,3044,92.2,13.93,69.3
2026-09-06 12:30:07,25,2368,88.1,14.02,62.0
2026-09-06 12:30:08,38,1859,88.9,13.74,75.1
2026-09-06 12:30:09,52,3490,81.6,14.01,42.8
2026-09-06 12:30:10,89,1220,94.4,13.84,85.6
2026-09-06 12:30:11,9,3168,83.6,14.04,60.3
2026-09-06 12:30:12,14,2748,79.1,13.47,9.6
2026-09-06 12:30:13,13,1678,85.7,13.58,86.4
2026-09-06 12:30:14,69,3241,87.6,14.09,56.4
2026-09-06 12:30:15,61,2135,85.4,14.0,77.5
2026-09-06 12:30:16,77,2972,94.0,13.32,25.8
2026-09-06 12:30:17,32,1687,91.3,13.68,33.9
2026-09-06 12:30:18,43,2337,85.0,13.2,60.1
2026-09-06 12:30:19,72,3231,91.1,13.79,8.2
2026-09-06 12:30:20,104,1792,85.4,14.38,76.0
2026-09-06 12:30:21,10,1439,79.0,13.43,23.5
2026-09-06 12:30:22,38,2793,83.9,14.24,47.3
2026-09-06 12:30:23,5,2815,78.1,13.83,43.5
2026-09-06 12:30:24,107,1181,93.2,14.21,28.0
2026-09-06 12:30:25,113,3012,90.9,14.08,49.0
2026-09-06 12:30:26,20,2276,81.6,14.39,35.1
2026-09-06 12:30:27,94,2705,91.1,13.4,79.4
2026-09-06 12:30:28,65,1335,82.9,13.47,54.0
2026-09-06 12:30:29,74,2099,94.6,14.32,75.0
2026-09-06 12:30:30,23,1400,80.5,14.33,59.7
2026-09-06 12:30:31,9,1027,89.0,13.27,22.3
2026-09-06 12:30:32,42,2242,89.5,13.59,5.9
2026-09-06 12:30:33,19,932,94.7,14.28,97.0
2026-09-06 12:30:34,120,3497,87.0,13.43,70.8
2026-09-06 12:30:35,114,1540,92.7,14.29,23.4
2026-09-06 12:30:36,110,2269,85.7,14.09,30.4
2026-09-06 12:30:37,100,2627,76.6,13.32,22.2
2026-09-06 12:30:38,59,2306,86.3,14.33,93.2
2026-09-06 12:30:39,78,2131,83.1,13.96,56.2
2026-09-06 12:30:40,106,2821,90.0,13.97,2.7
2026-09-06 12:30:41,114,1518,80.1,13.6,47.6
2026-09-06 12:30:42,2,944,87.5,13.27,93.3
2026-09-06 12:30:43,20,1482,92.7,13.22,16.8
2026-09-06 12:30:44,16,2768,91.5,13.62,19.5
2026-09-06 12:30:45,58,3420,82.4,13.33,82.2
2026-09-06 12:30:46,106,1732,76.8,13.81,12.7
2026-09-06 12:30:47,99,2049,89.1,13.42,43.6
2026-09-06 12:30:48,113,2279,93.7,14.29,26.3
2026-09-06 12:30:49,71,2222,88.7,14.11,27.2
2026-09-06 12:30:50,34,1223,87.7,14.03,76.8
2026-09-06 12:30:51,4,3382,81.3,13.37,14.2
2026-09-06 12:30:52,91,2622,84.0,14.1,95.1
2026-09-06 12:30:53,94,2994,88.7,13.61,23.0
2026-09-06 12:30:54,75,1051,88.9,13.98,1.0
2026-09-06 12:30:55,105,1481,88.6,14.22,72.1
2026-09-06 12:30:56,48,2460,85.4,13.72,2.2
2026-09-06 12:30:57,63,3445,78.0,13.9,48.5
2026-09-06 12:30:58,47,1290,76.3,13.28,43.4
2026-09-06 12:30:59,108,1225,82.5,13.61,1.4
2026-09-06 12:31:00,30,2498,93.4,13.81,72.3
2026-09-06 12:31:01,22,3076,83.7,13.54,23.6
2026-09-06 12:31:02,49,3442,85.2,14.34,29.1
2026-09-06 12:31:03,117,1568,78.6,13.43,55.3
2026-09-06 12:31:04,48,2716,80.2,14.25,7.0
2026-09-06 12:31:05,47,2059,91.3,13.52,11.1
2026-09-06 12:31:06,62,2021,80.4,13.46,29.5
2026-09-06 12:31:07,105,1577,83.3,13.38,76.7
2026-09-06 12:31:08,86,2255,91.7,14.15,49.3
2026-09-06 12:31:09,15,886,77.7,14.15,4.9
2026-09-06 12:31:10,21,3253,85.6,13.89,97.8
2026-09-06 12:31:11,107,3413,76.9,13.44,5.1
2026-09-06 12:31:12,24,2909,77.5,14.31,56.0
2026-09-06 12:31:13,104,1099,80.3,13.37,32.3
2026-09-06 12:31:14,29,2685,90.9,13.68,49.3
2026-09-06 12:31:15,95,1482,89.9,14.19,76.6
2026-09-06 12:31:16,76,1695,87.8,14.14,20.8
2026-09-06 12:31:17,82,1203,93.7,13.54,7.0
2026-09-06 12:31:18,75,3066,90.5,13.76,51.1
2026-09-06 12:31:19,120,1739,75.4,13.56,9.1
2026-09-06 12:31:20,94,2211,89.6,13.65,38.5
2026-09-06 12:31:21,78,1866,89.3,14.26,6.3
2026-09-06 12:31:22,49,1616,90.2,13.83,21.9
2026-09-06 12:31:23,2,1054,89.2,13.99,17.7
2026-09-06 12:31:24,81,1909,89.9,13.63,44.7
2026-09-06 12:31:25,33,2569,88.4,13.59,35.1
2026-09-06 12:31:26,54,3415,83.7,13.36,99.6
2026-09-06 12:31:27,94,3187,91.1,13.85,46.9
2026-09-06 12:31:28,47,1159,86.1,14.01,83.4
2026-09-06 12:31:29,49,1458,82.7,13.44,64.6
2026-09-06 12:31:30,20,3378,86.8,13.85,41.1
2026-09-06 12:31:31,25,2649,76.3,14.09,30.0
2026-09-06 12:31:32,17,1266,85.7,13.83,95.5
2026-09-06 12:31:33,92,866,76.9,14.09,63.8
2026-09-06 12:31:34,6,1879,83.4,13.41,47.9
2026-09-06 12:31:35,118,936,82.1,14.28,85.4
2026-09-06 12:31:36,68,3372,94.6,13.29,68.0
2026-09-06 12:31:37,2,3149,77.0,13.46,80.6
2026-09-06 12:31:38,108,1358,85.4,13.4,80.6
2026-09-06 12:31:39,84,932,79.3,13.75,59.3
2026-09-06 12:31:40,5,3336,82.3,13.5,69.7
2026-09-06 12:31:41,69,3401,91.0,13.56,74.4
2026-09-06 12:31:42,44,2300,91.9,13.44,33.1
2026-09-06 12:31:43,69,1763,89.8,14.22,68.0
2026-09-06 12:31:44,101,1642,79.0,13.29,7.2
2026-09-06 12:31:45,11,1797,93.3,13.37,83.9
2026-09-06 12:31:46,103,847,76.8,14.17,5.8
2026-09-06 12:31:47,99,1345,89.3,14.16,73.3
2026-09-06 12:31:48,87,3375,92.8,13.34,98.1
2026-09-06 12:31:49,8,2543,93.1,13.25,83.3
2026-09-06 12:31:50,100,2892,76.6,14.11,7.1
2026-09-06 12:31:51,35,2586,93.2,13.72,84.6
2026-09-06 12:31:52,92,1244,86.5,14.21,76.1
2026-09-06 12:31:53,80,1617,80.5,14.32,33.6
2026-09-06 12:31:54,9,2836,93.4,13.9,9.8
2026-09-06 12:31:55,27,2724,83.5,13.96,63.7
2026-09-06 12:31:56,20,2755,94.7,14.04,43.5
2026-09-06 12:31:57,97,2928,78.9,13.87,93.8
2026-09-06 12:31:58,89,1876,94.8,13.46,19.0
2026-09-06 12:31:59,29,3454,92.0,13.98,31.0
2026-09-06 12:32:00,108,2895,88.0,13.95,81.1
2026-09-06 12:32:01,102,1601,90.1,13.87,68.8
2026-09-06 12:32:02,38,2166,81.8,13.5,2.3
2026-09-06 12:32:03,95,1342,93.9,13.31,43.8
2026-09-06 12:32:04,113,3218,89.0,13.45,90.1
2026-09-06 12:32:05,25,3118,80.6,13.71,96.1
2026-09-06 12:32:06,46,3246,89.3,14.3,43.9
2026-09-06 12:32:07,7,3222,89.0,14.3,18.8
2026-09-06 12:32:08,88,2625,94.1,13.34,6.1
2026-09-06 12:32:09,17,1500,77.0,13.87,14.8
2026-09-06 12:32:10,88,2876,91.7,14.13,72.9
2026-09-06 12:32:11,84,2330,80.0,13.96,7.3
2026-09-06 12:32:12,109,1472,77.1,13.46,44.5
2026-09-06 12:32:13,37,3151,75.5,13.89,81.4
2026-09-06 12:32:14,32,2126,85.0,13.83,56.6
2026-09-06 12:32:15,36,1431,77.0,14.02,65.5
2026-09-06 12:32:16,38,2807,93.6,13.93,78.5
2026-09-06 12:32:17,64,2305,90.5,13.52,27.3
2026-09-06 12:32:18,54,2264,91.7,13.84,97.7
2026-09-06 12:32:19,46,1447,83.8,14.07,7.8
2026-09-06 12:32:20,14,2202,89.4,14.23,81.5
2026-09-06 12:32:21,53,1372,89.9,14.05,58.5
2026-09-06 12:32:22,84,1468,86.1,13.73,20.3
2026-09-06 12:32:23,112,993,88.7,13.23,78.6
2026-09-06 12:32:24,0,2337,77.6,13.43,66.5
2026-09-06 12:32:25,3,1383,75.2,14.38,3.0
2026-09-06 12:32:26,100,2851,88.6,14.09,91.6
2026-09-06 12:32:27,96,1296,86.0,14.39,36.3
2026-09-06 12:32:28,20,1844,88.7,14.23,2.2
2026-09-06 12:32:29,114,2012,90.7,13.74,58.4
2026-09-06 12:32:30,13,3347,77.1,13.73,29.3
2026-09-06 12:32:31,97,1800,88.7,13.42,27.7
2026-09-06 12:32:32,98,893,77.1,14.28,32.7
2026-09-06 12:32:33,6,1820,88.3,13.75,47.6
2026-09-06 12:32:34,57,2505,88.0,14.34,1.4
2026-09-06 12:32:35,23,1791,81.8,13.93,98.9
2026-09-06 12:32:36,104,1472,85.2,13.28,1.6
2026-09-06 12:32:37,37,1179,82.9,14.04,73.5
2026-09-06 12:32:38,71,1518,94.8,13.69,55.2
2026-09-06 12:32:39,103,1986,91.8,14.38,18.3
2026-09-06 12:32:40,93,1612,88.6,13.37,39.2
2026-09-06 12:32:41,76,1916,76.4,13.49,40.7
2026-09-06 12:32:42,2,2943,81.9,13.34,29.8
2026-09-06 12:32:43,68,1789,77.2,13.36,14.9
2026-09-06 12:32:44,61,1672,83.4,13.23,87.5
2026-09-06 12:32:45,112,1867,84.8,13.89,65.0
2026-09-06 12:32:46,0,3298,82.3,13.35,79.6
2026-09-06 12:32:47,112,1635,87.7,13.67,12.5
2026-09-06 12:32:48,8,3018,92.2,14.06,49.8
2026-09-06 12:32:49,63,1432,75.2,14.33,61.0
2026-09-06 12:32:50,92,1921,77.1,13.98,69.6
2026-09-06 12:32:51,56,3443,76.5,14.08,2.5
2026-09-06 12:32:52,75,2327,82.8,13.89,47.0
2026-09-06 12:32:53,58,1575,85.3,13.72,43.7
2026-09-06 12:32:54,31,1590,92.2,14.19,99.7
2026-09-06 12:32:55,42,3145,80.9,13.9,4.5
2026-09-06 12:32:56,89,1016,91.7,13.64,84.9
2026-09-06 12:32:57,32,960,88.3,14.38,45.8
2026-09-06 12:32:58,105,3102,77.4,13.91,50.0
2026-09-06 12:32:59,107,3393,81.1,14.29,82.4
2026-09-06 12:33:00,53,3375,78.8,13.73,46.6
2026-09-06 12:33:01,94,2746,88.8,14.4,29.5
2026-09-06 12:33:02,16,3263,92.9,13.53,3.2
2026-09-06 12:33:03,96,1624,77.3,14.2,32.9
2026-09-06 12:33:04,62,3102,94.1,13.89,76.8
2026-09-06 12:33:05,93,2306,93.3,14.06,9.8
2026-09-06 12:33:06,107,1377,88.6,13.53,17.5
2026-09-06 12:33:07,44,1789,76.5,13.29,44.6
2026-09-06 12:33:08,28,1099,87.4,14.34,10.3
2026-09-06 12:33:09,76,2898,82.1,13.67,92.6
2026-09-06 12:33:10,64,1048,87.6,14.2,90.0
2026-09-06 12:33:11,100,1185,85.6,13.42,39.2
2026-09-06 12:33:12,58,2073,84.8,13.92,7.1
2026-09-06 12:33:13,24,843,80.6,13.9,92.4
2026-09-06 12:33:14,46,2207,75.1,14.0,47.6
2026-09-06 12:33:15,50,1713,90.3,13.74,69.5
2026-09-06 12:33:16,113,2205,86.0,13.92,46.3
2026-09-06 12:33:17,1,2965,83.8,13.91,59.2
2026-09-06 12:33:18,108,980,79.9,13.75,44.0
2026-09-06 12:33:19,28,1687,83.3,14.25,62.9
2026-09-06 12:33:20,58,2802,75.4,13.5,47.5
2026-09-06 12:33:21,104,2772,79.8,14.32,51.2
2026-09-06 12:33:22,0,1074,76.3,13.27,74.6
2026-09-06 12:33:23,86,1530,93.7,13.66,63.6
2026-09-06 12:33:24,97,2110,81.7,13.55,60.3
2026-09-06 12:33:25,13,2076,82.4,13.72,93.4
2026-09-06 12:33:26,23,1166,77.3,14.03,33.3
2026-09-06 12:33:27,54,2800,76.0,13.35,52.3
2026-09-06 12:33:28,109,2663,77.4,14.01,54.5
2026-09-06 12:33:29,46,2805,91.6,13.54,23.8
2026-09-06 12:33:30,58,1056,80.8,14.22,61.8
2026-09-06 12:33:31,90,3361,83.6,14.07,16.7
2026-09-06 12:33:32,118,3039,79.8,13.68,6.6
2026-09-06 12:33:33,40,2483,92.5,13.49,12.9
2026-09-06 12:33:34,102,3250,80.1,13.84,29.5
2026-09-06 12:33:35,43,933,92.1,14.29,17.5
2026-09-06 12:33:36,94,1615,87.9,14.28,24.4
2026-09-06 12:33:37,49,2774,91.4,14.0,74.0
2026-09-06 12:33:38,68,3479,91.9,14.06,54.0
2026-09-06 12:33:39,93,3213,90.7,13.96,2.9
2026-09-06 12:33:40,33,1038,90.0,14.19,53.6
2026-09-06 12:33:41,77,2295,83.5,14.01,75.7
2026-09-06 12:33:42,67,808,77.2,13.31,83.8
2026-09-06 12:33:43,60,1987,94.7,14.14,68.0
2026-09-06 12:33:44,40,2503,75.6,13.59,7.9
2026-09-06 12:33:45,38,1195,93.0,13.9,29.6
2026-09-06 12:33:46,31,2748,92.5,14.38,5.2
2026-09-06 12:33:47,30,2759,78.2,14.37,15.5
2026-09-06 12:33:48,79,2608,85.8,14.27,20.0
2026-09-06 12:33:49,0,2255,86.6,13.66,6.3
2026-09-06 12:33:50,19,2408,84.7,13.3,32.7
2026-09-06 12:33:51,120,1545,78.6,13.72,90.5
2026-09-06 12:33:52,65,1173,85.1,14.39,55.8
2026-09-06 12:33:53,86,1878,78.6,13.94,17.3
2026-09-06 12:33:54,51,1809,86.8,14.24,63.4
2026-09-06 12:33:55,114,1545,86.5,14.15,51.4
2026-09-06 12:33:56,5,2769,80.2,13.65,97.6
2026-09-06 12:33:57,104,2444,94.7,14.33,71.3
2026-09-06 12:33:58,100,1117,84.5,13.5,84.2
2026-09-06 12:33:59,29,2093,89.6,13.74,59.1
2026-09-06 12:34:00,34,1733,82.7,13.28,11.2
2026-09-06 12:34:01,119,1206,94.7,13.49,57.4
2026-09-06 12:34:02,57,3258,76.9,13.57,90.3
2026-09-06 12:34:03,63,1032,87.6,14.07,26.5
2026-09-06 12:34:04,12,3443,76.1,13.46,29.0
2026-09-06 12:34:05,93,2632,90.8,13.76,13.6
2026-09-06 12:34:06,67,3159,91.3,14.24,6.7
2026-09-06 12:34:07,69,2056,77.4,14.1,51.3
2026-09-06 12:34:08,25,3302,85.5,14.03,12.1
2026-09-06 12:34:09,8,3202,89.3,13.26,81.7
2026-09-06 12:34:10,101,2500,91.3,13.96,76.7
2026-09-06 12:34:11,50,1538,81.3,13.39,75.6
2026-09-06 12:34:12,9,3437,93.3,13.35,69.7
2026-09-06 12:34:13,65,2586,93.0,13.91,84.7
2026-09-06 12:34:14,14,1765,75.8,14.38,86.5
2026-09-06 12:34:15,86,2732,94.0,13.81,8.4
2026-09-06 12:34:16,42,1142,90.8,14.3,26.7
2026-09-06 12:34:17,116,1610,89.7,13.55,88.7
2026-09-06 12:34:18,70,3171,94.1,13.98,97.5
2026-09-06 12:34:19,2,2186,79.6,13.89,84.2
2026-09-06 12:34:20,52,823,83.7,14.08,45.0
2026-09-06 12:34:21,22,3124,80.3,13.76,53.6
2026-09-06 12:34:22,48,3180,82.5,13.48,74.5
2026-09-06 12:34:23,110,855,94.9,13.26,89.7
2026-09-06 12:34:24,5,3207,91.0,13.52,66.9
2026-09-06 12:34:25,64,3449,81.8,13.3,80.7
2026-09-06 12:34:26,61,2121,86.6,13.84,85.6
2026-09-06 12:34:27,53,902,88.1,13.62,96.4
2026-09-06 12:34:28,45,881,88.5,13.45,45.7
2026-09-06 12:34:29,52,1949,92.4,14.25,21.7
2026-09-06 12:34:30,65,1823,86.5,13.87,51.3
2026-09-06 12:34:31,76,2512,81.6,14.31,62.2
2026-09-06 12:34:32,80,1639,92.9,13.71,91.6
2026-09-06 12:34:33,88,1036,79.0,14.3,7.1
2026-09-06 12:34:34,1,2140,92.8,13.62,1.1
2026-09-06 12:34:35,70,2360,80.1,13.57,34.8
2026-09-06 12:34:36,21,3078,91.2,13.75,46.5
2026-09-06 12:34:37,94,2828,87.0,14.33,55.2
2026-09-06 12:34:38,118,2460,81.5,14.4,63.2
2026-09-06 12:34:39,60,1624,82.6,13.32,71.0
2026-09-06 12:34:40,0,1714,75.2,14.34,19.1
2026-09-06 12:34:41,21,1645,90.1,14.38,39.0
2026-09-06 12:34:42,7,2407,75.8,14.32,56.0
2026-09-06 12:34:43,9,1388,78.3,13.27,36.5
2026-09-06 12:34:44,54,1651,80.4,14.29,55.7
2026-09-06 12:34:45,6,3013,79.8,13.26,40.2
2026-09-06 12:34:46,105,2845,93.1,13.47,56.8
2026-09-06 12:34:47,37,2751,84.6,13.39,41.8
2026-09-06 12:34:48,106,3349,78.1,13.46,5.4
2026-09-06 12:34:49,23,1582,84.7,13.68,54.6
2026-09-06 12:34:50,58,1646,78.4,14.13,72.3
2026-09-06 12:34:51,1,2969,81.8,13.62,80.7
2026-09-06 12:34:52,80,3095,90.8,13.65,82.1
2026-09-06 12:34:53,1,1765,77.6,13.21,80.5
2026-09-06 12:34:54,84,1920,94.9,13.31,22.2
2026-09-06 12:34:55,56,880,85.6,14.36,87.6
2026-09-06 12:34:56,12,3254,93.6,13.65,86.7
2026-09-06 12:34:57,74,2757,86.8,14.2,40.1
2026-09-06 12:34:58,51,2213,79.8,13.95,83.1
2026-09-06 12:34:59,103,927,89.3,13.2,19.5
2026-09-06 12:35:00,103,2284,79.3,13.26,52.9
2026-09-06 12:35:01,107,2089,88.2,13.24,9.0
2026-09-06 12:35:02,114,1130,80.6,14.39,74.5
2026-09-06 12:35:03,19,1906,86.5,13.97,68.0
2026-09-06 12:35:04,40,3239,84.5,14.21,26.4
2026-09-06 12:35:05,56,3271,77.9,13.84,48.3
2026-09-06 12:35:06,63,952,88.3,13.41,4.7
2026-09-06 12:35:07,61,2802,90.6,14.3,69.6
2026-09-06 12:35:08,70,922,90.5,13.9,17.4
2026-09-06 12:35:09,90,3276,94.0,13.62,48.0
2026-09-06 12:35:10,8,2923,85.0,13.47,0.8
2026-09-06 12:35:11,25,2033,77.8,13.83,9.8
2026-09-06 12:35:12,46,2087,75.6,14.27,89.5
2026-09-06 12:35:13,27,1539,85.1,14.16,92.8
2026-09-06 12:35:14,75,2057,85.7,13.29,1.3
2026-09-06 12:35:15,0,1444,75.0,13.79,28.7
2026-09-06 12:35:16,20,2365,89.4,13.79,92.6
2026-09-06 12:35:17,112,841,92.1,13.47,18.5
2026-09-06 12:35:18,92,2228,77.0,13.26,87.0
2026-09-06 12:35:19,110,2706,87.7,14.04,36.7
2026-09-06 12:35:20,119,1368,86.5,14.2,74.7
2026-09-06 12:35:21,5,1090,92.0,13.4,12.6
2026-09-06 12:35:22,7,880,93.1,14.14,53.7
2026-09-06 12:35:23,80,2301,76.9,14.27,8.8
2026-09-06 12:35:24,26,1178,93.5,13.82,73.8
2026-09-06 12:35:25,58,1042,76.2,14.29,66.2
2026-09-06 12:35:26,83,3332,93.3,13.72,29.3
2026-09-06 12:35:27,24,2268,90.6,13.54,39.4
2026-09-06 12:35:28,25,2363,81.8,14.25,67.5
2026-09-06 12:35:29,44,1194,84.3,14.37,54.9
2026-09-06 12:35:30,22,2348,82.8,13.91,51.0
2026-09-06 12:35:31,18,1324,89.7,13.59,93.8
2026-09-06 12:35:32,7,3070,92.3,13.72,24.8
2026-09-06 12:35:33,23,3383,91.3,14.38,68.7
2026-09-06 12:35:34,94,3350,82.8,13.33,8.9
2026-09-06 12:35:35,78,1503,82.7,13.67,86.0
2026-09-06 12:35:36,89,2143,83.9,14.23,53.0
2026-09-06 12:35:37,96,1348,76.9,13.76,82.7
2026-09-06 12:35:38,93,1298,89.1,14.33,28.6
2026-09-06 12:35:39,107,3380,84.4,14.0,23.1
2026-09-06 12:35:40,37,1890,78.5,13.74,41.3
2026-09-06 12:35:41,30,3320,75.1,13.36,56.0
2026-09-06 12:35:42,113,1313,81.8,13.88,87.4
2026-09-06 12:35:43,37,3440,88.2,13.93,4.0
2026-09-06 12:35:44,79,1659,86.4,13.93,97.3
2026-09-06 12:35:45,60,3134,78.9,13.77,57.1
2026-09-06 12:35:46,96,1864,87.7,13.62,60.3
2026-09-06 12:35:47,43,2777,79.6,14.23,51.9
2026-09-06 12:35:48,47,2391,88.2,13.28,12.1
2026-09-06 12:35:49,45,2912,77.6,13.53,41.3
2026-09-06 12:35:50,15,2779,80.8,13.6,97.8
2026-09-06 12:35:51,89,1910,76.2,13.44,55.6
2026-09-06 12:35:52,68,2588,93.6,13.71,71.8
2026-09-06 12:35:53,89,2940,79.2,13.92,9.1
2026-09-06 12:35:54,22,1998,83.0,13.9,56.2
2026-09-06 12:35:55,50,2373,77.5,13.88,42.7
2026-09-06 12:35:56,115,1301,88.5,13.73,99.9
2026-09-06 12:35:57,2,1994,91.5,13.7,61.8
2026-09-06 12:35:58,113,2938,91.3,14.26,61.1
2026-09-06 12:35:59,57,1139,76.1,14.18,79.1
2026-09-06 12:36:00,58,2936,78.0,14.01,34.6
2026-09-06 12:36:01,91,2269,87.4,13.67,56.7
2026-09-06 12:36:02,110,1834,85.1,13.49,44.7
2026-09-06 12:36:03,118,2584,90.0,14.26,93.8
2026-09-06 12:36:04,100,3272,80.0,13.29,41.0
2026-09-06 12:36:05,118,2303,83.7,13.32,58.2
2026-09-06 12:36:06,28,1379,82.1,14.35,53.0
2026-09-06 12:36:07,34,2468,84.5,14.27,51.3
2026-09-06 12:36:08,82,3397,86.8,13.58,85.9
2026-09-06 12:36:09,103,1194,87.5,14.04,89.0
2026-09-06 12:36:10,49,3195,91.0,13.52,82.3
2026-09-06 12:36:11,112,3177,76.7,14.01,37.9
2026-09-06 12:36:12,20,3317,80.4,14.06,85.5
2026-09-06 12:36:13,57,3195,81.6,13.99,35.6
2026-09-06 12:36:14,95,3417,88.4,13.55,50.7
2026-09-06 12:36:15,47,2038,85.8,13.71,31.3
2026-09-06 12:36:16,69,3254,86.3,13.62,67.7
2026-09-06 12:36:17,19,2898,88.8,13.65,29.7
2026-09-06 12:36:18,64,3326,94.9,13.32,51.1
2026-09-06 12:36:19,58,2410,91.3,13.75,79.2
2026-09-06 12:36:20,75,3164,78.9,13.4,88.2
2026-09-06 12:36:21,46,3147,79.9,13.65,6.7
2026-09-06 12:36:22,96,2243,76.1,13.67,4.2
2026-09-06 12:36:23,93,2478,83.9,13.73,34.0
2026-09-06 12:36:24,84,1201,80.2,13.9,2.6
2026-09-06 12:36:25,13,1697,93.9,13.94,41.2
2026-09-06 12:36:26,50,2795,81.0,14.15,20.9
2026-09-06 12:36:27,67,1114,86.4,13.5,46.4
2026-09-06 12:36:28,81,2849,85.1,13.89,30.3
2026-09-06 12:36:29,47,2740,84.4,14.31,10.6
2026-09-06 12:36:30,66,1457,83.8,13.7,58.5
2026-09-06 12:36:31,93,2635,89.8,13.9,69.8
2026-09-06 12:36:32,40,1072,81.8,13.43,64.8
2026-09-06 12:36:33,62,3479,88.3,13.81,33.6
2026-09-06 12:36:34,109,991,90.1,13.41,10.1
2026-09-06 12:36:35,96,1499,76.1,14.34,1.5
2026-09-06 12:36:36,19,1958,84.2,13.63,98.8
2026-09-06 12:36:37,100,954,80.7,13.31,11.3
2026-09-06 12:36:38,87,3195,93.2,14.2,5.6
2026-09-06 12:36:39,77,1873,79.9,14.31,66.7
2026-09-06 12:36:40,92,2573,88.2,13.91,23.1
2026-09-06 12:36:41,21,2253,85.7,13.9,59.7
2026-09-06 12:36:42,117,2941,83.6,14.13,97.8
2026-09-06 12:36:43,68,915,76.2,14.09,46.3
2026-09-06 12:36:44,46,2199,87.5,13.79,14.7
2026-09-06 12:36:45,47,1024,87.9,14.09,69.1
2026-09-06 12:36:46,24,944,87.3,13.91,56.1
2026-09-06 12:36:47,72,3127,90.4,14.06,51.3
2026-09-06 12:36:48,48,2409,80.1,13.32,16.6
2026-09-06 12:36:49,11,1882,88.1,13.54,90.9
2026-09-06 12:36:50,61,1914,83.0,14.12,6.8
2026-09-06 12:36:51,61,1092,77.1,13.25,9.3
2026-09-06 12:36:52,40,958,83.3,14.27,98.3
2026-09-06 12:36:53,47,1949,86.5,13.77,0.7
2026-09-06 12:36:54,60,3420,92.9,13.99,35.2
2026-09-06 12:36:55,9,3327,77.4,13.51,95.1
2026-09-06 12:36:56,44,1713,87.7,13.94,69.2
2026-09-06 12:36:57,41,891,88.5,13.81,22.7
2026-09-06 12:36:58,33,3446,84.4,13.28,77.1
2026-09-06 12:36:59,114,1458,87.8,13.38,92.4
2026-09-06 12:37:00,59,925,91.6,13.42,98.3
2026-09-06 12:37:01,26,1838,90.9,14.1,7.5
2026-09-06 12:37:02,59,1797,83.4,13.93,49.2
2026-09-06 12:37:03,16,1745,80.5,14.09,79.6
2026-09-06 12:37:04,118,1961,81.7,13.51,70.5
2026-09-06 12:37:05,114,2889,87.6,14.06,91.4
2026-09-06 12:37:06,32,2167,90.0,14.28,21.1
2026-09-06 12:37:07,26,1028,82.9,14.13,54.8
2026-09-06 12:37:08,1,3065,93.9,14.01,19.5
2026-09-06 12:37:09,60,1192,84.1,13.47,97.0
2026-09-06 12:37:10,41,1963,94.6,14.18,47.7
2026-09-06 12:37:11,119,2552,91.2,14.12,31.7
2026-09-06 12:37:12,28,2300,86.9,14.04,13.2
2026-09-06 12:37:13,69,1232,87.2,13.54,45.7
2026-09-06 12:37:14,74,2508,91.1,13.65,73.7
2026-09-06 12:37:15,31,2466,82.1,14.29,30.1
2026-09-06 12:37:16,49,2758,86.5,13.75,48.9
2026-09-06 12:37:17,8,3064,84.0,13.59,70.2
2026-09-06 12:37:18,108,3105,86.4,14.3,76.2
2026-09-06 12:37:19,98,1143,91.4,14.34,8.2
2026-09-06 12:37:20,119,1187,78.5,13.42,87.2
2026-09-06 12:37:21,24,3281,86.6,13.57,36.8
2026-09-06 12:37:22,72,1266,83.8,14.11,20.5
2026-09-06 12:37:23,71,2001,76.7,14.35,25.6
2026-09-06 12:37:24,9,1713,77.1,13.7,8.2
2026-09-06 12:37:25,42,895,78.7,13.53,94.0
2026-09-06 12:37:26,14,995,88.9,14.01,6.7
2026-09-06 12:37:27,27,2539,93.3,13.96,99.4
2026-09-06 12:37:28,68,2424,92.9,14.31,50.9
2026-09-06 12:37:29,31,3060,90.5,14.19,66.9
2026-09-06 12:37:30,19,2251,94.9,14.24,71.6
2026-09-06 12:37:31,106,2976,93.2,14.36,14.1
2026-09-06 12:37:32,112,1479,75.9,13.5,24.7
2026-09-06 12:37:33,18,2801,76.6,13.54,80.2
2026-09-06 12:37:34,35,1101,93.8,14.19,67.1
2026-09-06 12:37:35,108,1076,93.5,13.7,29.7
2026-09-06 12:37:36,107,2442,91.0,13.27,31.7
2026-09-06 12:37:37,38,1832,75.4,14.3,35.4
2026-09-06 12:37:38,68,2726,92.8,13.62,10.0
2026-09-06 12:37:39,113,2063,79.6,13.62,22.9
2026-09-06 12:37:40,119,941,87.1,13.7,14.2
2026-09-06 12:37:41,27,1022,82.6,14.01,46.6
2026-09-06 12:37:42,70,3500,90.7,13.75,15.7
2026-09-06 12:37:43,87,2650,76.4,13.8,6.3
2026-09-06 12:37:44,79,831,90.6,13.61,56.4
2026-09-06 12:37:45,40,2689,90.8,13.71,6.0
2026-09-06 12:37:46,101,1490,82.9,14.04,98.5
2026-09-06 12:37:47,95,1280,75.6,13.2,5.0
2026-09-06 12:37:48,53,2116,88.1,13.49,66.6
2026-09-06 12:37:49,62,1675,89.5,14.13,35.8
2026-09-06 12:37:50,93,1350,84.3,13.81,58.3
2026-09-06 12:37:51,74,1293,92.6,14.08,30.7
2026-09-06 12:37:52,7,1973,80.8,13.56,83.2
2026-09-06 12:37:53,0,3047,77.4,13.41,31.2
2026-09-06 12:37:54,6,900,89.5,13.56,45.7
2026-09-06 12:37:55,83,2100,82.9,14.15,50.9
2026-09-06 12:37:56,64,3249,93.5,13.43,92.9
2026-09-06 12:37:57,20,1473,86.8,13.66,52.9
2026-09-06 12:37:58,102,3060,86.2,13.96,13.7
2026-09-06 12:37:59,39,1567,89.7,14.07,48.6
2026-09-06 12:38:00,31,1962,92.8,13.47,67.3
2026-09-06 12:38:01,63,3291,92.8,13.86,13.0
2026-09-06 12:38:02,74,1792,94.6,13.25,9.7
2026-09-06 12:38:03,9,2253,82.1,13.33,25.9
2026-09-06 12:38:04,112,969,92.4,13.37,92.4
2026-09-06 12:38:05,47,1574,78.3,13.64,23.6
2026-09-06 12:38:06,53,2320,92.1,13.73,43.2
2026-09-06 12:38:07,17,1829,86.9,14.12,35.2
2026-09-06 12:38:08,52,1981,82.2,13.6,68.9
2026-09-06 12:38:09,103,1294,85.9,14.34,53.3
2026-09-06 12:38:10,77,1005,84.0,14.39,81.5
2026-09-06 12:38:11,79,2991,94.1,13.53,92.8
2026-09-06 12:38:12,41,2176,94.8,13.51,29.6
2026-09-06 12:38:13,44,2481,92.2,13.87,66.2
2026-09-06 12:38:14,25,3127,89.7,13.85,11.4
2026-09-06 12:38:15,65,2186,93.0,13.28,22.3
2026-09-06 12:38:16,75,1966,86.3,13.51,17.4
2026-09-06 12:38:17,55,2966,84.8,13.79,8.7
2026-09-06 12:38:18,78,818,76.7,13.49,83.1
2026-09-06 12:38:19,81,2895,89.3,13.5,3.8
2026-09-06 12:38:20,120,1076,88.4,13.97,78.8
2026-09-06 12:38:21,88,3360,86.4,13.22,6.2
2026-09-06 12:38:22,52,2403,78.3,13.46,61.7
2026-09-06 12:38:23,96,1384,78.8,13.64,43.7
2026-09-06 12:38:24,94,1655,87.9,13.34,41.2
2026-09-06 12:38:25,51,1019,77.6,13.63,15.8
2026-09-06 12:38:26,20,1459,79.3,13.91,6.7
2026-09-06 12:38:27,105,1730,81.7,14.06,9.8
2026-09-06 12:38:28,78,1747,86.2,13.99,62.7
2026-09-06 12:38:29,101,3094,94.4,13.33,3.4
2026-09-06 12:38:30,35,3330,89.8,13.67,85.1
2026-09-06 12:38:31,41,3442,80.3,13.24,70.1
2026-09-06 12:38:32,75,1993,78.7,14.4,60.9
2026-09-06 12:38:33,77,1673,81.3,13.56,60.0
2026-09-06 12:38:34,74,856,91.4,13.64,74.0
2026-09-06 12:38:35,40,2870,86.5,14.32,81.3
2026-09-06 12:38:36,56,1943,79.3,13.97,96.7
2026-09-06 12:38:37,41,2990,75.0,14.02,81.1
2026-09-06 12:38:38,37,1794,94.6,13.71,88.5
2026-09-06 12:38:39,97,1649,90.2,14.29,38.2
2026-09-06 12:38:40,13,3033,78.4,13.86,95.2
2026-09-06 12:38:41,108,1197,93.3,13.59,39.9
2026-09-06 12:38:42,107,2827,83.1,13.22,86.8
2026-09-06 12:38:43,48,2627,88.7,14.36,97.9
2026-09-06 12:38:44,97,2809,83.4,14.16,42.6
2026-09-06 12:38:45,23,2626,76.2,14.03,60.3
2026-09-06 12:38:46,98,1574,92.4,13.48,73.1
2026-09-06 12:38:47,99,1802,91.2,14.09,48.2
2026-09-06 12:38:48,10,1731,75.4,13.33,70.1
2026-09-06 12:38:49,94,3321,78.4,13.23,14.7
2026-09-06 12:38:50,105,2349,94.4,13.31,60.3
2026-09-06 12:38:51,78,1907,92.7,13.94,93.3
2026-09-06 12:38:52,36,3181,81.8,13.37,6.6
2026-09-06 12:38:53,105,1897,77.3,13.61,8.2
2026-09-06 12:38:54,14,1697,91.6,14.25,67.0
2026-09-06 12:38:55,56,1997,86.5,13.34,91.6
2026-09-06 12:38:56,101,3340,87.3,13.83,93.3
2026-09-06 12:38:57,60,2558,83.1,13.94,60.2
2026-09-06 12:38:58,0,1747,81.8,13.35,92.1
2026-09-06 12:38:59,30,1413,80.5,14.1,39.3
2026-09-06 12:39:00,118,2913,85.9,13.99,63.6
2026-09-06 12:39:01,52,2253,94.8,13.34,69.4
2026-09-06 12:39:02,3,803,79.3,14.12,62.8
2026-09-06 12:39:03,69,2265,93.5,13.9,83.9
2026-09-06 12:39:04,119,2310,77.1,13.92,88.1
2026-09-06 12:39:05,36,940,91.7,13.36,86.6
2026-09-06 12:39:06,35,3475,87.2,13.69,60.1
2026-09-06 12:39:07,38,1813,84.5,13.89,96.9
2026-09-06 12:39:08,27,3156,75.6,13.49,57.2
2026-09-06 12:39:09,16,3189,78.7,13.58,58.6
2026-09-06 12:39:10,2,3109,88.7,13.78,53.3
2026-09-06 12:39:11,92,2690,92.1,14.03,25.5
2026-09-06 12:39:12,87,1617,75.0,14.23,97.2
2026-09-06 12:39:13,63,3442,91.1,13.39,95.9
2026-09-06 12:39:14,70,855,79.2,13.26,93.0
2026-09-06 12:39:15,73,2029,87.4,13.65,67.3
2026-09-06 12:39:16,51,1167,94.2,14.02,13.5
2026-09-06 12:39:17,92,1613,75.8,13.31,4.0
2026-09-06 12:39:18,58,2401,76.1,13.26,55.4
2026-09-06 12:39:19,55,2796,86.6,14.26,21.3
2026-09-06 12:39:20,56,1350,91.1,13.87,17.0
2026-09-06 12:39:21,5,913,77.1,13.99,24.1
2026-09-06 12:39:22,54,2277,82.6,13.46,6.1
2026-09-06 12:39:23,12,2431,89.8,13.83,58.4
2026-09-06 12:39:24,15,3095,80.0,13.58,18.2
2026-09-06 12:39:25,104,2448,78.9,13.73,19.4
2026-09-06 12:39:26,111,1137,81.2,14.32,20.3
2026-09-06 12:39:27,68,3400,84.8,13.9,11.5
2026-09-06 12:39:28,30,1961,79.2,13.27,73.8
2026-09-06 12:39:29,37,938,80.7,14.01,94.6
2026-09-06 12:39:30,87,2091,92.5,13.78,58.7
2026-09-06 12:39:31,22,1205,87.2,14.26,53.2
2026-09-06 12:39:32,74,1778,87.7,14.32,36.0
2026-09-06 12:39:33,17,2789,88.6,13.98,95.4
2026-09-06 12:39:34,47,922,87.2,13.94,21.1
2026-09-06 12:39:35,58,2992,83.8,14.19,76.6
2026-09-06 12:39:36,81,802,75.9,14.39,21.4
2026-09-06 12:39:37,34,1637,81.2,14.17,52.1
2026-09-06 12:39:38,3,2782,75.2,13.98,97.7
2026-09-06 12:39:39,100,2787,80.1,14.36,36.8
2026-09-06 12:39:40,117,2641,84.1,13.41,48.4
2026-09-06 12:39:41,56,1439,93.2,13.91,39.7
2026-09-06 12:39:42,51,3176,89.8,13.36,78.3
2026-09-06 12:39:43,117,2310,93.0,14.17,18.0
2026-09-06 12:39:44,70,3425,94.4,14.34,20.2
2026-09-06 12:39:45,9,1599,78.4,13.95,64.5
2026-09-06 12:39:46,111,3029,77.4,13.74,22.3
2026-09-06 12:39:47,91,2722,95.0,14.24,23.1
2026-09-06 12:39:48,51,1461,85.1,13.72,5.3
2026-09-06 12:39:49,54,3376,80.7,13.71,28.9
2026-09-06 12:39:50,24,928,84.2,13.63,59.7
2026-09-06 12:39:51,74,2523,77.7,14.24,55.5
2026-09-06 12:39:52,5,1666,89.3,13.67,55.2
2026-09-06 12:39:53,68,2334,87.7,13.37,42.8
2026-09-06 12:39:54,116,3040,90.6,13.21,30.4
2026-09-06 12:39:55,84,3496,83.0,14.34,76.8
2026-09-06 12:39:56,89,1922,75.1,13.77,72.3
2026-09-06 12:39:57,103,2459,81.6,13.24,5.0
2026-09-06 12:39:58,16,2599,76.0,13.98,32.9
2026-09-06 12:39:59,95,2399,87.0,13.67,47.1
2026-09-06 12:40:00,103,1459,89.6,13.37,98.3
2026-09-06 12:40:01,48,2528,78.6,13.53,57.0
2026-09-06 12:40:02,4,1206,81.4,13.87,28.0
2026-09-06 12:40:03,93,1116,94.6,13.74,50.9
2026-09-06 12:40:04,116,1457,75.6,13.63,25.8
2026-09-06 12:40:05,6,800,93.3,14.01,17.0
2026-09-06 12:40:06,1,2429,86.2,13.83,30.7
2026-09-06 12:40:07,102,1974,89.0,13.91,56.7
2026-09-06 12:40:08,37,2734,93.6,14.1,5.5
2026-09-06 12:40:09,97,2973,89.5,13.46,1.5
2026-09-06 12:40:10,25,2511,80.5,13.67,55.7
2026-09-06 12:40:11,39,1986,75.7,13.9,31.4
2026-09-06 12:40:12,41,1285,78.5,14.21,44.5
2026-09-06 12:40:13,100,3139,82.3,13.84,62.3
2026-09-06 12:40:14,44,819,78.1,13.84,73.8
2026-09-06 12:40:15,84,1357,94.0,13.62,27.0
2026-09-06 12:40:16,90,2263,84.9,13.39,95.0
2026-09-06 12:40:17,92,1502,81.9,13.57,20.9
2026-09-06 12:40:18,9,2721,88.4,13.57,30.6
2026-09-06 12:40:19,107,2867,91.5,13.86,26.2
2026-09-06 12:40:20,55,2929,78.0,13.93,44.3
2026-09-06 12:40:21,11,2973,88.0,14.38,78.1
2026-09-06 12:40:22,40,834,81.7,14.03,5.7
2026-09-06 12:40:23,62,3211,76.8,13.24,17.8
2026-09-06 12:40:24,18,2964,80.1,13.3,13.5
2026-09-06 12:40:25,20,3425,80.1,13.7,6.9
2026-09-06 12:40:26,77,2743,79.3,14.23,85.1
2026-09-06 12:40:27,47,2716,82.3,14.28,45.1
2026-09-06 12:40:28,63,2863,88.7,13.67,19.2
2026-09-06 12:40:29,15,916,93.6,13.39,96.7
2026-09-06 12:40:30,68,2012,86.7,13.63,36.1
2026-09-06 12:40:31,83,2489,93.3,13.27,5.0
2026-09-06 12:40:32,109,2335,93.2,14.22,20.0
2026-09-06 12:40:33,46,1436,79.2,14.31,30.3
2026-09-06 12:40:34,46,2591,75.5,13.51,11.8
2026-09-06 12:40:35,106,1696,86.5,13.86,62.0
2026-09-06 12:40:36,106,1407,94.5,13.8,28.4
2026-09-06 12:40:37,107,2267,82.8,13.32,35.9
2026-09-06 12:40:38,20,2902,75.2,13.92,61.6
2026-09-06 12:40:39,119,2567,88.6,14.01,10.6
2026-09-06 12:40:40,110,1874,88.3,13.29,21.8
2026-09-06 12:40:41,31,3186,78.5,13.36,0.9
2026-09-06 12:40:42,9,2987,75.3,14.19,16.4
2026-09-06 12:40:43,33,3437,81.0,13.46,71.9
2026-09-06 12:40:44,46,2245,84.7,13.43,59.0
2026-09-06 12:40:45,71,1133,79.3,14.37,91.2
2026-09-06 12:40:46,70,1411,94.4,14.13,84.4
2026-09-06 12:40:47,80,969,89.7,13.89,3.0
2026-09-06 12:40:48,120,1000,94.9,13.87,57.3
2026-09-06 12:40:49,16,2675,75.2,13.98,14.1
2026-09-06 12:40:50,1,984,78.5,13.57,98.9
2026-09-06 12:40:51,13,2971,87.2,14.03,82.2
2026-09-06 12:40:52,91,2623,76.8,14.28,9.2
2026-09-06 12:40:53,61,1416,76.0,13.95,57.6
2026-09-06 12:40:54,25,2736,90.7,13.98,78.2
2026-09-06 12:40:55,85,1219,90.3,14.13,89.3
2026-09-06 12:40:56,74,1074,81.2,13.26,19.8
2026-09-06 12:40:57,19,2175,76.8,13.6,9.5
2026-09-06 12:40:58,96,2570,94.3,13.2,91.6
2026-09-06 12:40:59,64,1451,94.8,13.96,7.5
2026-09-06 12:41:00,54,2569,80.9,13.99,48.1
2026-09-06 12:41:01,47,2512,94.0,13.83,16.7
2026-09-06 12:41:02,82,3231,82.9,14.02,27.9
2026-09-06 12:41:03,94,1949,87.6,13.82,37.7
2026-09-06 12:41:04,52,1548,89.2,13.2,22.2
2026-09-06 12:41:05,50,2875,91.0,14.34,90.4
2026-09-06 12:41:06,7,2409,78.8,13.76,9.1
2026-09-06 12:41:07,94,1590,83.3,14.08,53.5
2026-09-06 12:41:08,114,2174,76.5,14.13,22.0
2026-09-06 12:41:09,39,2830,83.8,13.85,30.3
2026-09-06 12:41:10,110,1766,90.2,14.0,18.6
2026-09-06 12:41:11,94,3179,84.6,13.42,23.4
2026-09-06 12:41:12,114,1048,83.0,14.23,74.2
2026-09-06 12:41:13,61,2523,90.8,14.02,28.9
2026-09-06 12:41:14,23,2229,84.6,14.22,56.9
2026-09-06 12:41:15,97,3174,92.5,13.51,41.9
2026-09-06 12:41:16,80,2419,76.8,13.87,86.1
2026-09-06 12:41:17,118,2508,78.6,13.32,92.7
2026-09-06 12:41:18,59,838,80.8,13.84,56.6
2026-09-06 12:41:19,19,2826,77.8,14.33,24.4
2026-09-06 12:41:20,107,2961,91.2,14.32,11.4
2026-09-06 12:41:21,102,2735,82.4,14.15,67.0
2026-09-06 12:41:22,65,1924,83.0,13.65,27.6
2026-09-06 12:41:23,120,1578,80.6,13.81,33.8
2026-09-06 12:41:24,77,2934,91.3,13.57,13.9
2026-09-06 12:41:25,22,2191,89.5,13.25,17.3
2026-09-06 12:41:26,95,1487,91.6,14.09,96.1
2026-09-06 12:41:27,62,1731,94.3,13.55,8.6
2026-09-06 12:41:28,42,2223,90.3,14.32,53.7
2026-09-06 12:41:29,0,1786,86.1,14.08,15.7
2026-09-06 12:41:30,61,2833,81.9,14.22,56.5
2026-09-06 12:41:31,61,918,84.5,13.67,31.8
2026-09-06 12:41:32,54,1273,93.1,13.33,99.8
2026-09-06 12:41:33,97,1022,80.6,13.46,25.6
2026-09-06 12:41:34,59,2466,75.3,13.49,62.3
2026-09-06 12:41:35,110,1046,89.7,13.3,33.1
2026-09-06 12:41:36,24,937,81.6,13.25,90.3
2026-09-06 12:41:37,56,2760,78.7,14.0,89.5
2026-09-06 12:41:38,23,2991,84.1,13.99,4.1
2026-09-06 12:41:39,27,958,83.7,13.24,45.9
2026-09-06 12:41:40,75,1039,87.7,14.3,46.4
2026-09-06 12:41:41,85,2977,77.0,14.09,58.8
2026-09-06 12:41:42,89,3191,86.1,14.3,31.6
2026-09-06 12:41:43,49,2037,90.9,14.18,94.1
2026-09-06 12:41:44,34,1513,83.9,13.33,95.5
2026-09-06 12:41:45,73,3055,75.1,13.34,68.8
2026-09-06 12:41:46,94,3485,83.9,13.73,71.0
2026-09-06 12:41:47,62,2816,77.6,13.61,66.1
2026-09-06 12:41:48,93,3224,87.1,13.47,87.8
2026-09-06 12:41:49,7,1322,80.8,13.77,90.8
2026-09-06 12:41:50,73,2473,77.8,14.29,64.9
2026-09-06 12:41:51,73,1964,93.7,14.33,47.2
2026-09-06 12:41:52,44,3168,94.1,13.65,64.6
2026-09-06 12:41:53,82,2932,79.8,13.52,62.6
2026-09-06 12:41:54,107,2297,86.5,13.62,85.0
2026-09-06 12:41:55,55,2813,92.1,14.23,6.3
2026-09-06 12:41:56,21,2757,79.7,13.53,44.5
2026-09-06 12:41:57,73,2834,79.6,13.48,97.3
2026-09-06 12:41:58,86,3049,92.5,14.07,95.9
2026-09-06 12:41:59,82,866,92.8,14.18,45.9
2026-09-06 12:42:00,70,2885,81.9,13.68,52.3
2026-09-06 12:42:01,90,2645,85.7,13.56,79.0
2026-09-06 12:42:02,50,1030,94.6,14.02,29.6
2026-09-06 12:42:03,13,2330,84.4,14.18,49.4
2026-09-06 12:42:04,23,1495,84.0,14.2,6.9
2026-09-06 12:42:05,20,1559,93.0,14.38,12.0
2026-09-06 12:42:06,9,2074,90.3,13.73,66.6
2026-09-06 12:42:07,9,2439,87.6,13.32,10.6
2026-09-06 12:42:08,84,2377,77.1,13.33,72.1
2026-09-06 12:42:09,74,1970,82.5,13.84,31.9
2026-09-06 12:42:10,42,2999,75.5,13.84,96.0
2026-09-06 12:42:11,74,2479,91.2,13.92,52.7
2026-09-06 12:42:12,66,1680,79.6,13.54,67.1
2026-09-06 12:42:13,56,1569,81.2,13.92,85.6
2026-09-06 12:42:14,83,2663,85.1,13.52,59.9
2026-09-06 12:42:15,17,2464,77.4,13.97,32.3
2026-09-06 12:42:16,27,872,82.7,13.28,30.8
2026-09-06 12:42:17,37,3210,81.4,13.53,92.0
2026-09-06 12:42:18,55,2949,82.9,13.52,30.5
2026-09-06 12:42:19,45,2319,79.6,13.33,84.1
2026-09-06 12:42:20,57,3078,79.1,14.08,81.8
2026-09-06 12:42:21,66,2115,92.8,13.49,1.1
2026-09-06 12:42:22,6,1651,89.4,13.48,56.6
2026-09-06 12:42:23,68,1298,88.2,13.3,42.1
2026-09-06 12:42:24,14,1293,94.0,13.62,88.9
2026-09-06 12:42:25,96,2355,78.6,14.16,79.5
2026-09-06 12:42:26,10,2431,90.4,13.84,89.5
2026-09-06 12:42:27,28,2755,90.5,13.41,65.1
2026-09-06 12:42:28,84,2547,93.5,14.18,47.1
2026-09-06 12:42:29,26,1355,81.7,13.47,34.4
2026-09-06 12:42:30,107,851,89.6,13.92,4.3
2026-09-06 12:42:31,81,2066,91.6,14.07,21.9
2026-09-06 12:42:32,94,3084,94.6,13.83,44.4
2026-09-06 12:42:33,110,2169,79.7,13.36,32.1
2026-09-06 12:42:34,65,1485,76.6,13.54,46.0
2026-09-06 12:42:35,117,1288,78.5,14.35,85.5
2026-09-06 12:42:36,8,1690,78.3,13.94,61.9
2026-09-06 12:42:37,104,2608,85.9,13.61,28.2
2026-09-06 12:42:38,116,2484,85.3,14.08,27.8
2026-09-06 12:42:39,46,2695,90.5,13.84,23.2
2026-09-06 12:42:40,37,1585,88.0,13.4,75.8
2026-09-06 12:42:41,11,2837,91.1,13.39,6.3
2026-09-06 12:42:42,87,2056,92.9,14.21,28.4
2026-09-06 12:42:43,51,2478,91.7,14.02,91.7
2026-09-06 12:42:44,40,1780,88.5,13.95,33.9
2026-09-06 12:42:45,104,1065,85.4,13.98,24.9
2026-09-06 12:42:46,31,1408,87.5,13.9,20.9
2026-09-06 12:42:47,29,3232,91.3,13.92,78.0
2026-09-06 12:42:48,11,2761,78.7,13.64,14.6
2026-09-06 12:42:49,17,1299,86.6,13.7,99.3
2026-09-06 12:42:50,74,2920,80.4,13.89,24.1
2026-09-06 12:42:51,90,2402,78.5,13.64,5.1
2026-09-06 12:42:52,63,2579,76.4,13.99,87.3
2026-09-06 12:42:53,62,1033,84.1,13.2,34.8
2026-09-06 12:42:54,62,1426,88.9,13.48,52.3
2026-09-06 12:42:55,108,2334,77.5,14.14,39.5
2026-09-06 12:42:56,75,1901,79.8,13.48,74.0
2026-09-06 12:42:57,103,971,79.5,13.48,77.5
2026-09-06 12:42:58,104,1859,90.1,13.87,1.2
2026-09-06 12:42:59,86,3413,88.1,14.04,67.8
2026-09-06 12:43:00,111,2932,85.8,13.57,82.5
2026-09-06 12:43:01,95,825,77.0,14.19,54.0
2026-09-06 12:43:02,90,3277,90.2,13.56,42.6
2026-09-06 12:43:03,90,2854,88.5,13.8,80.1
2026-09-06 12:43:04,54,1863,85.6,13.89,82.1
2026-09-06 12:43:05,119,2587,85.8,14.08,23.8
2026-09-06 12:43:06,10,1563,80.0,13.88,26.9
2026-09-06 12:43:07,100,2547,75.7,13.6,84.9
2026-09-06 12:43:08,20,1113,87.6,13.21,94.7
2026-09-06 12:43:09,100,3377,79.2,13.81,18.3
2026-09-06 12:43:10,54,2783,79.5,14.32,24.2
2026-09-06 12:43:11,90,2626,75.9,13.58,50.9
2026-09-06 12:43:12,65,3240,76.5,13.59,68.6
2026-09-06 12:43:13,33,1011,78.8,14.25,9.6
2026-09-06 12:43:14,35,842,89.1,14.16,81.4
2026-09-06 12:43:15,57,2418,93.1,14.21,7.1
2026-09-06 12:43:16,43,2739,81.1,13.26,95.1
2026-09-06 12:43:17,25,2222,79.8,13.6,53.3
2026-09-06 12:43:18,73,2407,88.3,13.99,85.2
2026-09-06 12:43:19,73,3385,77.1,13.56,87.2
2026-09-06 12:43:20,75,2576,89.2,13.93,39.8
2026-09-06 12:43:21,48,2385,88.9,13.35,74.5
2026-09-06 12:43:22,64,2556,88.5,14.11,78.0
2026-09-06 12:43:23,39,2529,88.5,13.67,90.5
2026-09-06 12:43:24,70,2279,89.1,14.22,9.9
2026-09-06 12:43:25,35,3410,77.9,13.28,22.0
2026-09-06 12:43:26,80,1530,77.2,13.58,97.5
2026-09-06 12:43:27,96,1177,87.1,13.57,72.4
2026-09-06 12:43:28,43,2169,83.6,13.97,19.7
2026-09-06 12:43:29,84,2968,89.8,14.39,39.7
2026-09-06 12:43:30,95,1519,85.6,13.24,27.2
2026-09-06 12:43:31,15,2375,84.9,13.52,91.1
2026-09-06 12:43:32,28,835,90.8,13.82,7.8
2026-09-06 12:43:33,65,871,85.9,14.02,17.1
2026-09-06 12:43:34,74,3452,90.1,13.34,31.2
2026-09-06 12:43:35,61,2925,87.4,13.36,61.6
2026-09-06 12:43:36,77,1737,88.9,13.33,19.8
2026-09-06 12:43:37,23,2478,77.3,13.79,63.2
2026-09-06 12:43:38,74,2953,87.4,13.29,28.0
2026-09-06 12:43:39,71,2738,84.7,13.37,61.6
2026-09-06 12:43:40,107,2460,87.5,13.73,66.3
2026-09-06 12:43:41,10,1317,82.5,14.1,23.6
2026-09-06 12:43:42,38,820,82.6,13.32,95.3
2026-09-06 12:43:43,50,2322,75.8,14.33,43.2
2026-09-06 12:43:44,120,2775,85.5,13.82,64.8
2026-09-06 12:43:45,77,1482,75.8,13.35,89.2
2026-09-06 12:43:46,26,2540,85.8,13.72,0.1
2026-09-06 12:43:47,11,2843,83.6,14.12,74.8
2026-09-06 12:43:48,37,2534,88.4,13.92,87.7
2026-09-06 12:43:49,16,894,88.0,13.62,23.9
2026-09-06 12:43:50,9,2056,78.6,13.66,31.4
2026-09-06 12:43:51,48,1175,83.1,14.06,18.5
2026-09-06 12:43:52,115,2515,75.9,13.3,32.5
2026-09-06 12:43:53,7,2172,91.7,13.41,15.3
2026-09-06 12:43:54,92,1283,80.7,14.27,7.3
2026-09-06 12:43:55,22,2807,91.6,13.92,35.6
2026-09-06 12:43:56,102,2191,79.2,13.41,87.8
2026-09-06 12:43:57,11,840,79.7,14.02,10.7
2026-09-06 12:43:58,102,1721,90.0,14.33,19.9
2026-09-06 12:43:59,2,2680,94.7,14.02,31.2
2026-09-06 12:44:00,104,3197,78.7,13.98,26.3
2026-09-06 12:44:01,55,1963,86.0,14.2,98.8
2026-09-06 12:44:02,120,849,82.6,13.93,32.1
2026-09-06 12:44:03,63,1692,91.7,13.37,6.0
2026-09-06 12:44:04,52,3387,76.4,13.72,97.1
2026-09-06 12:44:05,73,2983,85.1,14.31,37.4
2026-09-06 12:44:06,47,2415,90.7,13.67,78.1
2026-09-06 12:44:07,61,2169,92.4,13.65,77.7
2026-09-06 12:44:08,70,1255,89.0,13.74,38.9
2026-09-06 12:44:09,64,2965,92.4,13.85,36.7
2026-09-06 12:44:10,31,2791,84.8,14.04,96.6
2026-09-06 12:44:11,109,1034,75.5,14.19,53.7
2026-09-06 12:44:12,107,3434,87.6,13.64,90.3
2026-09-06 12:44:13,37,3390,82.3,13.23,84.4
2026-09-06 12:44:14,104,2906,90.9,13.35,94.8
2026-09-06 12:44:15,80,2003,76.3,14.32,62.8
2026-09-06 12:44:16,24,1254,78.7,13.61,11.1
2026-09-06 12:44:17,58,1095,93.7,13.28,29.2
2026-09-06 12:44:18,50,1477,76.5,13.32,84.7
2026-09-06 12:44:19,37,3285,85.7,14.06,91.0
2026-09-06 12:44:20,30,2593,78.9,14.05,73.2
2026-09-06 12:44:21,99,903,77.7,13.84,43.2
2026-09-06 12:44:22,82,1312,79.9,13.99,88.6
2026-09-06 12:44:23,17,1519,77.1,14.28,41.9
2026-09-06 12:44:24,0,1585,92.6,13.32,90.3
2026-09-06 12:44:25,96,1382,82.7,13.93,36.4
2026-09-06 12:44:26,48,2660,76.5,14.25,97.9
2026-09-06 12:44:27,63,1352,78.7,13.37,25.0
2026-09-06 12:44:28,79,1812,91.3,14.17,44.0
2026-09-06 12:44:29,58,1065,81.2,14.13,33.7
2026-09-06 12:44:30,7,2196,86.4,13.79,93.6
2026-09-06 12:44:31,75,1440,77.4,13.59,71.4
2026-09-06 12:44:32,16,3481,80.6,14.29,1.5
2026-09-06 12:44:33,78,2560,84.6,13.78,55.9
2026-09-06 12:44:34,68,1596,89.7,13.92,96.4
2026-09-06 12:44:35,89,3217,78.1,13.44,28.4
2026-09-06 12:44:36,63,3197,91.4,14.1,52.5
2026-09-06 12:44:37,3,1793,77.4,13.91,3.5
2026-09-06 12:44:38,12,876,78.9,14.05,95.1
2026-09-06 12:44:39,72,3196,81.3,14.32,30.4
2026-09-06 12:44:40,76,2716,76.2,13.54,56.8
2026-09-06 12:44:41,0,2780,83.6,13.42,2.3
2026-09-06 12:44:42,60,1451,91.7,14.38,42.7
2026-09-06 12:44:43,24,2333,85.8,14.09,96.4
2026-09-06 12:44:44,102,2543,92.0,14.22,68.4
2026-09-06 12:44:45,6,3181,81.7,13.35,96.0
2026-09-06 12:44:46,95,2534,93.3,13.64,12.0
2026-09-06 12:44:47,0,2914,85.6,13.95,82.4
2026-09-06 12:44:48,91,3404,91.8,13.99,10.8
2026-09-06 12:44:49,40,2299,76.7,14.3,23.8
2026-09-06 12:44:50,6,1493,92.8,14.39,65.1
2026-09-06 12:44:51,56,2640,90.4,14.39,65.8
2026-09-06 12:44:52,83,2393,83.4,13.49,62.9
2026-09-06 12:44:53,102,1386,92.2,14.35,68.3
2026-09-06 12:44:54,59,1606,87.4,13.92,55.6
2026-09-06 12:44:55,98,1843,82.9,13.52,9.8
2026-09-06 12:44:56,114,2271,79.7,13.24,20.6
2026-09-06 12:44:57,84,1158,76.8,13.54,49.5
2026-09-06 12:44:58,74,2889,79.6,13.23,64.9
2026-09-06 12:44:59,17,1256,78.3,13.72,97.6
2026-09-06 12:45:00,116,918,83.1,13.86,28.3
2026-09-06 12:45:01,64,1501,90.2,14.29,56.8
2026-09-06 12:45:02,43,968,79.4,13.61,50.7
2026-09-06 12:45:03,0,2581,87.8,13.36,17.0
2026-09-06 12:45:04,54,2275,78.1,14.29,35.1
2026-09-06 12:45:05,27,856,79.3,13.81,99.0
2026-09-06 12:45:06,54,1170,90.9,13.21,3.9
2026-09-06 12:45:07,119,2404,86.6,14.03,29.5
2026-09-06 12:45:08,92,2394,86.6,13.93,61.6
2026-09-06 12:45:09,114,1963,83.3,13.7,88.6
2026-09-06 12:45:10,77,986,79.8,14.18,84.8
2026-09-06 12:45:11,116,3304,94.4,13.81,47.9
2026-09-06 12:45:12,57,2364,84.6,13.67,86.0
2026-09-06 12:45:13,80,2984,89.6,13.62,71.1
2026-09-06 12:45:14,0,1145,81.0,14.29,10.9
2026-09-06 12:45:15,51,867,92.9,13.44,82.7
2026-09-06 12:45:16,106,3377,83.0,14.28,34.7
2026-09-06 12:45:17,38,1540,79.4,13.44,20.7
2026-09-06 12:45:18,105,2214,90.4,13.34,17.3
2026-09-06 12:45:19,106,3417,76.2,14.34,57.1
2026-09-06 12:45:20,66,2358,88.5,13.5,18.5
2026-09-06 12:45:21,31,1728,81.4,13.66,44.5
2026-09-06 12:45:22,81,2165,84.6,14.05,88.5
2026-09-06 12:45:23,102,2102,93.0,14.28,43.5
2026-09-06 12:45:24,72,831,83.1,14.22,37.2
2026-09-06 12:45:25,99,1453,75.8,14.27,74.1
2026-09-06 12:45:26,115,2547,80.5,14.04,20.2
2026-09-06 12:45:27,97,1010,80.0,13.71,43.6
2026-09-06 12:45:28,51,3055,78.0,13.46,96.8
2026-09-06 12:45:29,13,1439,76.1,14.26,37.4
2026-09-06 12:45:30,33,839,84.0,14.35,72.5
2026-09-06 12:45:31,4,1306,85.9,13.24,59.5
2026-09-06 12:45:32,53,1063,86.3,13.88,18.5
2026-09-06 12:45:33,24,2354,91.7,13.28,28.0
2026-09-06 12:45:34,73,1192,77.7,13.92,39.8
2026-09-06 12:45:35,36,3199,87.7,13.98,44.6
2026-09-06 12:45:36,68,2662,75.7,14.26,89.0
2026-09-06 12:45:37,8,2321,94.9,13.62,60.9
2026-09-06 12:45:38,69,3211,84.4,13.42,49.0
2026-09-06 12:45:39,80,2428,79.8,13.77,15.4
2026-09-06 12:45:40,83,1845,87.8,13.26,69.9
2026-09-06 12:45:41,96,1463,75.6,13.35,13.6
2026-09-06 12:45:42,71,1600,93.7,13.56,59.4
2026-09-06 12:45:43,115,867,87.0,13.78,80.0
2026-09-06 12:45:44,30,2695,84.0,14.24,93.8
2026-09-06 12:45:45,57,954,91.4,13.75,33.2
2026-09-06 12:45:46,70,1976,85.4,13.31,88.2
2026-09-06 12:45:47,15,1027,86.3,14.29,38.1
2026-09-06 12:45:48,103,2447,83.5,13.78,53.3
2026-09-06 12:45:49,49,3352,77.5,14.29,88.8
2026-09-06 12:45:50,8,2582,85.9,13.49,15.7
2026-09-06 12:45:51,76,2135,84.9,13.68,89.2
2026-09-06 12:45:52,85,1222,83.2,13.29,0.2
2026-09-06 12:45:53,109,1498,90.1,13.38,59.7
2026-09-06 12:45:54,66,1475,78.9,13.37,58.6
2026-09-06 12:45:55,17,3314,88.0,14.24,58.6
2026-09-06 12:45:56,5,2501,86.1,14.29,62.1
2026-09-06 12:45:57,46,2441,82.0,14.23,86.9
2026-09-06 12:45:58,54,1673,87.6,13.76,56.5
2026-09-06 12:45:59,63,2590,84.2,13.94,40.6
2026-09-06 12:46:00,71,2602,84.6,14.34,30.0
2026-09-06 12:46:01,82,1682,79.2,13.99,46.6
2026-09-06 12:46:02,107,2879,75.5,13.68,73.1
2026-09-06 12:46:03,80,1161,88.7,13.95,70.5
2026-09-06 12:46:04,48,1600,76.6,13.48,74.8
2026-09-06 12:46:05,2,1757,86.5,13.6,98.3
2026-09-06 12:46:06,34,2450,77.7,13.89,47.9
2026-09-06 12:46:07,97,1694,88.0,14.27,88.7
2026-09-06 12:46:08,71,1910,94.4,13.49,93.6
2026-09-06 12:46:09,40,935,77.5,13.83,14.4
2026-09-06 12:46:10,72,886,91.8,13.56,0.3
2026-09-06 12:46:11,43,2549,77.4,14.21,76.0
2026-09-06 12:46:12,29,1943,82.3,13.9,76.1
2026-09-06 12:46:13,50,1479,77.3,13.4,3.8
2026-09-06 12:46:14,115,3266,83.1,13.86,47.6
2026-09-06 12:46:15,51,2575,78.2,13.36,58.5
2026-09-06 12:46:16,119,940,82.8,14.07,12.4
2026-09-06 12:46:17,43,3089,91.4,13.89,15.8
2026-09-06 12:46:18,32,1798,87.6,13.71,74.4
2026-09-06 12:46:19,83,1169,88.2,14.07,28.5
2026-09-06 12:46:20,102,825,75.5,13.87,58.7
2026-09-06 12:46:21,99,2409,89.9,13.82,67.5
2026-09-06 12:46:22,2,2905,79.3,14.08,83.0
2026-09-06 12:46:23,83,1417,78.6,14.19,48.7
2026-09-06 12:46:24,37,3125,84.0,13.87,15.3
2026-09-06 12:46:25,74,1140,88.3,13.38,30.1
2026-09-06 12:46:26,96,2303,82.9,13.78,95.7
2026-09-06 12:46:27,38,1473,80.0,14.29,95.0
2026-09-06 12:46:28,45,1933,90.4,14.06,61.5
2026-09-06 12:46:29,47,1872,92.4,14.38,30.6
2026-09-06 12:46:30,8,911,80.8,13.22,32.8
2026-09-06 12:46:31,1,2664,93.6,14.24,67.7
2026-09-06 12:46:32,73,3235,86.7,13.92,53.9
2026-09-06 12:46:33,31,1932,88.3,13.54,24.4
2026-09-06 12:46:34,27,3098,77.7,13.64,52.4
2026-09-06 12:46:35,75,3398,87.3,14.01,31.7
2026-09-06 12:46:36,54,3277,92.6,14.05,24.7
2026-09-06 12:46:37,118,892,78.1,14.27,13.1
2026-09-06 12:46:38,113,2275,91.5,13.47,88.0
2026-09-06 12:46:39,52,3185,78.0,14.0,26.6
